company_id,company_name,patent_title,assignee,application_number,grant_number,ipc_code,patent_type,legal_status,publication_date,patent_abstract,abstract_available,technology_field
002230.SZ,科大讯飞,基于线谱频率及其阶间差分参数的频谱建模与语音增强方法,科大讯飞股份有限公司,200610038589X,CN1815552B,G10L13/08(2006.01); G10L13/02(2006.01); G10L13/00(2006.01); G10L21/02(2006.01),授权发明,专利权有效期届满终止,2010-05-12,,False,人工智能
002230.SZ,科大讯飞,一种结合高层描述信息和模型自适应的说话人转换方法,科大讯飞股份有限公司,2006100396803,CN1835074B,G10L13/02(2006.01); G10L13/08(2006.01); G10L13/00(2006.01),授权发明,专利权转移,2010-05-12,,False,人工智能
002230.SZ,科大讯飞,一种在语音合成系统中提升提示音匹配效果的智能方法,科大讯飞股份有限公司,2006100966760,CN1945692B,G10L13/00(2006.01); G10L13/04(2006.01); G10L13/08(2006.01),授权发明,专利权转移,2010-05-12,,False,人工智能
002230.SZ,科大讯飞,语音模糊检索方法及装置,"科大讯飞股份有限公司,清华大学",2009100011645,CN101464896B,G06F17/30(2006.01); G10L15/00(2006.01),授权发明,专利权转移,2010-08-11,,False,人工智能
002230.SZ,科大讯飞,一种个性化歌唱语音的合成方法,科大讯飞股份有限公司,2008101071140,CN101308652B,G10L13/02(2006.01); G10L13/04(2006.01),授权发明,专利权转移,2011-06-29,,False,人工智能
002230.SZ,科大讯飞,一种用于便携音乐娱乐的语音点播装置,科大讯飞股份有限公司,2010206478673,CN201886762U,G11B19/02(2006.01),实用新型,专利权有效期届满终止,2011-06-29,,False,人工智能
002230.SZ,科大讯飞,一种对语调进行评估的方法,科大讯飞股份有限公司,200810225405X,CN101727902B,G10L15/02(2006.01); G10L15/28(2006.01); G10L15/08(2006.01); G09B5/00(2006.01); G09B19/06(2006.01),授权发明,专利权转移,2011-08-10,,False,人工智能
002230.SZ,科大讯飞,一种识别笔,科大讯飞股份有限公司,2011200265606,CN201927201U,G09B5/04(2006.01),实用新型,专利权有效期届满终止,2011-08-10,,False,人工智能
002230.SZ,科大讯飞,一种交互式教学装置,科大讯飞股份有限公司,2011200129796,CN201946138U,G09B5/06(2006.01),实用新型,专利权有效期届满终止,2011-08-24,,False,人工智能
002230.SZ,科大讯飞,基于多特征和多系统融合的发音质量评估和错误检测方法,科大讯飞股份有限公司,2008102254064,CN101727903B,G10L15/06(2006.01); G10L15/08(2006.01); G10L11/00(2006.01),授权发明,专利权转移,2011-10-19,,False,人工智能
002230.SZ,科大讯飞,基于客观标准的自动化口语评估系统,科大讯飞股份有限公司,2009100788682,CN101826263B,G09B7/00(2006.01); G09B19/06(2006.01); G10L15/26(2006.01),授权发明,专利权转移,2012-01-04,,False,人工智能
002230.SZ,科大讯飞,语音评测的噪声补偿方法及装置,科大讯飞股份有限公司,200910222900X,CN101710490B,G10L21/02(2006.01); G10L15/06(2006.01),授权发明,专利权转移,2012-01-04,,False,人工智能
002230.SZ,科大讯飞,基于声学统计模型的单元挑选语音合成方法,科大讯飞股份有限公司,2007101910786,CN101178896B,G10L13/02(2006.01); G10L13/06(2006.01); G10L13/08(2006.01),授权发明,专利权转移,2012-03-28,,False,人工智能
002230.SZ,科大讯飞,一种汉语口语重音自动检测方法,科大讯飞股份有限公司,2008102388779,CN101751919B,G10L11/00(2006.01); G10L15/00(2006.01); G10L15/02(2006.01); G09B19/00(2006.01),授权发明,专利权转移,2012-05-23,,False,人工智能
002230.SZ,科大讯飞,一种用于微波炉的语音交互装置,科大讯飞股份有限公司,2011204271818,CN202281273U,F24C7/08(2006.01); F24C7/02(2006.01),实用新型,专利权有效期届满终止,2012-06-20,,False,人工智能
002230.SZ,科大讯飞,一种通过无线网络进行语音播放的语音玩具终端设备,科大讯飞股份有限公司,2011203949532,CN202289477U,A63H33/00(2006.01); G11C7/16(2006.01); H04W88/02(2009.01),实用新型,专利权有效期届满终止,2012-07-04,,False,人工智能
002230.SZ,科大讯飞,发音指导方法,科大讯飞股份有限公司,2007101458591,CN101105939B,G10L15/00(2006.01); G10L15/08(2006.01); G10L15/10(2006.01); G10L15/06(2006.01); G09B19/04(2006.01); G06F17/00(2006.01),授权发明,专利权转移,2012-07-18,,False,人工智能
002230.SZ,科大讯飞,一种运用计算机对开放式短对话进行交互式评分的方法,科大讯飞股份有限公司,2010105914913,CN102034475B,G10L15/06(2006.01); G10L15/08(2006.01); G10L15/18(2006.01),授权发明,专利权转移,2012-08-15,,False,人工智能
002230.SZ,科大讯飞,基于语谱切分的唱歌评测系统,科大讯飞股份有限公司,2010102329180,CN101894552B,G10L15/06(2006.01); G10L15/14(2006.01); G10L15/08(2006.01); G10L15/02(2006.01); G10H1/36(2006.01),授权发明,专利权转移,2012-09-26,,False,人工智能
002230.SZ,科大讯飞,一种基于智能语音技术的人机互动教学设备,科大讯飞股份有限公司,2011205332378,CN202454097U,G09B5/06(2006.01),实用新型,专利权有效期届满终止,2012-09-26,,False,人工智能
002230.SZ,科大讯飞,一种可声控的智能灯具控制装置,"科大讯飞股份有限公司,深圳市信利康电子有限公司",2011205332397,CN202455597U,H05B37/02(2006.01),实用新型,专利权有效期届满终止,2012-09-26,,False,人工智能
002230.SZ,科大讯飞,一种用于玩具的智能语音操控装置,"科大讯飞股份有限公司,深圳市信利康电子有限公司",2011205332414,CN202446811U,A63H30/00(2006.01); G10L15/26(2006.01),实用新型,专利权有效期届满终止,2012-09-26,,False,人工智能
002230.SZ,科大讯飞,一种可以跟读的儿童智能语音互动手机玩具,"科大讯飞股份有限公司,深圳市信利康电子有限公司",2011205333864,CN202446825U,A63H33/30(2006.01),实用新型,专利权有效期届满终止,2012-09-26,,False,人工智能
002230.SZ,科大讯飞,一种用于家电的语音交互装置,科大讯飞股份有限公司,2011205341273,CN202453859U,G06F3/048(2006.01); G10L13/08(2006.01); G10L15/00(2006.01),实用新型,未缴年费专利权终止,2012-09-26,,False,人工智能
002230.SZ,科大讯飞,叠加手写输入显示方法及系统,科大讯飞股份有限公司,2011100760059,CN102141892B,G06F3/0488(2013.01); G06T11/80(2006.01),授权发明,专利权转移,2013-01-02,,False,人工智能
002230.SZ,科大讯飞,键盘输入与手写输入之间自动切换方法及装置,科大讯飞股份有限公司,201110101171X,CN102184074B,G06F3/0489(2013.01),授权发明,专利权转移,2013-01-02,,False,人工智能
002230.SZ,科大讯飞,实现连续手写识别输入的方法及系统,科大讯飞股份有限公司,2011100760044,CN102156577B,G06F3/041(2006.01),授权发明,专利权转移,2013-05-29,,False,人工智能
002230.SZ,科大讯飞,说话人识别方法及系统,科大讯飞股份有限公司,2011102378529,CN102270451B,G10L17/02(2013.01); G10L17/04(2013.01); G10L17/20(2013.01),授权发明,专利权转移,2013-05-29,,False,人工智能
002230.SZ,科大讯飞,一种可以起名字的装置,科大讯飞股份有限公司,2012206630167,CN202957039U,G10L25/03(2013.01); G10L25/51(2013.01),实用新型,专利权有效期届满终止,2013-05-29,,False,人工智能
002230.SZ,科大讯飞,叠加手写输入的方法及系统,科大讯飞股份有限公司,201110076003X,CN102135836B,G06F3/041(2006.01),授权发明,专利权转移,2013-06-19,,False,人工智能
002230.SZ,科大讯飞,诵读监督方法及装置,科大讯飞股份有限公司,2011101010007,CN102184654B,G09B7/02(2006.01); G10L15/02(2006.01); G10L15/08(2006.01),授权发明,专利权转移,2013-06-19,,False,人工智能
002230.SZ,科大讯飞,支持多模式自动切换的输入方法和输入系统,科大讯飞股份有限公司,201110101100X,CN102193736B,G06F3/023(2006.01); G06F3/0488(2013.01); G06F3/041(2006.01),授权发明,专利权转移,2013-06-26,,False,人工智能
002230.SZ,科大讯飞,一种能够插卡的智能语音识别交互玩具装置,科大讯飞股份有限公司,2012207363820,CN203043559U,A63H33/00(2006.01); G09B19/22(2006.01),实用新型,专利权有效期届满终止,2013-07-10,,False,人工智能
002230.SZ,科大讯飞,实现语音识别中自动添加标点符号的方法及系统,科大讯飞股份有限公司,2011101562093,CN102231278B,G10L15/26(2006.01); G10L15/19(2013.01),授权发明,专利权转移,2013-08-21,,False,人工智能
002230.SZ,科大讯飞,一种手写输入识别方法及系统,科大讯飞股份有限公司,2011101611390,CN102214043B,G06F3/041(2006.01); G06F3/0488(2013.01),授权发明,专利权转移,2013-12-11,,False,人工智能
002230.SZ,科大讯飞,声纹密码认证方法及系统,科大讯飞股份有限公司,2011102180429,CN102238189B,H04L29/06(2006.01); H04L9/32(2006.01); G10L17/08(2013.01),授权发明,专利权转移,2013-12-11,,False,人工智能
002230.SZ,科大讯飞,身份认证方法及系统,科大讯飞股份有限公司,2011102180452,CN102238190B,H04L29/06(2006.01); G10L17/14(2013.01); G10L17/04(2013.01); G10L17/02(2013.01),授权发明,专利权转移,2013-12-11,,False,人工智能
002230.SZ,科大讯飞,一种节拍检测的外接装置,科大讯飞股份有限公司,2012207363731,CN203338145U,G05D3/12(2006.01); H05B37/02(2006.01),实用新型,专利权有效期届满终止,2013-12-11,,False,人工智能
002230.SZ,科大讯飞,一种基于张量子空间分析的说话人识别方法及其装置,科大讯飞股份有限公司,2012102125977,CN102737633B,G10L15/28(2013.01); G10L15/02(2006.01); G10L15/06(2013.01),授权发明,专利权转移,2013-12-25,,False,人工智能
002230.SZ,科大讯飞,一种语音采集装置及带语音采集的电视系统,科大讯飞股份有限公司,2013204974117,CN203457266U,H04N21/422(2011.01); G08C23/04(2006.01),实用新型,专利权有效期届满终止,2014-02-26,,False,人工智能
002230.SZ,科大讯飞,一种字符书写规范度评测的方法和装置,科大讯飞股份有限公司,2012100255834,CN102609735B,G06K9/68(2006.01),授权发明,专利权转移,2014-03-12,,False,人工智能
002230.SZ,科大讯飞,一种手写字识别方法,科大讯飞股份有限公司,2011100710543,CN102103693B,G06K9/20(2006.01),授权发明,未缴年费专利权终止,2014-03-19,,False,人工智能
002230.SZ,科大讯飞,录音结束点检测方法及系统,科大讯飞股份有限公司,2010800677784,CN102971787B,G10L15/10(2006.01),授权发明,专利权转移,2014-04-23,,False,人工智能
002230.SZ,科大讯飞,移动用户访问网站的方法、设备及系统,科大讯飞股份有限公司,2011101562214,CN102223367B,H04L29/06(2006.01); G10L17/00(2013.01),授权发明,专利权转移,2014-04-23,,False,人工智能
002230.SZ,科大讯飞,车载设备多候选POI的控制系统,科大讯飞股份有限公司,2013207057923,CN203595911U,G05B19/04(2006.01),实用新型,避免重复授权放弃专利权,2014-05-14,,False,人工智能
002230.SZ,科大讯飞,一种车载语音处理系统,科大讯飞股份有限公司,2013208637216,CN203721182U,G10L17/22(2013.01),实用新型,专利权有效期届满终止,2014-07-16,,False,人工智能
002230.SZ,科大讯飞,一种语音唤醒装置,科大讯飞股份有限公司,2013208639758,CN203721183U,G10L17/22(2013.01); G10L17/24(2013.01); H04B5/04(2006.01),实用新型,专利权有效期届满终止,2014-07-16,,False,人工智能
002230.SZ,科大讯飞,一种基于声纹识别进行锁定解锁的智能语音玩具装置,科大讯飞股份有限公司,2014200138322,CN203812295U,G07C9/00(2006.01),实用新型,专利权有效期届满终止,2014-09-03,,False,人工智能
002230.SZ,科大讯飞,一种带有语音唤醒的蓝牙装置,科大讯飞股份有限公司,2013208781895,CN203911924U,H04B5/02(2006.01),实用新型,专利权有效期届满终止,2014-10-29,,False,人工智能
002230.SZ,科大讯飞,一种基于语音唤醒技术的开关,科大讯飞股份有限公司,2013208906528,CN203909526U,G05B19/042(2006.01); G10L15/00(2013.01),实用新型,专利权有效期届满终止,2014-10-29,,False,人工智能
002230.SZ,科大讯飞,用于普通话水平测评的系统和方法,科大讯飞股份有限公司,2011104597198,CN102568475B,G10L15/02(2006.01); G10L15/10(2006.01),授权发明,专利权转移,2014-11-26,,False,人工智能
002230.SZ,科大讯飞,语音识别方法和系统,科大讯飞股份有限公司,2012105847462,CN103021412B,G10L15/26(2006.01),授权发明,专利权转移,2014-12-10,,False,人工智能
002230.SZ,科大讯飞,语音识别方法和系统,科大讯飞股份有限公司,201210585431X,CN103000176B,G10L15/26(2006.01),授权发明,专利权转移,2014-12-10,,False,人工智能
002230.SZ,科大讯飞,一种带音箱的电视机顶盒,科大讯飞股份有限公司,2014203377185,CN204013933U,H04N21/41(2011.01),实用新型,专利权有效期届满终止,2014-12-10,,False,人工智能
002230.SZ,科大讯飞,用户个性化信息语音识别方法及系统,科大讯飞股份有限公司,2012105859347,CN103065630B,G10L15/26(2006.01); G10L15/28(2013.01),授权发明,授权,2015-01-07,,False,人工智能
002230.SZ,科大讯飞,字符手写输入候选项优化方法及系统,科大讯飞股份有限公司,2012102247419,CN102750272B,G06F17/27(2006.01); G06F3/0481(2013.01); G06F3/023(2006.01),授权发明,专利权转移,2015-01-14,,False,人工智能
002230.SZ,科大讯飞,在手机上或网页上接收用户输入的文字并实时合成为个性化声音的方法,科大讯飞股份有限公司,2012105786628,CN103065620B,G10L13/10(2013.01); G10L25/78(2013.01); G10L17/00(2013.01); G10L15/08(2006.01),授权发明,专利权转移,2015-01-14,,False,人工智能
002230.SZ,科大讯飞,一种语音合成方法和语音合成系统,科大讯飞股份有限公司,201210575160X,CN103065619B,G10L13/10(2013.01); G10L13/06(2013.01),授权发明,专利权转移,2015-02-04,,False,人工智能
002230.SZ,科大讯飞,一种基于分布式自然韵律优化本地合成方法,科大讯飞股份有限公司,201210585840X,CN103077705B,G10L13/10(2013.01),授权发明,专利权转移,2015-03-04,,False,人工智能
002230.SZ,科大讯飞,电视遥控器（语点）,科大讯飞股份有限公司,2014303873797,CN303143741S,14-03 (9),外观设计,专利权有效期届满终止,2015-03-25,,False,人工智能
002230.SZ,科大讯飞,一种带语音识别功能的行车记录仪,科大讯飞股份有限公司,201420692511X,CN204242251U,G07C5/08(2006.01); G10L15/26(2006.01),实用新型,专利权有效期届满终止,2015-04-01,,False,人工智能
002230.SZ,科大讯飞,一种带声纹识别功能的行车记录仪,科大讯飞股份有限公司,2014206927149,CN204242252U,G07C5/08(2006.01); G10L15/00(2013.01),实用新型,专利权有效期届满终止,2015-04-01,,False,人工智能
002230.SZ,科大讯飞,一种带声纹解锁功能的行车记录仪,科大讯飞股份有限公司,2014206931040,CN204242253U,G07C5/08(2006.01); G10L15/00(2013.01),实用新型,专利权有效期届满终止,2015-04-01,,False,人工智能
002230.SZ,科大讯飞,一种带语音唤醒功能的行车记录仪,科大讯飞股份有限公司,2014206931055,CN204242254U,G07C5/08(2006.01); G10L15/26(2006.01),实用新型,专利权有效期届满终止,2015-04-01,,False,人工智能
002230.SZ,科大讯飞,一种通过USB2.0接口实现高清视频信号传输装置,科大讯飞股份有限公司,2014207012594,CN204244373U,H04N7/18(2006.01); H04N5/765(2006.01),实用新型,专利权有效期届满终止,2015-04-01,,False,人工智能
002230.SZ,科大讯飞,一种在线卡拉OK伴奏、人声与字幕的同步方法,科大讯飞股份有限公司,2012104841331,CN102982832B,G11B27/10(2006.01),授权发明,专利权转移,2015-05-27,,False,人工智能
002230.SZ,科大讯飞,一种带差分降噪阵列的麦克风装置,科大讯飞股份有限公司,2014207844088,CN204362303U,H04R19/04(2006.01),实用新型,专利权有效期届满终止,2015-05-27,,False,人工智能
002230.SZ,科大讯飞,带图形用户界面的手机,科大讯飞股份有限公司,2014305065535,CN303226048S,14-03 (10);14-04 (10),外观设计,专利权有效期届满终止,2015-05-27,,False,人工智能
002230.SZ,科大讯飞,广电智能语音遥控器（1）,科大讯飞股份有限公司,2014305260025,CN303226062S,14-03 (10),外观设计,专利权有效期届满终止,2015-05-27,,False,人工智能
002230.SZ,科大讯飞,一种家庭语音处理系统,科大讯飞股份有限公司,2014204234422,CN204390737U,G10L15/20(2006.01),实用新型,专利权有效期届满终止,2015-06-10,,False,人工智能
002230.SZ,科大讯飞,一种车载语音控制蓝牙通话设备,科大讯飞股份有限公司,2014207618072,CN204392384U,H04M1/725(2006.01); G10L15/26(2006.01),实用新型,专利权有效期届满终止,2015-06-10,,False,人工智能
002230.SZ,科大讯飞,检测口语考试作弊的方法及系统,科大讯飞股份有限公司,2012105909647,CN103065642B,G10L25/06(2013.01); G10L15/07(2013.01),授权发明,专利权转移,2015-06-17,,False,人工智能
002230.SZ,科大讯飞,一种电信运营商垃圾短信处理系统及处理方法,"科大讯飞股份有限公司,清华大学",2012105929208,CN103024746B,H04W12/12(2009.01); G06F17/30(2006.01),授权发明,专利权转移,2015-06-17,,False,人工智能
002230.SZ,科大讯飞,一种基于语音搜索及控制的智能云音箱,科大讯飞股份有限公司,2014205932915,CN204408597U,H04R1/20(2006.01),实用新型,专利权有效期届满终止,2015-06-17,,False,人工智能
002230.SZ,科大讯飞,音频信号处理装置,科大讯飞股份有限公司,2015201121751,CN204406122U,G05B19/042(2006.01),实用新型,专利权有效期届满终止,2015-06-17,,False,人工智能
002230.SZ,科大讯飞,带图形用户界面的手机,科大讯飞股份有限公司,2014305076807,CN303348015S,14-03 (10);14-04 (10),外观设计,专利权有效期届满终止,2015-08-26,,False,人工智能
002230.SZ,科大讯飞,广电智能语音遥控器（2）,科大讯飞股份有限公司,2014305260542,CN303348030S,14-03 (10),外观设计,专利权有效期届满终止,2015-08-26,,False,人工智能
002230.SZ,科大讯飞,一种特定人语音合成技术在手机漫画配音中的应用方法,科大讯飞股份有限公司,2012105793142,CN103117057B,G10L13/033(2013.01); G10L13/08(2013.01); G10L17/04(2013.01),授权发明,专利权转移,2015-10-21,,False,人工智能
002230.SZ,科大讯飞,带语音功能的车机,科大讯飞股份有限公司,2015301671507,CN303508585S,14-03 (10);10-05 (10),外观设计,专利权有效期届满终止,2015-12-16,,False,人工智能
002230.SZ,科大讯飞,语音查询方法及系统,科大讯飞股份有限公司,2012105909717,CN103092928B,G06F17/30(2006.01),授权发明,专利权转移,2015-12-23,,False,人工智能
002230.SZ,科大讯飞,自动驾驶系统及方法,科大讯飞股份有限公司,2014103101184,CN104064050B,G08G1/0967(2006.01),授权发明,授权,2015-12-30,,False,人工智能
002230.SZ,科大讯飞,电视助手语音遥控器,科大讯飞股份有限公司,2015303445568,CN303532166S,14-03 (10),外观设计,专利权有效期届满终止,2015-12-30,,False,人工智能
002230.SZ,科大讯飞,语种识别系统中声学特征提取方法及装置,科大讯飞股份有限公司,2013105530809,CN103559879B,G10L15/02(2006.01); G10L25/00(2013.01),授权发明,专利权转移,2016-01-06,,False,人工智能
002230.SZ,科大讯飞,带有语音搜索用户界面的手机,科大讯飞股份有限公司,2015302306178,CN303542296S,14-03 (10);14-04 (10),外观设计,专利权有效期届满终止,2016-01-06,,False,人工智能
002230.SZ,科大讯飞,一种适用于听力障碍人士的辅助装置,科大讯飞股份有限公司,2015207471532,CN204993862U,H04R25/00(2006.01),实用新型,专利权有效期届满终止,2016-01-20,,False,人工智能
002230.SZ,科大讯飞,口语评测方法及系统,科大讯飞股份有限公司,2013105547034,CN103559892B,G10L25/03(2013.01); G10L25/51(2013.01); G10L15/00(2013.01),授权发明,授权,2016-02-17,,False,人工智能
002230.SZ,科大讯飞,开心熊宝早教机器人,科大讯飞股份有限公司,2015300076947,CN303596417S,14-01 (10),外观设计,专利权有效期届满终止,2016-02-24,,False,人工智能
002230.SZ,科大讯飞,一种同屏播放高清视频的系统,科大讯飞股份有限公司,2015210100010,CN205179262U,H04N7/18(2006.01),实用新型,专利权有效期届满终止,2016-04-20,,False,人工智能
002230.SZ,科大讯飞,音箱,"北京京东尚科信息技术有限公司,科大讯飞股份有限公司",2015304775283,CN303647637S,14-01(10),外观设计,专利权有效期届满终止,2016-04-20,,False,人工智能
002230.SZ,科大讯飞,全屏手写识别输入方法及系统,科大讯飞股份有限公司,2012102246524,CN102750106B,G06F3/0488(2013.01),授权发明,专利权转移,2016-05-18,,False,人工智能
002230.SZ,科大讯飞,歌唱合成中基频参数生成方法及系统,科大讯飞股份有限公司,2013103368966,CN103456295B,G10L13/02(2013.01),授权发明,授权,2016-05-18,,False,人工智能
002230.SZ,科大讯飞,语音识别方法及系统,科大讯飞股份有限公司,2013103350500,CN103440867B,G10L15/30(2013.01),授权发明,授权,2016-08-10,,False,人工智能
002230.SZ,科大讯飞,实现语音命令控制的方法、设备及系统,科大讯飞股份有限公司,2013103628380,CN103474068B,G10L15/26(2006.01); G06F3/16(2006.01); G06F13/10(2006.01),授权发明,授权,2016-08-10,,False,人工智能
002230.SZ,科大讯飞,实现多模式同步输入的方法及系统,科大讯飞股份有限公司,2013105540675,CN103558943B,G06F3/041(2006.01); G06F3/02(2006.01); G06F3/0484(2013.01); G06F3/0488(2013.01),授权发明,授权,2016-08-17,,False,人工智能
002230.SZ,科大讯飞,语音信号传输方法及系统,科大讯飞股份有限公司,2013103617831,CN103474067B,G10L19/005(2013.01); G10L13/02(2013.01),授权发明,授权,2016-08-24,,False,人工智能
002230.SZ,科大讯飞,车载设备多候选POI的控制系统及方法,科大讯飞股份有限公司,2013105530476,CN103592862B,G05B19/04(2006.01),授权发明,授权,2016-08-24,,False,人工智能
002230.SZ,科大讯飞,语音导航方法及系统,科大讯飞股份有限公司,2013106117349,CN103700369B,G10L15/22(2006.01); G10L15/18(2013.01); G10L15/06(2013.01); G10L15/08(2006.01),授权发明,授权,2016-08-31,,False,人工智能
002230.SZ,科大讯飞,实现黏着语文本韵律短语划分的方法及系统,科大讯飞股份有限公司,2013106302104,CN103700367B,G10L13/10(2013.01),授权发明,授权,2016-08-31,,False,人工智能
002230.SZ,科大讯飞,一种虚拟键盘自适应应用主题的方法及系统,科大讯飞股份有限公司,2013106891429,CN103677640B,G06F3/0488(2013.01),授权发明,授权,2016-08-31,,False,人工智能
002230.SZ,科大讯飞,提高口语评测性能的方法及系统,科大讯飞股份有限公司,2013105533830,CN103594087B,G10L15/26(2006.01); G10L25/03(2013.01); G10L25/48(2013.01),授权发明,授权,2016-10-12,,False,人工智能
002230.SZ,科大讯飞,一种通过声纹识别进行汽车驾驶个性化设置的方法,科大讯飞股份有限公司,2013107237899,CN103761462B,G06F21/32(2013.01); G10L17/22(2013.01); B60R25/00(2013.01),授权发明,授权,2016-10-12,,False,人工智能
002230.SZ,科大讯飞,一种输入模式识别方法及系统,科大讯飞股份有限公司,2013107377466,CN103713820B,G06F3/0484(2013.01); G06F3/0488(2013.01),授权发明,授权,2016-10-12,,False,人工智能
002230.SZ,科大讯飞,基于台标位置的电视广告检测方法及系统,科大讯飞股份有限公司,2013106879107,CN103714350B,G06K9/64(2006.01); G06F17/30(2006.01),授权发明,授权,2016-11-02,,False,人工智能
002230.SZ,科大讯飞,语音库生成设备及其方法、语音合成系统及其方法,科大讯飞股份有限公司,2012100912408,CN102779508B,G10L13/00(2006.01); G06F17/21(2006.01); G06F17/27(2006.01); G06F17/30(2006.01),授权发明,授权,2016-11-09,,False,人工智能
002230.SZ,科大讯飞,营业厅服务机器人,科大讯飞股份有限公司,2016301121592,CN303912727S,15-99(10),外观设计,专利权转移,2016-11-16,,False,人工智能
002230.SZ,科大讯飞,一种教学设备与资源的监测方法及装置,科大讯飞股份有限公司,2012104173763,CN102930394B,G06Q10/06(2012.01); G06Q50/20(2012.01),授权发明,专利权转移,2016-12-21,,False,人工智能
002230.SZ,科大讯飞,语音信号发送方法及系统、接收方法及系统,科大讯飞股份有限公司,2013103620247,CN103474075B,G10L19/005(2013.01),授权发明,授权,2016-12-28,,False,人工智能
002230.SZ,科大讯飞,语种无关的关键词检索方法及系统,科大讯飞股份有限公司,2013105546671,CN103559289B,G06F17/30(2006.01),授权发明,授权,2017-01-18,,False,人工智能
002230.SZ,科大讯飞,一种业务趋势预测方法及系统,"科大讯飞股份有限公司,清华大学",2013106116647,CN103678514B,G06F17/30(2006.01),授权发明,专利权转移,2017-01-18,,False,人工智能
002230.SZ,科大讯飞,来电联系人信息的语音播报方法、装置及系统,科大讯飞股份有限公司,2015100016362,CN104506737B,H04M1/725(2006.01),授权发明,授权,2017-02-22,,False,人工智能
002230.SZ,科大讯飞,自然语言理解系统及方法,"科大讯飞股份有限公司,清华大学",2013103162624,CN103440234B,G06F17/27(2006.01),授权发明,授权,2017-03-01,,False,人工智能
002230.SZ,科大讯飞,一种语音录入方法及系统,科大讯飞股份有限公司,2014102653939,CN104078076B,G11C7/16(2006.01); G10L25/87(2013.01),授权发明,授权,2017-04-05,,False,人工智能
002230.SZ,科大讯飞,用于文字性客观题的智能阅卷方法及系统,科大讯飞股份有限公司,2014104728183,CN104268603B,G06K9/68(2006.01); G09B7/02(2006.01),授权发明,授权,2017-04-12,,False,人工智能
002230.SZ,科大讯飞,实现音频文件重复模式发现的系统和方法,"科大讯飞股份有限公司,清华大学",201310334235X,CN103440270B,G06F17/30(2006.01),授权发明,授权,2017-06-09,,False,人工智能
002230.SZ,科大讯飞,一种负载均衡方法及负载均衡器,科大讯飞股份有限公司,2014101870952,CN103945000B,H04L29/08(2006.01),授权发明,授权,2017-06-13,,False,人工智能
002230.SZ,科大讯飞,实现个性化多模式输入的方法及系统,科大讯飞股份有限公司,2014100301282,CN104793727B,G06F3/01(2006.01),授权发明,授权,2017-08-25,,False,人工智能
002230.SZ,科大讯飞,语音合成中文本分词方法及系统,科大讯飞股份有限公司,2014101539086,CN103942190B,G06F17/27(2006.01),授权发明,授权,2017-08-25,,False,人工智能
002230.SZ,科大讯飞,一种组件部署系统及方法,科大讯飞股份有限公司,2014102653943,CN104077131B,G06F9/44(2006.01),授权发明,授权,2017-08-25,,False,人工智能
002230.SZ,科大讯飞,身份识别方法及系统,科大讯飞股份有限公司,2015100521893,CN104598796B,G06F21/32(2013.01),授权发明,授权,2017-08-25,,False,人工智能
002230.SZ,科大讯飞,模仿音相似度的检测方法和装置,科大讯飞股份有限公司,2014106284897,CN104299612B,G10L15/08(2006.01); G10L25/78(2013.01),授权发明,授权,2017-11-07,,False,人工智能
002230.SZ,科大讯飞,通过语音进行查号的方法及装置,科大讯飞股份有限公司,2014106743065,CN104469029B,H04M3/50(2006.01); G10L15/26(2006.01),授权发明,授权,2017-11-07,,False,人工智能
002230.SZ,科大讯飞,互动式语音应答IVR可视化流程的开发系统及方法,科大讯飞股份有限公司,2014107130928,CN104410637B,H04L29/06(2006.01); H04M3/493(2006.01),授权发明,专利权转移,2018-01-05,,False,人工智能
002230.SZ,科大讯飞,一种移动终端客户服务快捷回复方法及系统,科大讯飞股份有限公司,2015104066267,CN104932794B,G06F3/0484(2013.01); G06F3/0486(2013.01); G06F3/0482(2013.01),授权发明,授权,2018-01-12,,False,人工智能
002230.SZ,科大讯飞,发音韵律问题的检测方法及装置,科大讯飞股份有限公司,2014106742946,CN104464751B,G10L25/03(2013.01); G10L25/78(2013.01),授权发明,授权,2018-01-16,,False,人工智能
002230.SZ,科大讯飞,语音评测方法和装置,科大讯飞股份有限公司,2014107231098,CN104464755B,G10L25/60(2013.01); G10L15/26(2006.01),授权发明,授权,2018-01-16,,False,人工智能
002230.SZ,科大讯飞,实现连续通讯的方法及装置,科大讯飞股份有限公司,2014107230409,CN104539777B,H04M1/26(2006.01); H04M1/64(2006.01),授权发明,授权,2018-01-30,,False,人工智能
002230.SZ,科大讯飞,用于语音识别的深度神经网络的构建方法及系统,科大讯飞股份有限公司,2013107554009,CN104751227B,G06N3/08(2006.01); G10L15/16(2006.01); G10L15/06(2013.01); G10L25/30(2013.01),授权发明,授权,2018-03-06,,False,人工智能
002230.SZ,科大讯飞,藏语方言识别方法及系统,"国家计算机网络与信息安全管理中心,科大讯飞股份有限公司",2014102808681,CN104036774B,G10L15/06(2013.01); G10L15/26(2006.01),授权发明,授权,2018-03-06,,False,人工智能
002230.SZ,科大讯飞,实现来电原因自动分类的方法及装置,科大讯飞股份有限公司,2014108536888,CN104462600B,G06F17/30(2006.01); G06F17/27(2006.01); G10L15/26(2006.01),授权发明,授权,2018-04-17,,False,人工智能
002230.SZ,科大讯飞,用于音箱的布网筒、音箱主机及音箱,"北京京东尚科信息技术有限公司,科大讯飞股份有限公司",2017209818768,CN207304871U,H04R1/20(2006.01),实用新型,专利权转移,2018-05-01,,False,人工智能
002230.SZ,科大讯飞,基于电视场景及语音助手的语音切换方法及系统,科大讯飞股份有限公司,2014106342534,CN104363517B,H04N21/472(2011.01); H04N21/439(2011.01); H04N21/435(2011.01),授权发明,授权,2018-05-11,,False,人工智能
002230.SZ,科大讯飞,一种实现合成语音增强的方法及系统,科大讯飞股份有限公司,2014101828866,CN105023574B,G10L15/06(2013.01); G10L21/02(2013.01),授权发明,授权,2018-06-15,,False,人工智能
002230.SZ,科大讯飞,基于电视场景状态及语音助手的语音辅助方法及系统,科大讯飞股份有限公司,2014106342869,CN104506901B,H04N21/41(2011.01); H04N21/422(2011.01); H04N21/439(2011.01),授权发明,授权,2018-06-15,,False,人工智能
002230.SZ,科大讯飞,一种超声波通讯编码方法及系统,科大讯飞股份有限公司,2015100237670,CN104639287B,H04L1/00(2006.01),授权发明,授权,2018-06-15,,False,人工智能
002230.SZ,科大讯飞,一种预测音乐对驾驶员行为影响的系统和方法,科大讯飞股份有限公司,2015107296504,CN105232064B,A61B5/18(2006.01); A61B5/0205(2006.01),授权发明,授权,2018-06-26,,False,人工智能
002230.SZ,科大讯飞,第三方应用的语音识别实现方法和系统,科大讯飞股份有限公司,2015103342397,CN104899087B,G06F9/46(2006.01),授权发明,授权,2018-08-24,,False,人工智能
002230.SZ,科大讯飞,喇叭网的加工装置及加工方法,"北京京东尚科信息技术有限公司,科大讯飞股份有限公司",201510622385X,CN105149963B,B23P23/04(2006.01); B23P15/00(2006.01),授权发明,专利权转移,2018-08-28,,False,人工智能
002230.SZ,科大讯飞,麦克风安装结构及包括该安装结构的麦克风组件和音箱,"北京京东尚科信息技术有限公司,科大讯飞股份有限公司",2015103824239,CN105142052B,H04R1/08(2006.01),授权发明,专利权转移,2018-09-11,,False,人工智能
002230.SZ,科大讯飞,基于电视场景及语音助手的语音交互辅助方法及系统,科大讯飞股份有限公司,2014106341743,CN104506944B,H04N21/472(2011.01); H04N21/439(2011.01); H04N21/435(2011.01),授权发明,授权,2018-09-21,,False,人工智能
002230.SZ,科大讯飞,基于原声检索技术的自动彩铃检测方法及系统,科大讯飞股份有限公司,2014106532859,CN104320549B,H04M3/42(2006.01),授权发明,授权,2018-09-21,,False,人工智能
002230.SZ,科大讯飞,滑行输入方法、装置及终端设备,科大讯飞股份有限公司,2015106005446,CN105260113B,G06F3/0488(2013.01),授权发明,授权,2018-09-21,,False,人工智能
002230.SZ,科大讯飞,喇叭网的加工装置及加工方法,"北京京东尚科信息技术有限公司,科大讯飞股份有限公司",2015103816228,CN105127285B,B21D31/04(2006.01); G10K9/12(2006.01),授权发明,专利权转移,2018-10-12,,False,人工智能
002230.SZ,科大讯飞,一种实现声音转换的方法及系统,科大讯飞股份有限公司,2014101825177,CN105023570B,G10L13/02(2013.01); G10L15/02(2006.01),授权发明,授权,2018-11-27,,False,人工智能
002230.SZ,科大讯飞,触屏终端中触摸键盘的控制方法和装置,科大讯飞股份有限公司,2014108398708,CN104571915B,G06F3/0488(2013.01); G06F3/0484(2013.01); G06F9/451(2018.01),授权发明,授权,2018-11-27,,False,人工智能
002230.SZ,科大讯飞,歌唱合成系统中基频合成参数生成方法及系统,科大讯飞股份有限公司,201410005732X,CN104766602B,G10L13/02(2013.01),授权发明,授权,2019-01-18,,False,人工智能
002230.SZ,科大讯飞,哼唱检索方法及系统,科大讯飞股份有限公司,2014101491462,CN104978962B,G10L15/08(2006.01); G10L15/02(2006.01),授权发明,授权,2019-01-18,,False,人工智能
002230.SZ,科大讯飞,基于电视场景元素及语音助手的语音交互辅助方法及系统,科大讯飞股份有限公司,2014106342820,CN104506906B,H04N21/422(2011.01); G10L15/26(2006.01),授权发明,专利权转移,2019-01-18,,False,人工智能
002230.SZ,科大讯飞,复调乐器音符定位方法和装置,科大讯飞股份有限公司,2015104318978,CN105118490B,G10H1/00(2006.01); G10H1/10(2006.01); G10H7/00(2006.01),授权发明,授权,2019-01-18,,False,人工智能
002230.SZ,科大讯飞,组装治具,"北京京东尚科信息技术有限公司,科大讯飞股份有限公司",2018208396778,CN208438253U,B25B11/02(2006.01),实用新型,专利权转移,2019-01-29,,False,人工智能
002230.SZ,科大讯飞,音频采集系统板和电子设备,"北京京东尚科信息技术有限公司,科大讯飞股份有限公司",2018205673656,CN208522975U,H04R3/00(2006.01),实用新型,专利权转移,2019-02-19,,False,人工智能
002230.SZ,科大讯飞,一种藏语声调预测方法及系统,科大讯飞股份有限公司,2015103327946,CN106294311B,G06F17/27(2006.01),授权发明,授权,2019-03-19,,False,人工智能
002230.SZ,科大讯飞,副歌检测方法及系统,科大讯飞股份有限公司,2015108106441,CN105280196B,G10L25/18(2013.01); G10L25/21(2013.01); G10L25/51(2013.01),授权发明,授权,2019-03-19,,False,人工智能
002230.SZ,科大讯飞,歌唱环境的灯光控制方法和装置,科大讯飞股份有限公司,201610452257X,CN106132040B,H05B37/02(2006.01); G10L25/63(2013.01),授权发明,授权,2019-03-19,,False,人工智能
002230.SZ,科大讯飞,基于视频特征的电视信息提供方法及系统,科大讯飞股份有限公司,2013103545496,CN103475911B,H04N21/258(2011.01); H04N21/24(2011.01); H04N21/43(2011.01); H04N21/462(2011.01); H04N21/472(2011.01),授权发明,授权,2019-04-05,,False,人工智能
002230.SZ,科大讯飞,实现任意方向书写文本行切分的方法及系统,科大讯飞股份有限公司,2014100382222,CN104809483B,G06K9/68(2006.01); G06K9/00(2006.01),授权发明,授权,2019-04-05,,False,人工智能
002230.SZ,科大讯飞,一种口语评测方法及系统,科大讯飞股份有限公司,2014101393050,CN104978971B,G10L25/03(2013.01); G10L25/51(2013.01),授权发明,授权,2019-04-05,,False,人工智能
002230.SZ,科大讯飞,面向深度学习业务的加速装置及方法,科大讯飞股份有限公司,2016104833653,CN106156851B,G06N3/08(2006.01),授权发明,授权,2019-04-05,,False,人工智能
002230.SZ,科大讯飞,一种基于在线手写的交互方法及系统,科大讯飞股份有限公司,2015105247734,CN105022843B,G06F16/16(2019.01),授权发明,授权,2019-05-24,,False,人工智能
002230.SZ,科大讯飞,确定文本焦点的方法及系统,科大讯飞股份有限公司,2015100967777,CN105988978B,G06F17/21(2006.01); G06F17/27(2006.01),授权发明,授权,2019-05-28,,False,人工智能
002230.SZ,科大讯飞,热点信息发现方法及系统,"科大讯飞股份有限公司,清华大学",2015101377739,CN106156041B,G06F16/2458(2019.01); G06F17/27(2006.01),授权发明,授权,2019-05-28,,False,人工智能
002230.SZ,科大讯飞,个性化视频生成方法及系统,科大讯飞股份有限公司,2015104677237,CN105118082B,G06T15/00(2011.01); G06T7/00(2017.01); G06K9/62(2006.01); G06T17/00(2006.01),授权发明,授权,2019-05-28,,False,人工智能
002230.SZ,科大讯飞,语音播放方法及装置,科大讯飞股份有限公司,2015107577866,CN105405439B,G10L15/02(2006.01); G10L15/05(2013.01); G10L15/08(2006.01); G10L15/26(2006.01); G10L17/04(2013.01); G10L21/0264(2013.01); G10L21/0316(2013.01),授权发明,授权,2019-07-05,,False,人工智能
002230.SZ,科大讯飞,一种获得识别模型的方法及装置,科大讯飞股份有限公司,2014104728323,CN105488543B,G06K9/68(2006.01),授权发明,授权,2019-07-09,,False,人工智能
002230.SZ,科大讯飞,原生界面适配方法、装置及应用其的电子设备,"科大讯飞股份有限公司,天津讯飞信息科技有限公司",2014107272168,CN105653254B,G06F9/451(2018.01),授权发明,授权,2019-07-09,,False,人工智能
002230.SZ,科大讯飞,伪随机声纹密码文本生成方法及系统,科大讯飞股份有限公司,2015101008560,CN105991290B,H04L9/32(2006.01); G10L17/00(2013.01),授权发明,授权,2019-07-09,,False,人工智能
002230.SZ,科大讯飞,一种判断说话人数目的方法及系统,科大讯飞股份有限公司,2015106772378,CN105161093B,G10L15/02(2006.01); G10L15/14(2006.01); G10L17/02(2013.01),授权发明,授权,2019-07-09,,False,人工智能
002230.SZ,科大讯飞,一种实现语音歌唱化的方法和装置,科大讯飞股份有限公司,2012105917770,CN103915093B,G10L15/04(2013.01); G10L15/26(2006.01); G10L15/28(2013.01),授权发明,授权,2019-07-30,,False,人工智能
002230.SZ,科大讯飞,基于电视终端视频节目的用户收视行为分析方法及系统,科大讯飞股份有限公司,2013103545585,CN103442262B,H04N21/258(2011.01); H04N21/437(2011.01),授权发明,授权,2019-07-30,,False,人工智能
002230.SZ,科大讯飞,声纹密码文本生成方法及系统,科大讯飞股份有限公司,2015101001966,CN105991288B,H04L9/32(2006.01); G10L17/00(2013.01),授权发明,授权,2019-07-30,,False,人工智能
002230.SZ,科大讯飞,文本语义理解方法及系统,科大讯飞股份有限公司,2015101591022,CN106156110B,G06F16/903(2019.01); G06F17/22(2006.01),授权发明,授权,2019-07-30,,False,人工智能
002230.SZ,科大讯飞,一种多语种混语文本处理方法及系统,科大讯飞股份有限公司,2015102787266,CN106297764B,G10L13/08(2013.01); G10L25/48(2013.01),授权发明,授权,2019-07-30,,False,人工智能
002230.SZ,科大讯飞,复调乐器的评分方法和装置,科大讯飞股份有限公司,2015104284505,CN105070298B,G10L25/51(2013.01),授权发明,授权,2019-07-30,,False,人工智能
002230.SZ,科大讯飞,一种音效处理方法及装置,科大讯飞股份有限公司,2014104728535,CN105405448B,G10L25/48(2013.01); G10L25/93(2013.01); G10H1/36(2006.01),授权发明,授权,2019-09-03,,False,人工智能
002230.SZ,科大讯飞,网络实体热度分析方法及系统,"科大讯飞股份有限公司,清华大学",201510091477X,CN105989143B,G06F16/9535(2019.01),授权发明,授权,2019-09-03,,False,人工智能
002230.SZ,科大讯飞,本体信息查询方法及系统,"科大讯飞股份有限公司,清华大学",2015102056595,CN106156238B,G06F16/36(2019.01); G06F16/31(2019.01),授权发明,授权,2019-09-03,,False,人工智能
002230.SZ,科大讯飞,确定文本语音单元的方法及系统,科大讯飞股份有限公司,2015102277422,CN106205601B,G10L13/08(2013.01); G10L13/10(2013.01); G10L15/18(2013.01); G10L15/187(2013.01); G10L15/26(2006.01); G10L25/90(2013.01),授权发明,授权,2019-09-03,,False,人工智能
002230.SZ,科大讯飞,语音合成装置及方法,科大讯飞股份有限公司,2015106078201,CN105304080B,G10L13/02(2013.01),授权发明,授权,2019-09-03,,False,人工智能
002230.SZ,科大讯飞,外语写作自动纠错方法及系统,科大讯飞股份有限公司,2015106916389,CN106610930B,G06F17/27(2006.01),授权发明,授权,2019-09-03,,False,人工智能
002230.SZ,科大讯飞,实现语音自动分类的方法及系统,科大讯飞股份有限公司,2015107528713,CN105427858B,G10L15/02(2006.01); G10L15/08(2006.01); G10L15/26(2006.01),授权发明,授权,2019-09-03,,False,人工智能
002230.SZ,科大讯飞,实时字幕显示方法及系统,科大讯飞股份有限公司,2016107995397,CN106331893B,H04N21/488(2011.01); G10L21/10(2013.01),授权发明,授权,2019-09-03,,False,人工智能
002230.SZ,科大讯飞,一种并行计算资源分配方法及装置,科大讯飞股份有限公司,2016108750240,CN106506594B,H04L29/08(2006.01),授权发明,授权,2019-09-03,,False,人工智能
002230.SZ,科大讯飞,一种电话录音数据的处理方法及系统,科大讯飞股份有限公司,2012102827289,CN103578470B,G10L15/08(2006.01); G10L15/20(2006.01); G10L15/02(2006.01),授权发明,授权,2019-10-18,,False,人工智能
002230.SZ,科大讯飞,一种发音检错方法及装置,科大讯飞股份有限公司,2014106096493,CN105632515B,G10L25/03(2013.01); G10L25/78(2013.01),授权发明,授权,2019-10-18,,False,人工智能
002230.SZ,科大讯飞,一种基频建模方法及系统,科大讯飞股份有限公司,2015101951206,CN106157948B,G10L13/08(2013.01),授权发明,授权,2019-10-18,,False,人工智能
002230.SZ,科大讯飞,语音识别文本处理方法及系统,科大讯飞股份有限公司,2015104505866,CN106373558B,G10L15/00(2013.01); G10L15/26(2006.01),授权发明,授权,2019-10-18,,False,人工智能
002230.SZ,科大讯飞,喇叭网的加工成型装置及方法,"北京京东尚科信息技术有限公司,科大讯飞股份有限公司",2015106227761,CN105149427B,B21D31/04(2006.01); B21D39/20(2006.01); B21D37/10(2006.01),授权发明,授权,2019-10-18,,False,人工智能
002230.SZ,科大讯飞,音视频字幕生成方法及装置,科大讯飞股份有限公司,201510629172X,CN105244022B,G10L15/00(2013.01); G10L15/26(2006.01),授权发明,授权,2019-10-18,,False,人工智能
002230.SZ,科大讯飞,声音转换方法和装置,科大讯飞股份有限公司,2015106763044,CN105390141B,G10L21/007(2013.01); G10L25/18(2013.01),授权发明,授权,2019-10-18,,False,人工智能
002230.SZ,科大讯飞,口考作弊检测方法和装置,科大讯飞股份有限公司,2016104249065,CN105931632B,G10L15/02(2006.01); G10L15/08(2006.01); G10L15/26(2006.01),授权发明,授权,2019-10-18,,False,人工智能
002230.SZ,科大讯飞,端到端建模方法及系统,科大讯飞股份有限公司,2016110702442,CN108122035B,G06N20/00(2019.01); G10L15/06(2013.01),授权发明,授权,2019-10-18,,False,人工智能
002230.SZ,科大讯飞,基于可编程逻辑器件的板卡电路和计算机设备,科大讯飞股份有限公司,2017102893654,CN107102962B,G06F13/40(2006.01); G06F13/42(2006.01); G06F15/78(2006.01); G06F1/20(2006.01),授权发明,授权,2019-10-18,,False,人工智能
002230.SZ,科大讯飞,深度神经网络的优化方法及系统,科大讯飞股份有限公司,2013107554028,CN104751842B,G10L15/16(2006.01),授权发明,授权,2019-11-15,,False,人工智能
002230.SZ,科大讯飞,哼唱检索方法及系统,科大讯飞股份有限公司,2014106198675,CN105630831B,G06F16/632(2019.01); G06F16/68(2019.01),授权发明,授权,2019-11-15,,False,人工智能
002230.SZ,科大讯飞,基于电视频道的广告回放方法及系统,科大讯飞股份有限公司,2014106342638,CN104506899B,H04N21/2668(2011.01); H04N21/443(2011.01),授权发明,授权,2019-11-15,,False,人工智能
002230.SZ,科大讯飞,一种发音检测方法及装置,科大讯飞股份有限公司,2014106923782,CN105609114B,G10L25/03(2013.01); G10L25/78(2013.01),授权发明,授权,2019-11-15,,False,人工智能
002230.SZ,科大讯飞,提高合成语音韵律自然度的方法及系统,科大讯飞股份有限公司,2015100384542,CN105895075B,G10L13/10(2013.01),授权发明,授权,2019-11-15,,False,人工智能
002230.SZ,科大讯飞,一种语音合成方法及系统,科大讯飞股份有限公司,2015100392322,CN105895076B,G10L13/10(2013.01),授权发明,授权,2019-11-15,,False,人工智能
002230.SZ,科大讯飞,客观题智能阅卷方法及系统,科大讯飞股份有限公司,2015100914799,CN105989347B,G06K9/00(2006.01); G06K9/54(2006.01),授权发明,授权,2019-11-15,,False,人工智能
002230.SZ,科大讯飞,声纹密码认证方法及系统,科大讯飞股份有限公司,2015101217208,CN106033670B,G10L17/02(2013.01); G10L17/04(2013.01),授权发明,授权,2019-11-15,,False,人工智能
002230.SZ,科大讯飞,一种新词发现方法及系统,科大讯飞股份有限公司,2015101218554,CN106033462B,G06F16/35(2019.01),授权发明,授权,2019-11-15,,False,人工智能
002230.SZ,科大讯飞,一种唱歌评测方法及系统,科大讯飞股份有限公司,2015101692659,CN106157977B,G10L25/69(2013.01); G10L25/90(2013.01); G10L25/45(2013.01); G10L25/18(2013.01),授权发明,授权,2019-11-15,,False,人工智能
002230.SZ,科大讯飞,语音合成方法及系统,科大讯飞股份有限公司,2015103057646,CN106297766B,G10L13/10(2013.01); G10L13/08(2013.01); G10L25/69(2013.01); G10L25/03(2013.01),授权发明,授权,2019-11-15,,False,人工智能
002230.SZ,科大讯飞,一种语音识别方法及系统,"科大讯飞股份有限公司,讯飞智元信息科技有限公司",2015104479626,CN106384587B,G10L15/02(2006.01); G10L15/06(2013.01),授权发明,授权,2019-11-15,,False,人工智能
002230.SZ,科大讯飞,一种自适应的识别方法及系统,科大讯飞股份有限公司,2015105246074,CN106469554B,G10L15/183(2013.01),授权发明,授权,2019-11-15,,False,人工智能
002230.SZ,科大讯飞,一种音频修正方法及装置,科大讯飞股份有限公司,201610425682X,CN106057208B,G10L21/013(2013.01); G11B20/10(2006.01),授权发明,授权,2019-11-15,,False,人工智能
002230.SZ,科大讯飞,生成口语考试参考答案的方法及系统,科大讯飞股份有限公司,2013103326997,CN104347071B,G10L15/26(2006.01); G06F16/33(2019.01); G06F16/35(2019.01),授权发明,授权,2020-02-07,,False,人工智能
002230.SZ,科大讯飞,热点信息展示方法及系统,"科大讯飞股份有限公司,清华大学",2015101377758,CN106156042B,G06F16/9538(2019.01),授权发明,授权,2020-02-07,,False,人工智能
002230.SZ,科大讯飞,一种唱歌评测方法及系统,科大讯飞股份有限公司,2015101692644,CN106157976B,G10L25/69(2013.01); G10L25/90(2013.01); G10L25/45(2013.01); G10L25/18(2013.01),授权发明,授权,2020-02-07,,False,人工智能
002230.SZ,科大讯飞,连续语音识别方法及系统,"科大讯飞股份有限公司,中国科学技术大学",2015101816312,CN106157953B,G10L15/20(2006.01); G10L15/02(2006.01); G10L15/06(2013.01); G10L15/16(2006.01),授权发明,授权,2020-02-07,,False,人工智能
002230.SZ,科大讯飞,在线学习试题推荐方法及系统,科大讯飞股份有限公司,2015104817548,CN106407237B,G06F16/9535(2019.01),授权发明,授权,2020-02-07,,False,人工智能
002230.SZ,科大讯飞,自由朗读题型的口语评测方法及系统,科大讯飞股份有限公司,201610423082X,CN105845134B,G10L15/19(2013.01); G10L15/02(2006.01); G10L15/04(2013.01); G10L15/08(2006.01); G10L15/26(2006.01); G09B19/04(2006.01),授权发明,授权,2020-02-07,,False,人工智能
002230.SZ,科大讯飞,试题高阶属性挖掘方法及系统,科大讯飞股份有限公司,2016104259777,CN107506359B,G06F16/2458(2019.01); G06F16/35(2019.01),授权发明,授权,2020-02-07,,False,人工智能
002230.SZ,科大讯飞,信息获取方法及装置,科大讯飞股份有限公司,2018105508704,CN108763535B,G06F16/332(2019.01); G06F16/33(2019.01),授权发明,授权,2020-02-07,,False,人工智能
002230.SZ,科大讯飞,单通检测方法及装置,科大讯飞股份有限公司,2017110155854,CN107846520B,H04M3/22(2006.01); H04W24/04(2009.01); H04W24/08(2009.01); H04L12/26(2006.01); H04L29/06(2006.01),授权发明,授权,2020-02-11,,False,人工智能
002230.SZ,科大讯飞,生成语音动画的方法和装置,科大讯飞股份有限公司,2016108890797,CN106653054B,G10L21/12(2013.01),授权发明,授权,2020-02-14,,False,人工智能
002230.SZ,科大讯飞,辅助泊车系统和方法,科大讯飞股份有限公司,2017110938657,CN107856667B,B60W30/06(2006.01); B60W40/02(2006.01); B60W50/14(2012.01),授权发明,授权,2020-02-14,,False,人工智能
002230.SZ,科大讯飞,文本翻译方法及装置,科大讯飞股份有限公司,2017114802270,CN108170686B,G06F40/58(2020.01),授权发明,授权,2020-02-14,,False,人工智能
002230.SZ,科大讯飞,一种说话人声音转换方法及装置,科大讯飞股份有限公司,2018110637989,CN109147758B,G10L13/02(2013.01); G10L13/08(2013.01); G10L17/02(2013.01); G10L17/04(2013.01),授权发明,授权,2020-02-14,,False,人工智能
002230.SZ,科大讯飞,基于手写笔迹的书写态度评价方法及系统,科大讯飞股份有限公司,2016102059530,CN105787522B,G06K9/62(2006.01),授权发明,授权,2020-04-24,,False,人工智能
002230.SZ,科大讯飞,一种韵律预测方法及系统,科大讯飞股份有限公司,2016100843938,CN107039034B,G10L13/10(2013.01),授权发明,授权,2020-05-01,,False,人工智能
002230.SZ,科大讯飞,识别文本修正方法及系统,科大讯飞股份有限公司,2016109213816,CN106448675B,G10L15/26(2006.01); G06F40/232(2020.01),授权发明,授权,2020-05-01,,False,人工智能
002230.SZ,科大讯飞,一种语音处理方法及装置,科大讯飞股份有限公司,2016109463012,CN106504744B,G10L13/033(2013.01); G10L15/26(2006.01),授权发明,授权,2020-05-01,,False,人工智能
002230.SZ,科大讯飞,一种自适应主动降噪的方法、系统及耳机,科大讯飞股份有限公司,2016100089620,CN106941637B,H04R1/10(2006.01); H04R3/00(2006.01),授权发明,授权,2020-05-05,,False,人工智能
002230.SZ,科大讯飞,语音质量评价方法和装置,科大讯飞股份有限公司,2016108921761,CN106531190B,G10L25/60(2013.01); G10L15/01(2013.01); G10L15/06(2013.01); G10L19/06(2013.01),授权发明,授权,2020-05-05,,False,人工智能
002230.SZ,科大讯飞,基于描述文本自动生成文章的方法及系统,科大讯飞股份有限公司,2016110038220,CN106503255B,G06F16/35(2019.01),授权发明,授权,2020-05-12,,False,人工智能
002230.SZ,科大讯飞,基于在线题库的学情诊断方法及系统,科大讯飞股份有限公司,2015104817266,CN106709829B,G06Q50/20(2012.01); G06F16/33(2019.01),授权发明,授权,2020-06-02,,False,人工智能
002230.SZ,科大讯飞,一种词权重类别的获得方法及装置,科大讯飞股份有限公司,2016110338776,CN106557465B,G06F40/284(2020.01); G06F40/216(2020.01),授权发明,授权,2020-06-02,,False,人工智能
002230.SZ,科大讯飞,样本确认方法和装置及系统,科大讯飞股份有限公司,2017100316262,CN106708806B,G06F40/226(2020.01),授权发明,授权,2020-06-02,,False,人工智能
002230.SZ,科大讯飞,文本语义理解方法、装置和系统,科大讯飞股份有限公司,2017101126937,CN106897268B,G06F40/30(2020.01),授权发明,授权,2020-06-02,,False,人工智能
002230.SZ,科大讯飞,自动作曲方法、装置和终端设备,科大讯飞股份有限公司,2017101751158,CN107045867B,G10H1/00(2006.01); G10L25/03(2013.01); G10L25/30(2013.01); G10L25/48(2013.01),授权发明,授权,2020-06-02,,False,人工智能
002230.SZ,科大讯飞,车载全景环视系统中摄像头的标定方法及标定系统,科大讯飞股份有限公司,2017104195958,CN107133988B,G06T7/80(2017.01),授权发明,授权,2020-06-02,,False,人工智能
002230.SZ,科大讯飞,语音数据情感检测方法和装置及系统,科大讯飞股份有限公司,2016111842996,CN106782615B,G10L25/63(2013.01),授权发明,授权,2020-06-12,,False,人工智能
002230.SZ,科大讯飞,一种书写整洁度的评价方法及系统,科大讯飞股份有限公司,2016104230853,CN107507161B,G06T7/00(2017.01); G06T7/62(2017.01),授权发明,授权,2020-06-16,,False,人工智能
002230.SZ,科大讯飞,数学公式识别方法及装置,科大讯飞股份有限公司,2016102375434,CN107301411B,G06K9/20(2006.01); G06K9/32(2006.01); G06K9/62(2006.01),授权发明,授权,2020-07-10,,False,人工智能
002230.SZ,科大讯飞,主动降噪方法、系统及汽车,科大讯飞股份有限公司,2017103161884,CN107093429B,G10L21/0208(2013.01); G10L21/0216(2013.01); G10K11/178(2006.01); H04R3/00(2006.01),授权发明,授权,2020-07-10,,False,人工智能
002230.SZ,科大讯飞,声场调节方法及装置、存储介质、电子设备,科大讯飞股份有限公司,2017105870086,CN107592588B,H04R1/20(2006.01),授权发明,授权,2020-07-10,,False,人工智能
002230.SZ,科大讯飞,手写文本行提取方法及系统,科大讯飞股份有限公司,2016105630533,CN107622271B,G06K9/46(2006.01); G06K9/34(2006.01),授权发明,授权,2020-07-14,,False,人工智能
002230.SZ,科大讯飞,非接触式输入笔迹的处理方法和装置,科大讯飞股份有限公司,201611025888X,CN106527774B,G06F3/038(2013.01); G06K9/22(2006.01),授权发明,授权,2020-07-14,,False,人工智能
002230.SZ,科大讯飞,自动作诗方法和装置及系统,科大讯飞股份有限公司,2016111842977,CN106776517B,G06F40/186(2020.01),授权发明,授权,2020-07-14,,False,人工智能
002230.SZ,科大讯飞,隔空手写轨迹的显示方法及装置,科大讯飞股份有限公司,2017108554822,CN107728916B,G06F3/0488(2013.01); G06F3/01(2006.01),授权发明,授权,2020-07-28,,False,人工智能
002230.SZ,科大讯飞,文本翻译处理方法及装置,科大讯飞股份有限公司,2017112889797,CN108228574B,G06F40/58(2020.01); G06F16/36(2019.01),授权发明,授权,2020-07-28,,False,人工智能
002230.SZ,科大讯飞,一种音频质量评测方法及系统,科大讯飞股份有限公司,201510091491X,CN105989853B,G10L25/60(2013.01),授权发明,授权,2020-08-18,,False,人工智能
002230.SZ,科大讯飞,基于定制技能的语义理解方法及系统,科大讯飞股份有限公司,2017107745979,CN107515857B,G06F40/30(2020.01),授权发明,授权,2020-08-18,,False,人工智能
002230.SZ,科大讯飞,一种收音机天线的供电电路,科大讯飞股份有限公司,201711306024X,CN108199798B,H04H40/18(2008.01); H02M1/44(2007.01),授权发明,授权,2020-08-18,,False,人工智能
002230.SZ,科大讯飞,一种文章评分方法及系统,科大讯飞股份有限公司,2016104275125,CN107506360B,G06F16/30(2019.01),授权发明,授权,2020-09-11,,False,人工智能
002230.SZ,科大讯飞,文本规整方法及系统,科大讯飞股份有限公司,2016105391335,CN107590121B,G06F40/30(2020.01); G06F40/117(2020.01),授权发明,授权,2020-09-11,,False,人工智能
002230.SZ,科大讯飞,语音指令检测模型构建方法、检测方法及系统、人机交互方法及设备,科大讯飞股份有限公司,2016106159773,CN107665704B,G10L15/06(2013.01); G10L25/48(2013.01); G06F3/16(2006.01); G06F40/30(2020.01),授权发明,授权,2020-09-11,,False,人工智能
002230.SZ,科大讯飞,智能交互方法和装置,科大讯飞股份有限公司,2016110258983,CN106547356B,G06F3/01(2006.01); G06K9/00(2006.01),授权发明,授权,2020-09-11,,False,人工智能
002230.SZ,科大讯飞,一种视频直播控制方法及装置,科大讯飞股份有限公司,201611104572X,CN106603912B,H04N5/232(2006.01); H04N5/247(2006.01); H04N5/268(2006.01); G06K9/00(2006.01); G06K9/32(2006.01),授权发明,授权,2020-09-11,,False,人工智能
002230.SZ,科大讯飞,对话管理方法和装置,科大讯飞股份有限公司,2016111178204,CN106777013B,G06F16/332(2019.01); G06F16/35(2019.01); G06F40/30(2020.01),授权发明,授权,2020-09-11,,False,人工智能
002230.SZ,科大讯飞,演讲水平评价方法和装置及系统,科大讯飞股份有限公司,2017100242112,CN106847263B,G10L15/02(2006.01); G10L15/18(2013.01); G10L15/26(2006.01); G10L25/51(2013.01),授权发明,授权,2020-09-11,,False,人工智能
002230.SZ,科大讯飞,一种要点题自动评价方法及装置,科大讯飞股份有限公司,2017100504844,CN106897384B,G06F16/35(2019.01); G06Q50/20(2012.01),授权发明,授权,2020-09-11,,False,人工智能
002230.SZ,科大讯飞,语音识别方法及装置、存储介质、电子设备,科大讯飞股份有限公司,2017103579109,CN107316635B,G10L15/02(2006.01); G10L15/06(2013.01); G10L15/22(2006.01); G10L25/63(2013.01),授权发明,授权,2020-09-11,,False,人工智能
002230.SZ,科大讯飞,文本行识别方法及系统,科大讯飞股份有限公司,201710433560X,CN107180239B,G06K9/34(2006.01),授权发明,授权,2020-09-11,,False,人工智能
002230.SZ,科大讯飞,一种来电控制方法及装置、存储介质、电子设备,科大讯飞股份有限公司,2017104952430,CN107222634B,H04M1/725(2006.01); G10L15/22(2006.01),授权发明,授权,2020-09-11,,False,人工智能
002230.SZ,科大讯飞,人机交互应用平台、方法、以及存储介质,科大讯飞股份有限公司,2017106425418,CN107450725B,G06F3/01(2006.01); G06F40/295(2020.01); G06F40/30(2020.01); G10L15/18(2013.01); G10L15/22(2006.01); G10L15/34(2013.01),授权发明,授权,2020-09-11,,False,人工智能
002230.SZ,科大讯飞,车辆智能响应方法及装置、存储介质、电子设备,科大讯飞股份有限公司,2017107580590,CN107738622B,B60R16/023(2006.01),授权发明,授权,2020-09-11,,False,人工智能
002230.SZ,科大讯飞,声学模型优化方法及装置,科大讯飞股份有限公司,2017113198404,CN108039168B,G10L15/06(2013.01),授权发明,授权,2020-09-11,,False,人工智能
002230.SZ,科大讯飞,按键字体调整方法、装置、移动终端及存储介质,科大讯飞股份有限公司,201810362514X,CN108762485B,G06F3/01(2006.01); G06F3/0481(2013.01); G06F3/0488(2013.01),授权发明,授权,2020-09-11,,False,人工智能
002230.SZ,科大讯飞,音量调节方法及装置、存储介质、电子设备,科大讯飞股份有限公司,2018105132310,CN108804069B,G06F3/16(2006.01),授权发明,授权,2020-09-11,,False,人工智能
002230.SZ,科大讯飞,信息获取方法及装置,科大讯飞股份有限公司,2018105508598,CN108959387B,G06F16/33(2019.01); G06F16/332(2019.01); G06F40/30(2020.01); G06F40/289(2020.01),授权发明,授权,2020-09-11,,False,人工智能
002230.SZ,科大讯飞,信息生成方法及装置,科大讯飞股份有限公司,2018105516804,CN108959388B,G06F16/332(2019.01); G06N3/04(2006.01); G06N3/08(2006.01),授权发明,授权,2020-09-11,,False,人工智能
002230.SZ,科大讯飞,一种语音文本规整方法、装置、设备及可读存储介质,科大讯飞股份有限公司,2018108680069,CN108899016B,G10L15/187(2013.01); G10L15/19(2013.01); G10L15/18(2013.01); G10L15/26(2006.01),授权发明,授权,2020-09-11,,False,人工智能
002230.SZ,科大讯飞,轮胎摩擦力调控方法及系统,科大讯飞股份有限公司,2018115807740,CN109774717B,B60W40/06(2012.01); B60C23/00(2006.01); G01L5/00(2006.01),授权发明,授权,2020-09-11,,False,人工智能
002230.SZ,科大讯飞,一种负载调度方法、装置、负载调度器、存储介质及系统,科大讯飞股份有限公司,2019102757502,CN109976917B,G06F9/50(2006.01),授权发明,授权,2020-09-11,,False,人工智能
002230.SZ,科大讯飞,用于控制终端的信息处理方法及其系统,"北京京东尚科信息技术有限公司,科大讯飞股份有限公司",2017106798589,CN107274900B,G10L15/22(2006.01); G10L15/18(2013.01); G10L17/06(2013.01); H04L12/28(2006.01),授权发明,授权,2020-09-18,,False,人工智能
002230.SZ,科大讯飞,提醒方法及系统、服务器和电子设备,"北京京东尚科信息技术有限公司,科大讯飞股份有限公司",2017107164487,CN107645539B,H04L29/08(2006.01); H04L29/06(2006.01); H04L12/58(2006.01); G06Q10/10(2012.01),授权发明,授权,2020-09-25,,False,人工智能
002230.SZ,科大讯飞,语音控制系统、用户端设备、服务器和中央控制单元,"北京京东尚科信息技术有限公司,科大讯飞股份有限公司",2016103840255,CN105913847B,G10L15/26(2006.01); H04L12/28(2006.01),授权发明,授权,2020-10-16,,False,人工智能
002230.SZ,科大讯飞,语音识别方法、设备及系统,"北京京东尚科信息技术有限公司,科大讯飞股份有限公司",2016103750738,CN105931642B,G10L15/26(2006.01); G10L15/187(2013.01); G10L15/183(2013.01),授权发明,授权,2020-11-10,,False,人工智能
002230.SZ,科大讯飞,包含公式的文本语义解析方法及装置,科大讯飞股份有限公司,2016102375364,CN107301163B,G06F40/30(2020.01),授权发明,授权,2020-11-17,,False,人工智能
002230.SZ,科大讯飞,一种语音数据处理方法及装置,科大讯飞股份有限公司,2016105133511,CN107562760B,G06F16/30(2019.01); G06F16/68(2019.01); G06F40/279(2020.01); G10L15/26(2006.01); G10L25/78(2013.01),授权发明,授权,2020-11-17,,False,人工智能
002230.SZ,科大讯飞,一种语音识别文本的标点处理方法及装置,科大讯飞股份有限公司,2018103602487,CN108564953B,G10L15/26(2006.01); G06F40/211(2020.01),授权发明,授权,2020-11-17,,False,人工智能
002230.SZ,科大讯飞,一种语音交互方法及装置,科大讯飞股份有限公司,2018103927239,CN108538294B,G10L15/22(2006.01); G10L15/26(2006.01); G10L15/18(2013.01); G10L15/197(2013.01),授权发明,授权,2020-11-17,,False,人工智能
002230.SZ,科大讯飞,一种用于测量麦克风阵列声学响应的系统,科大讯飞股份有限公司,2018115830268,CN109511075B,H04R29/00(2006.01),授权发明,授权,2020-11-17,,False,人工智能
002230.SZ,科大讯飞,语音识别方法和装置,科大讯飞股份有限公司,2016109833452,CN108062954B,G10L15/26(2006.01); G10L15/183(2013.01),授权发明,授权,2020-12-08,,False,人工智能
002230.SZ,科大讯飞,一种改错题自动评阅方法及系统,科大讯飞股份有限公司,2017109478239,CN107729936B,G06K9/62(2006.01); G06K9/34(2006.01),授权发明,授权,2020-12-08,,False,人工智能
002230.SZ,科大讯飞,变声检测方法及装置,科大讯飞股份有限公司,2017114750933,CN108198574B,G10L25/51(2013.01); G10L17/02(2013.01),授权发明,授权,2020-12-08,,False,人工智能
002230.SZ,科大讯飞,门限阈值确定方法及装置,科大讯飞股份有限公司,2018104216785,CN108647874B,G06Q10/06(2012.01),授权发明,授权,2020-12-08,,False,人工智能
002230.SZ,科大讯飞,题目得分评估方法及认知评估装置、设备、可读存储介质,科大讯飞股份有限公司,2018113531064,CN109461503B,G16H50/30(2018.01); G16H10/60(2018.01),授权发明,授权,2020-12-18,,False,人工智能
002230.SZ,科大讯飞,一种三元组知识库的构建方法及装置,科大讯飞股份有限公司,2018115829966,CN109726254B,G06F16/28(2019.01),授权发明,授权,2020-12-18,,False,人工智能
002230.SZ,科大讯飞,文本规整方法及装置、存储介质、电子设备,科大讯飞股份有限公司,2017106082009,CN107562718B,G06F40/284(2020.01); G06F40/211(2020.01); G06N3/04(2006.01),授权发明,授权,2020-12-22,,False,人工智能
002230.SZ,科大讯飞,文本数据的纠错方法及装置,科大讯飞股份有限公司,2017108846498,CN107622054B,G06F40/232(2020.01); G10L15/22(2006.01),授权发明,授权,2020-12-22,,False,人工智能
002230.SZ,科大讯飞,数学主观题解答结果批改方法及系统,科大讯飞股份有限公司,2017114352298,CN108172050B,G09B7/00(2006.01),授权发明,授权,2020-12-22,,False,人工智能
002230.SZ,科大讯飞,一种语音翻译方法及装置,科大讯飞股份有限公司,2018100321123,CN108231062B,G10L15/00(2013.01); G10L15/26(2006.01); G06F40/58(2020.01),授权发明,授权,2020-12-22,,False,人工智能
002230.SZ,科大讯飞,文本语料库的构建方法和装置,科大讯飞股份有限公司,2016105429525,CN107610693B,G06F40/20(2020.01),授权发明,授权,2021-01-29,,False,人工智能
002230.SZ,科大讯飞,一种语义理解方法及装置,科大讯飞股份有限公司,2016106021496,CN107665188B,G06F40/30(2020.01),授权发明,授权,2021-01-29,,False,人工智能
002230.SZ,科大讯飞,语音控制方法及装置、存储介质、电子设备,科大讯飞股份有限公司,2018101636455,CN108538300B,G10L15/30(2013.01); G10L15/26(2006.01); G10L15/22(2006.01); G06F3/16(2006.01); G06K9/32(2006.01); G06K9/62(2006.01),授权发明,授权,2021-01-29,,False,人工智能
002230.SZ,科大讯飞,一种直线滤除方法、装置、设备及存储介质,科大讯飞股份有限公司,2018114693545,CN109460745B,G06K9/00(2006.01); G06K9/46(2006.01),授权发明,授权,2021-01-29,,False,人工智能
002230.SZ,科大讯飞,主动书写笔、智能交互一体机以及智能交互设备,科大讯飞股份有限公司,2020209944245,CN212433729U,G06F3/0354(2013.01),实用新型,授权,2021-01-29,,False,人工智能
002230.SZ,科大讯飞,一种基于人脸的音视频推荐方法及系统,科大讯飞股份有限公司,2015104677519,CN105005777B,G06K9/00(2006.01); G06F16/435(2019.01),授权发明,授权,2021-02-02,,False,人工智能
002230.SZ,科大讯飞,数学公式的语义解析方法及装置,科大讯飞股份有限公司,2016102375487,CN107301164B,G06F40/216(2020.01); G06F40/30(2020.01),授权发明,授权,2021-02-02,,False,人工智能
002230.SZ,科大讯飞,语音数据热度分析方法及系统,科大讯飞股份有限公司,2016104257019,CN107507627B,G10L25/51(2013.01); G10L25/63(2013.01); G10L25/87(2013.01); G10L15/26(2006.01); G10L25/21(2013.01),授权发明,授权,2021-02-02,,False,人工智能
002230.SZ,科大讯飞,语音识别方法及装置、存储介质、电子设备,科大讯飞股份有限公司,2017106125860,CN107578771B,G10L15/06(2013.01); G10L15/14(2006.01); G10L15/16(2006.01); G10L25/24(2013.01),授权发明,授权,2021-02-02,,False,人工智能
002230.SZ,科大讯飞,多人参与的人机交互方法及装置,科大讯飞股份有限公司,2017111959129,CN107831903B,G06F3/01(2006.01),授权发明,授权,2021-02-02,,False,人工智能
002230.SZ,科大讯飞,一种篇章级文本翻译方法及装置,科大讯飞股份有限公司,2018104631383,CN110489761B,G06F40/58(2020.01); G06F40/151(2020.01),授权发明,授权,2021-02-02,,False,人工智能
002230.SZ,科大讯飞,一种语音意图识别方法及装置,科大讯飞股份有限公司,2018106314532,CN108428447B,G10L15/02(2006.01); G10L15/14(2006.01); G10L15/16(2006.01); G10L15/18(2013.01); G10L15/26(2006.01),授权发明,授权,2021-02-02,,False,人工智能
002230.SZ,科大讯飞,一种图像实例分割方法、装置、设备及存储介质,科大讯飞股份有限公司,2018111061878,CN109242869B,G06T7/12(2017.01); G06T5/50(2006.01),授权发明,专利权转移,2021-02-02,,False,人工智能
002230.SZ,科大讯飞,一种文本区域划分方法、装置、设备及存储介质,科大讯飞股份有限公司,2018115020858,CN109635718B,G06K9/00(2006.01); G06K9/34(2006.01),授权发明,授权,2021-02-02,,False,人工智能
002230.SZ,科大讯飞,一种耳机降噪方法、装置、设备及可读存储介质,科大讯飞股份有限公司,2018115421872,CN109686367B,G10L15/20(2006.01); G10L15/26(2006.01); G10L17/00(2013.01); G10L25/51(2013.01); G10L21/0208(2013.01),授权发明,授权,2021-02-02,,False,人工智能
002230.SZ,科大讯飞,考试作弊检测方法和装置,科大讯飞股份有限公司,2016104184662,CN107491717B,G06K9/00(2006.01),授权发明,授权,2021-02-05,,False,人工智能
002230.SZ,科大讯飞,离题作文检测方法、装置和终端设备,科大讯飞股份有限公司,2017104583879,CN107301169B,G06F40/30(2020.01); G06F40/216(2020.01); G06F40/289(2020.01),授权发明,授权,2021-02-05,,False,人工智能
002230.SZ,科大讯飞,一种实体关系预测方法及装置,科大讯飞股份有限公司,2018115186336,CN109670050B,G06F16/36(2019.01); G06F16/332(2019.01),授权发明,授权,2021-03-02,,False,人工智能
002230.SZ,科大讯飞,时间同步方法和装置,科大讯飞股份有限公司,2018112444887,CN109587405B,H04N5/235(2006.01); H04N5/06(2006.01),授权发明,授权,2021-03-05,,False,人工智能
002230.SZ,科大讯飞,语音提示信息生成方法及装置,科大讯飞股份有限公司,2017105336807,CN107329730B,G06F3/16(2006.01),授权发明,授权,2021-03-16,,False,人工智能
002230.SZ,科大讯飞,一种语音端点检测方法、装置、设备及存储介质,科大讯飞股份有限公司,2018112198153,CN109119070B,G10L15/02(2006.01); G10L15/04(2013.01); G10L25/87(2013.01),授权发明,授权,2021-03-16,,False,人工智能
002230.SZ,科大讯飞,一种中式英语的发现方法及系统,科大讯飞股份有限公司,2016102812648,CN107315732B,G06F40/284(2020.01); G06F40/205(2020.01),授权发明,授权,2021-03-23,,False,人工智能
002230.SZ,科大讯飞,语音数据标注方法和装置,科大讯飞股份有限公司,2016105233331,CN107578769B,G06F40/20(2020.01),授权发明,授权,2021-03-23,,False,人工智能
002230.SZ,科大讯飞,智能设备控制方法及装置、存储介质、电子设备,科大讯飞股份有限公司,2018100600920,CN108470568B,G10L15/32(2013.01); G10L15/22(2006.01); G10L15/18(2013.01); H04L12/28(2006.01),授权发明,授权,2021-03-23,,False,人工智能
002230.SZ,科大讯飞,一种音视频检索方法、装置、设备及可读存储介质,科大讯飞股份有限公司,2018101591755,CN108345679B,G06F16/68(2019.01); G06F16/78(2019.01),授权发明,授权,2021-03-23,,False,人工智能
002230.SZ,科大讯飞,一种答案抽取方法及装置,科大讯飞股份有限公司,2018111014701,CN109189894B,G06F16/33(2019.01); G06F16/332(2019.01),授权发明,授权,2021-03-23,,False,人工智能
002230.SZ,科大讯飞,一种使能电路单元、时序控制系统及方法,科大讯飞股份有限公司,201811124654X,CN109375535B,G05B19/042(2006.01),授权发明,授权,2021-03-23,,False,人工智能
002230.SZ,科大讯飞,一种文本摘要生成方法,科大讯飞股份有限公司,2018114668990,CN109670035B,G06F16/34(2019.01); G06F16/332(2019.01),授权发明,授权,2021-03-23,,False,人工智能
002230.SZ,科大讯飞,一种信息转换方法及装置、交互辅助系统,科大讯飞股份有限公司,2018115774338,CN109670073B,G06F16/583(2019.01); G10L13/08(2013.01); G06N3/04(2006.01),授权发明,授权,2021-03-23,,False,人工智能
002230.SZ,科大讯飞,车辆安全行驶方法及装置,科大讯飞股份有限公司,2018115874798,CN109448439B,G08G1/16(2006.01),授权发明,授权,2021-03-23,,False,人工智能
002230.SZ,科大讯飞,一种笔迹放大的方法和相关装置,科大讯飞股份有限公司,2019113028900,CN111078073B,G06F3/0481(2013.01); G06T11/20(2006.01),授权发明,授权,2021-03-23,,False,人工智能
002230.SZ,科大讯飞,技能开发系统及方法,科大讯飞股份有限公司,2017107745964,CN108334353B,G06F8/35(2018.01); G06F8/36(2018.01),授权发明,授权,2021-04-02,,False,人工智能
002230.SZ,科大讯飞,号码修改方法及装置、存储介质、电子设备,科大讯飞股份有限公司,2017107493588,CN107622769B,G10L15/22(2006.01); G10L15/18(2013.01); G10L15/10(2006.01),授权发明,授权,2021-04-06,,False,人工智能
002230.SZ,科大讯飞,一种音频特征提取方法与装置、电子设备,科大讯飞股份有限公司,2017108033971,CN107622773B,G10L25/21(2013.01); G10L25/18(2013.01); G10L25/03(2013.01),授权发明,授权,2021-04-06,,False,人工智能
002230.SZ,科大讯飞,信息获取方法及装置,科大讯飞股份有限公司,2018105516819,CN108804627B,G06F16/332(2019.01); G06F16/33(2019.01); G06F40/205(2020.01),授权发明,授权,2021-04-06,,False,人工智能
002230.SZ,科大讯飞,一种字符串匹配方法及装置,科大讯飞股份有限公司,2018107258559,CN108984695B,G06F16/903(2019.01),授权发明,授权,2021-04-06,,False,人工智能
002230.SZ,科大讯飞,一种语音翻译模型的训练方法及装置,科大讯飞股份有限公司,2019101984049,CN109785824B,G10L15/00(2013.01); G10L15/06(2013.01); G10L15/16(2006.01); G06F40/58(2020.01),授权发明,授权,2021-04-06,,False,人工智能
002230.SZ,科大讯飞,将书面文本转换为口语文本的方法及系统,科大讯飞股份有限公司,2017109878585,CN107844480B,G06F40/40(2020.01); G06F40/289(2020.01),授权发明,授权,2021-04-30,,False,人工智能
002230.SZ,科大讯飞,多人会话场景中发言人角色确定方法、智能会议方法及系统,科大讯飞股份有限公司,2017113411335,CN107993665B,G10L17/14(2013.01); G10L17/04(2013.01); G10L17/02(2013.01); G10L15/26(2006.01); G10L15/16(2006.01); G10L17/18(2013.01),授权发明,授权,2021-04-30,,False,人工智能
002230.SZ,科大讯飞,全景图的视野调整方法及装置、存储介质、电子设备,科大讯飞股份有限公司,2018103000035,CN108765490B,G06T7/73(2017.01); G06K9/00(2006.01),授权发明,授权,2021-04-30,,False,人工智能
002230.SZ,科大讯飞,测试语料生成方法、装置、设备及可读写存储介质,科大讯飞股份有限公司,2018104370364,CN108597503B,G10L15/06(2013.01); G10L15/18(2013.01); G10L15/197(2013.01),授权发明,授权,2021-04-30,,False,人工智能
002230.SZ,科大讯飞,一种决策结果确定方法、装置、设备及可读存储介质,"科大讯飞股份有限公司,清华大学",2018108440205,CN109065154B,G16H50/20(2018.01); G16H50/70(2018.01),授权发明,授权,2021-04-30,,False,人工智能
002230.SZ,科大讯飞,一种摄像头污点检测方法、装置、设备及存储介质,科大讯飞股份有限公司,2018109586384,CN109118498B,G06T7/11(2017.01); G06T7/00(2017.01),授权发明,授权,2021-04-30,,False,人工智能
002230.SZ,科大讯飞,定标集更新方法及装置,科大讯飞股份有限公司,2018112306105,CN109408638B,G06F16/35(2019.01); G06Q10/06(2012.01); G06Q50/20(2012.01),授权发明,授权,2021-04-30,,False,人工智能
002230.SZ,科大讯飞,一种解码网络生成方法、装置、设备及可读存储介质,科大讯飞股份有限公司,2018112443314,CN109087645B,G10L15/22(2006.01); G10L15/26(2006.01); G06F40/253(2020.01),授权发明,授权,2021-04-30,,False,人工智能
002230.SZ,科大讯飞,泊车路径设置方法及系统,科大讯飞股份有限公司,2018115949135,CN109733384B,B60W30/06(2006.01); G01S15/89(2006.01),授权发明,授权,2021-04-30,,False,人工智能
002230.SZ,科大讯飞,安卓系统适配模块动态更新方法、客户端及服务器,科大讯飞股份有限公司,2014107658182,CN105744511B,H04W8/24(2009.01),授权发明,授权,2021-05-04,,False,人工智能
002230.SZ,科大讯飞,一种对话管理方法和系统,"科大讯飞股份有限公司,清华大学",2016101686417,CN107222383B,H04L12/58(2006.01); G06F40/216(2020.01); G06F40/35(2020.01),授权发明,授权,2021-05-04,,False,人工智能
002230.SZ,科大讯飞,语音识别文本分段方法及装置,科大讯飞股份有限公司,2016102568988,CN107305541B,G06F40/211(2020.01); G06F40/30(2020.01); G10L15/04(2013.01); G10L15/02(2006.01),授权发明,授权,2021-05-04,,False,人工智能
002230.SZ,科大讯飞,一种涂抹字符的检测方法及系统,科大讯飞股份有限公司,2016102908937,CN107341487B,G06K9/32(2006.01); G06K9/34(2006.01),授权发明,授权,2021-05-04,,False,人工智能
002230.SZ,科大讯飞,快速语音交互方法及系统,科大讯飞股份有限公司,2016106160713,CN107665706B,G10L15/18(2013.01); G10L15/183(2013.01); G10L15/22(2006.01); G10L15/26(2006.01),授权发明,授权,2021-05-04,,False,人工智能
002230.SZ,科大讯飞,语音唤醒方法、系统及智能终端,科大讯飞股份有限公司,2016107016512,CN107767863B,G10L15/22(2006.01); G10L15/16(2006.01); G10L15/14(2006.01); G10L15/02(2006.01),授权发明,授权,2021-05-04,,False,人工智能
002230.SZ,科大讯飞,噪声去除方法、装置和终端设备,科大讯飞股份有限公司,2017101539997,CN106952653B,G10L21/0208(2013.01); G10L21/028(2013.01),授权发明,授权,2021-05-04,,False,人工智能
002230.SZ,科大讯飞,共享技能开发平台及方法、共享技能应用平台及方法,科大讯飞股份有限公司,2017107729020,CN107590718B,G06Q30/06(2012.01); G06Q50/12(2012.01); G07F17/00(2006.01),授权发明,授权,2021-05-04,,False,人工智能
002230.SZ,科大讯飞,发音词典生成方法及装置、存储介质、电子设备,科大讯飞股份有限公司,2017108056263,CN107767858B,G10L13/06(2013.01); G10L13/04(2013.01); G10L13/08(2013.01),授权发明,授权,2021-05-04,,False,人工智能
002230.SZ,科大讯飞,知识点预测方法及装置、存储介质、电子设备,科大讯飞股份有限公司,2017110483331,CN107967254B,G06F40/30(2020.01); G06F40/289(2020.01); G06F40/205(2020.01); G06Q10/04(2012.01); G06Q50/20(2012.01),授权发明,授权,2021-05-04,,False,人工智能
002230.SZ,科大讯飞,一种语音降噪方法、装置、服务器及存储介质,科大讯飞股份有限公司,2017114583150,CN107910011B,G10L21/003(2013.01); G10L21/0216(2013.01); G10L25/78(2013.01),授权发明,授权,2021-05-04,,False,人工智能
002230.SZ,科大讯飞,兴趣点搜索排序方法及系统,科大讯飞股份有限公司,201711490190X,CN108090220B,G06F16/9535(2019.01); G06F16/9537(2019.01),授权发明,授权,2021-05-04,,False,人工智能
002230.SZ,科大讯飞,语音唤醒方法及装置,科大讯飞股份有限公司,2018102988451,CN108538298B,G10L15/26(2006.01); G10L15/22(2006.01); G06F16/332(2019.01); G06F16/33(2019.01),授权发明,授权,2021-05-04,,False,人工智能
002230.SZ,科大讯飞,一种语音交互方法及设备,科大讯飞股份有限公司,2018103019629,CN108509619B,G06F16/332(2019.01); G06F16/33(2019.01); G10L15/22(2006.01); G10L15/26(2006.01),授权发明,授权,2021-05-04,,False,人工智能
002230.SZ,科大讯飞,一种耳语音恢复方法、装置、设备及可读存储介质,科大讯飞股份有限公司,2018103256963,CN108520741B,G10L15/02(2006.01); G10L15/06(2013.01); G10L15/25(2013.01),授权发明,授权,2021-05-04,,False,人工智能
002230.SZ,科大讯飞,输入面板显示方法及装置,科大讯飞股份有限公司,2018103610110,CN108563485B,G06F9/451(2018.01),授权发明,授权,2021-05-04,,False,人工智能
002230.SZ,科大讯飞,一种拾音装置及声源距离确定方法,科大讯飞股份有限公司,2018104200077,CN108449691B,H04R3/12(2006.01),授权发明,授权,2021-05-04,,False,人工智能
002230.SZ,科大讯飞,一种安全驾驶检测方法、装置、设备及存储介质,科大讯飞股份有限公司,201810719523X,CN108898116B,G06K9/00(2006.01); G06K9/62(2006.01); B60W40/08(2012.01),授权发明,授权,2021-05-04,,False,人工智能
002230.SZ,科大讯飞,一种信息对齐方法、装置、设备及可读存储介质,科大讯飞股份有限公司,2018109348333,CN109145149B,G06F16/68(2019.01); G06F40/169(2020.01); G10L15/26(2006.01),授权发明,授权,2021-05-04,,False,人工智能
002230.SZ,科大讯飞,一种录音方法、装置、音频系统、录音设备及存储介质,科大讯飞股份有限公司,2018111246268,CN109378017B,G11B20/10(2006.01); G11B27/031(2006.01),授权发明,授权,2021-05-04,,False,人工智能
002230.SZ,科大讯飞,一种数学公式识别方法、装置、设备及可读存储介质,科大讯飞股份有限公司,2018115421938,CN109614944B,G06K9/00(2006.01),授权发明,授权,2021-05-04,,False,人工智能
002230.SZ,科大讯飞,一种VGA视频切换装置、方法及系统,科大讯飞股份有限公司,2019103502619,CN109936708B,H04N5/268(2006.01); H04N5/765(2006.01),授权发明,授权,2021-05-04,,False,人工智能
002230.SZ,科大讯飞,一种全身麻醉患者术后唤醒方法及装置,科大讯飞股份有限公司,2019104982933,CN110201287B,A61M21/00(2006.01); A61B5/00(2006.01),授权发明,授权,2021-05-04,,False,人工智能
002230.SZ,科大讯飞,刹车片使用寿命预测方法及装置,科大讯飞股份有限公司,2019107267957,CN110411729B,G01M13/00(2019.01); G01M17/007(2006.01); G01N3/56(2006.01),授权发明,授权,2021-05-04,,False,人工智能
002230.SZ,科大讯飞,一种目标文本识别方法及装置,科大讯飞股份有限公司,2016107904665,CN107797981B,G06F40/279(2020.01),授权发明,授权,2021-06-04,,False,人工智能
002230.SZ,科大讯飞,一种文本描写类型识别方法及装置,科大讯飞股份有限公司,2016108360536,CN107844471B,G06F40/35(2020.01); G06F40/289(2020.01); G06F40/211(2020.01); G06F16/35(2019.01),授权发明,授权,2021-06-04,,False,人工智能
002230.SZ,科大讯飞,一种饮酒状态检测方法及装置,科大讯飞股份有限公司,2018108441585,CN109102825B,G10L25/66(2013.01); G10L25/63(2013.01); G10L25/60(2013.01); G10L15/02(2006.01); G10L15/18(2013.01); G10L15/22(2006.01); B60K28/06(2006.01),授权发明,授权,2021-06-04,,False,人工智能
002230.SZ,科大讯飞,应用于临床决策支持系统的不合理疾病诊断检测方法、装置,"科大讯飞股份有限公司,清华大学",2019103288884,CN110033863B,G16H50/20(2018.01); G16H50/70(2018.01); G16H10/60(2018.01),授权发明,授权,2021-06-04,,False,人工智能
002230.SZ,科大讯飞,基于图神经网络的辅助诊断方法、装置、设备及存储介质,"科大讯飞股份有限公司,清华大学",2019105676615,CN110277165B,G16H50/20(2018.01); G16H10/60(2018.01); G06F16/35(2019.01); G06F16/36(2019.01),授权发明,授权,2021-06-04,,False,人工智能
002230.SZ,科大讯飞,智能语音交互方法及系统,科大讯飞股份有限公司,2016106159769,CN107665708B,G10L15/22(2006.01); G10L15/06(2013.01); G10L15/02(2006.01); G06F40/30(2020.01),授权发明,授权,2021-06-08,,False,人工智能
002230.SZ,科大讯飞,终端应用程序的操控方法及装置、存储介质、电子设备,科大讯飞股份有限公司,2017104936599,CN107436747B,G06F3/16(2006.01),授权发明,授权,2021-06-08,,False,人工智能
002230.SZ,科大讯飞,交互式语音翻译方法及装置,科大讯飞股份有限公司,201711287987X,CN108304389B,G06F40/58(2020.01); G06F40/30(2020.01); G10L15/00(2013.01); G10L15/26(2006.01),授权发明,授权,2021-06-08,,False,人工智能
002230.SZ,科大讯飞,一种分类模型的生成方法及装置,科大讯飞股份有限公司,2018102187059,CN108304890B,G06K9/62(2006.01),授权发明,授权,2021-06-08,,False,人工智能
002230.SZ,科大讯飞,一种语音录制方法及装置,科大讯飞股份有限公司,2018107258563,CN108962284B,G10L25/78(2013.01); G10L25/84(2013.01); G10L21/007(2013.01); G10L15/26(2006.01); G10L13/08(2013.01); G06F16/60(2019.01),授权发明,授权,2021-06-08,,False,人工智能
002230.SZ,科大讯飞,一种数据采集方法、装置、设备及可读存储介质,"科大讯飞股份有限公司,清华大学",2018108440099,CN109065015B,G10L13/02(2013.01); G10L15/06(2013.01); G10L15/22(2006.01); G10L15/26(2006.01),授权发明,授权,2021-06-08,,False,人工智能
002230.SZ,科大讯飞,消息处理方法及装置,科大讯飞股份有限公司,201810872873X,CN109003600B,G10L15/00(2013.01); G10L15/26(2006.01); G10L17/14(2013.01); G10L17/24(2013.01); G06Q30/02(2012.01),授权发明,授权,2021-06-08,,False,人工智能
002230.SZ,科大讯飞,一种文本改编方法及装置,"科大讯飞股份有限公司,安徽淘云科技股份有限公司",2018108987518,CN108986785B,G10L13/02(2013.01); G09B5/04(2006.01),授权发明,专利权转移,2021-06-08,,False,人工智能
002230.SZ,科大讯飞,一种鸣笛信号检测方法、装置、设备及可读存储介质,科大讯飞股份有限公司,2018111598479,CN109358317B,G01S5/24(2006.01),授权发明,授权,2021-06-08,,False,人工智能
002230.SZ,科大讯飞,一种数字串语音处理方法及装置,科大讯飞股份有限公司,2018116090294,CN109448732B,G10L17/04(2013.01); G10L17/08(2013.01); G10L17/18(2013.01),授权发明,授权,2021-06-08,,False,人工智能
002230.SZ,科大讯飞,句子相似度计算方法和装置及系统,科大讯飞股份有限公司,201710005472X,CN108268441B,G06F40/211(2020.01); G06F40/30(2020.01); G06K9/62(2006.01),授权发明,授权,2021-06-22,,False,人工智能
002230.SZ,科大讯飞,学习路径规划方法和装置,科大讯飞股份有限公司,2016106005440,CN107665472B,G06Q50/20(2012.01),授权发明,授权,2021-06-25,,False,人工智能
002230.SZ,科大讯飞,学习路径规划方法和装置,科大讯飞股份有限公司,2016106005972,CN107665473B,G06Q50/20(2012.01),授权发明,授权,2021-06-25,,False,人工智能
002230.SZ,科大讯飞,语音唤醒方法、系统及智能终端,科大讯飞股份有限公司,2016107016546,CN107767861B,G10L15/02(2006.01); G10L15/14(2006.01); G10L15/22(2006.01),授权发明,授权,2021-07-02,,False,人工智能
002230.SZ,科大讯飞,一种目标语句识别方法及装置,科大讯飞股份有限公司,2016107929785,CN107783958B,G06F40/279(2020.01); G06F40/30(2020.01),授权发明,授权,2021-07-02,,False,人工智能
002230.SZ,科大讯飞,文本翻译方法及装置,科大讯飞股份有限公司,2017114885856,CN108228576B,G06F40/58(2020.01); G06F16/35(2019.01),授权发明,授权,2021-07-02,,False,人工智能
002230.SZ,科大讯飞,一种表格检测方法和装置,科大讯飞股份有限公司,2018115136464,CN109858325B,G06K9/00(2006.01); G06T7/00(2017.01); G06T7/187(2017.01),授权发明,授权,2021-07-02,,False,人工智能
002230.SZ,科大讯飞,基于车载输入法的车辆信息提示方法、装置以及设备,科大讯飞股份有限公司,2020107628036,CN111873801B,B60K35/00(2006.01); B60W50/14(2020.01),授权发明,授权,2021-07-02,,False,人工智能
002230.SZ,科大讯飞,在线哼唱检索方法及系统,科大讯飞股份有限公司,2014107357908,CN105718486B,G06F16/632(2019.01); G06F16/638(2019.01),授权发明,授权,2021-07-06,,False,人工智能
002230.SZ,科大讯飞,一种文本要点检测方法及系统,科大讯飞股份有限公司,2016104833649,CN107544956B,G06F40/263(2020.01); G06F40/279(2020.01); G06F40/30(2020.01),授权发明,授权,2021-07-06,,False,人工智能
002230.SZ,科大讯飞,一种从句检测方法及装置,科大讯飞股份有限公司,2017100214767,CN108304362B,G06F40/211(2020.01),授权发明,授权,2021-07-06,,False,人工智能
002230.SZ,科大讯飞,一种文书生成方法、装置、存储介质和电子设备,"科大讯飞股份有限公司,上海科大讯飞信息科技有限公司",2017107580459,CN107622042B,G06F40/186(2020.01); G06F40/169(2020.01); G06F40/30(2020.01); G06F40/211(2020.01),授权发明,授权,2021-07-06,,False,人工智能
002230.SZ,科大讯飞,共享技能应用方法及系统,科大讯飞股份有限公司,2017107745803,CN107608660B,G06F8/20(2018.01); G06Q30/06(2012.01),授权发明,授权,2021-07-06,,False,人工智能
002230.SZ,科大讯飞,操控句式生成、应用操控方法及装置、存储介质,科大讯飞股份有限公司,2017107812507,CN107678309B,G05B19/04(2006.01),授权发明,授权,2021-07-06,,False,人工智能
002230.SZ,科大讯飞,版面分栏方法及装置,科大讯飞股份有限公司,2017113658963,CN107943780B,G06F40/189(2020.01),授权发明,授权,2021-07-06,,False,人工智能
002230.SZ,科大讯飞,二维码制备方法及带有二维码的设备,科大讯飞股份有限公司,2018101294299,CN108256613B,G06K19/06(2006.01); G09F3/00(2006.01),授权发明,授权,2021-07-06,,False,人工智能
002230.SZ,科大讯飞,一种信息确定方法、装置、设备及可读存储介质,"科大讯飞股份有限公司,讯飞智元信息科技有限公司,上海科大讯飞信息科技有限公司",2018105640407,CN108874942B,G06F16/35(2019.01); G06N3/04(2006.01); G06N3/08(2006.01); G06Q50/18(2012.01),授权发明,授权,2021-07-06,,False,人工智能
002230.SZ,科大讯飞,一种文本评价方法、装置、设备以及可读存储介质,科大讯飞股份有限公司,2018111722368,CN109471915B,G06F16/30(2019.01),授权发明,授权,2021-07-06,,False,人工智能
002230.SZ,科大讯飞,一种视频的情感识别方法、装置、设备及可读存储介质,科大讯飞股份有限公司,201910072964X,CN109783684B,G06F16/70(2019.01),授权发明,授权,2021-07-06,,False,人工智能
002230.SZ,科大讯飞,一种模型训练方法、工作节点及参数更新服务器,科大讯飞股份有限公司,2019103628621,CN110097188B,G06N3/08(2006.01); G06N3/04(2006.01),授权发明,授权,2021-07-06,,False,人工智能
002230.SZ,科大讯飞,录音处理方法及装置,科大讯飞股份有限公司,2019105857767,CN110310683B,G11C7/16(2006.01); G11C7/10(2006.01),授权发明,授权,2021-07-06,,False,人工智能
002230.SZ,科大讯飞,结合社交和兴趣信息的异源图卷积网络的社交推荐方法,"科大讯飞股份有限公司,合肥工业大学",2020102162114,CN111428147B,G06F16/9536(2019.01); G06N3/04(2006.01); G06N3/08(2006.01); G06F17/16(2006.01),授权发明,授权,2021-07-27,,False,人工智能
002230.SZ,科大讯飞,一种语音通话方法、装置、设备及可读存储介质,科大讯飞股份有限公司,2018112955914,CN109274831B,H04M1/72448(2021.01); H04M1/72454(2021.01); G06F40/58(2020.01),授权发明,授权,2021-08-13,,False,人工智能
002230.SZ,科大讯飞,一种决策结果确定方法、装置、设备及可读存储介质,"科大讯飞股份有限公司,清华大学",2018114815364,CN109585014B,G16H50/20(2018.01),授权发明,授权,2021-08-13,,False,人工智能
002230.SZ,科大讯飞,一种音频环境展示方法及装置,科大讯飞股份有限公司,2019104248155,CN110099332B,H04R3/00(2006.01),授权发明,授权,2021-08-13,,False,人工智能
002230.SZ,科大讯飞,一种韵律预测效果的评估方法及装置,科大讯飞股份有限公司,2019104615065,CN110176225B,G10L13/02(2013.01); G10L13/10(2013.01),授权发明,授权,2021-08-13,,False,人工智能
002230.SZ,科大讯飞,语音交互方法及装置,科大讯飞股份有限公司,2017105392277,CN107316643B,G10L15/22(2006.01); G10L15/18(2013.01); G06F40/30(2020.01),授权发明,授权,2021-08-17,,False,人工智能
002230.SZ,科大讯飞,弹幕展示方法及装置,科大讯飞股份有限公司,2018102925429,CN108566565B,H04N21/4788(2011.01); H04N21/435(2011.01); G06F40/289(2020.01),授权发明,授权,2021-08-17,,False,人工智能
002230.SZ,科大讯飞,一种音频传输方法、设备及系统,科大讯飞股份有限公司,2018105757887,CN108738007B,H04W4/80(2018.01); H04W28/06(2009.01); H04L12/953(2013.01),授权发明,授权,2021-08-17,,False,人工智能
002230.SZ,科大讯飞,消息处理方法及装置,科大讯飞股份有限公司,2018108726927,CN108899035B,G10L17/14(2013.01); G10L17/24(2013.01); G10L15/26(2006.01); G10L15/00(2013.01); G06Q30/02(2012.01); G06F40/284(2020.01),授权发明,授权,2021-08-17,,False,人工智能
002230.SZ,科大讯飞,一种滤波器更新方法及装置,科大讯飞股份有限公司,2018110338671,CN108986837B,G10L21/0208(2013.01),授权发明,授权,2021-08-17,,False,人工智能
002230.SZ,科大讯飞,一种语音评测方法、装置、设备及可读存储介质,科大讯飞股份有限公司,2018110738693,CN109192224B,G10L25/60(2013.01); G10L25/03(2013.01); G10L15/06(2013.01),授权发明,授权,2021-08-17,,False,人工智能
002230.SZ,科大讯飞,智能终端的测试方法及测试系统,科大讯飞股份有限公司,2018112162772,CN109362017B,H04R29/00(2006.01),授权发明,授权,2021-08-17,,False,人工智能
002230.SZ,科大讯飞,一种弹幕广告投放方法及装置,科大讯飞股份有限公司,2018112891819,CN109003149B,G06Q30/02(2012.01),授权发明,授权,2021-08-17,,False,人工智能
002230.SZ,科大讯飞,一种哈希参数确定方法、装置、设备及存储介质,科大讯飞股份有限公司,2018115920669,CN109710793B,G06F16/583(2019.01); G06F16/51(2019.01); G06K9/62(2006.01),授权发明,授权,2021-08-17,,False,人工智能
002230.SZ,科大讯飞,一种基于自动检测的病历质检方法、装置、设备及存储介质,"科大讯飞股份有限公司,清华大学",2019103977232,CN110136788B,G16H10/60(2018.01); G06F40/289(2020.01); G06K9/62(2006.01); G06N3/04(2006.01); G06N3/08(2006.01),授权发明,授权,2021-08-17,,False,人工智能
002230.SZ,科大讯飞,电压匹配电路和系统,科大讯飞股份有限公司,2019110374494,CN110708633B,H04R3/00(2006.01),授权发明,授权,2021-08-17,,False,人工智能
002230.SZ,科大讯飞,触摸按键的响应方法、装置、电子设备和存储介质,科大讯飞股份有限公司,201911191047X,CN111124200B,G06F3/0481(2013.01); G06F3/0488(2013.01); G06F3/02(2006.01),授权发明,授权,2021-08-17,,False,人工智能
002230.SZ,科大讯飞,视频会议参会人标识处理方法、装置、设备及存储介质,科大讯飞股份有限公司,2020104242429,CN111447400B,H04N7/15(2006.01),授权发明,授权,2021-08-17,,False,人工智能
002230.SZ,科大讯飞,交叉口交通信号控制方法、装置和设备,"科大讯飞股份有限公司,讯飞智元信息科技有限公司",2019113754654,CN111179611B,G08G1/08(2006.01); G08G1/083(2006.01),授权发明,授权,2021-09-07,,False,人工智能
002230.SZ,科大讯飞,交叉口车道功能生成方法、装置和设备,"科大讯飞股份有限公司,讯飞智元信息科技有限公司",2019113780080,CN111179612B,G08G1/081(2006.01); G08G1/07(2006.01),授权发明,授权,2021-09-07,,False,人工智能
002230.SZ,科大讯飞,一种智能阅读推荐方法与装置、电子设备,科大讯飞股份有限公司,2017107244424,CN107679070B,G06F16/432(2019.01);G06F16/435(2019.01);G06F16/44(2019.01),授权发明,授权,2021-10-01,,False,人工智能
002230.SZ,科大讯飞,成绩预测方法及装置、存储介质、电子设备,科大讯飞股份有限公司,2017112087495,CN108171358B,G06Q10/04(2012.01);G06Q50/20(2012.01);G06F40/289(2020.01);G06K9/62(2006.01),授权发明,授权,2021-10-01,,False,人工智能
002230.SZ,科大讯飞,激活函数的实现方法及装置、存储介质、电子设备,科大讯飞股份有限公司,2018102293344,CN108647045B,G06F9/38(2006.01);G06N20/00(2019.01),授权发明,授权,2021-10-01,,False,人工智能
002230.SZ,科大讯飞,一种声纹模型训练的方法和系统,科大讯飞股份有限公司,2018113020054,CN109378003B,G10L17/04(2013.01);G10L17/20(2013.01),授权发明,授权,2021-10-01,,False,人工智能
002230.SZ,科大讯飞,一种神经网络的前向推理方法、装置、设备及存储介质,科大讯飞股份有限公司,2019101884676,CN109919315B,G06N5/04(2006.01),授权发明,授权,2021-10-01,,False,人工智能
002230.SZ,科大讯飞,一种裁判量刑偏离度预测方法及装置,科大讯飞股份有限公司,2019105995945,CN110287292B,G06F16/33(2019.01); G06F40/30(2020.01),授权发明,授权,2021-10-01,,False,人工智能
002230.SZ,科大讯飞,功能按键展示方法、装置、电子设备和存储介质,科大讯飞股份有限公司,2019112759966,CN111124242B,G06F3/0488(2013.01),授权发明,授权,2021-10-01,,False,人工智能
002230.SZ,科大讯飞,一种自然语言语句评价方法及装置,科大讯飞股份有限公司,2017100410940,CN108319581B,G06F40/284(2020.01);G06F40/30(2020.01);G06F40/216(2020.01);G06F40/211(2020.01);G06Q10/06(2012.01),授权发明,授权,2021-10-08,,False,人工智能
002230.SZ,科大讯飞,输入法的候选结果生成方法及装置、存储介质、电子设备,科大讯飞股份有限公司,2017107746223,CN107678560B,G06F3/023(2006.01);G06F40/284(2020.01),授权发明,授权,2021-10-08,,False,人工智能
002230.SZ,科大讯飞,语音翻译处理方法及装置,科大讯飞股份有限公司,2017111072223,CN107886940B,G10L15/00(2013.01);G10L15/02(2006.01);G10L15/26(2006.01);G06F40/58(2020.01),授权发明,授权,2021-10-08,,False,人工智能
002230.SZ,科大讯飞,测试用例选取方法及装置,科大讯飞股份有限公司,2018101551777,CN108228469B,G06F11/36(2006.01),授权发明,授权,2021-10-08,,False,人工智能
002230.SZ,科大讯飞,一种语音播报方法、装置及系统,科大讯飞股份有限公司,2018109715402,CN109036372B,G10L13/02(2013.01);G10L13/08(2013.01),授权发明,授权,2021-10-08,,False,人工智能
002230.SZ,科大讯飞,一种回声消除方法及装置,科大讯飞股份有限公司,2018112513213,CN109087662B,G10L21/0208(2013.01); G10L13/02(2013.01); G10L13/08(2013.01); H04L29/08(2006.01),授权发明,授权,2021-10-08,,False,人工智能
002230.SZ,科大讯飞,一种音频数据的对象识别方法、装置、设备及存储介质,科大讯飞股份有限公司,2018115809553,CN109410956B,G10L17/08(2013.01);G10L17/02(2013.01);G10L17/04(2013.01),授权发明,授权,2021-10-08,,False,人工智能
002230.SZ,科大讯飞,个性化口令生成方法及系统,科大讯飞股份有限公司,2018115838791,CN109818737B,H04L9/08(2006.01);G06K9/62(2006.01),授权发明,授权,2021-10-08,,False,人工智能
002230.SZ,科大讯飞,一种微表情特征提取方法、装置、设备及可读存储介质,科大讯飞股份有限公司,2019100631389,CN109840485B,G06K9/00(2006.01);G06N3/04(2006.01),授权发明,授权,2021-10-08,,False,人工智能
002230.SZ,科大讯飞,一种印章检测方法、装置、设备及可读存储介质,科大讯飞股份有限公司,2019102286631,CN110084229B,G06K9/18(2006.01);G06K9/32(2006.01);G06K9/62(2006.01),授权发明,授权,2021-10-08,,False,人工智能
002230.SZ,科大讯飞,一种方言翻译方法及装置,科大讯飞股份有限公司,2019102621288,CN109979432B,G10L15/00(2013.01);G10L15/02(2006.01);G10L15/06(2013.01);G06F40/58(2020.01),授权发明,授权,2021-10-08,,False,人工智能
002230.SZ,科大讯飞,一种要素抽取方法、装置、设备及存储介质,科大讯飞股份有限公司,2019103873021,CN110334217B,G06F16/36(2019.01),授权发明,授权,2021-10-08,,False,人工智能
002230.SZ,科大讯飞,语音评测方法及相关装置,科大讯飞股份有限公司,2019104226993,CN110148413B,G10L15/26(2006.01);G10L25/60(2013.01),授权发明,授权,2021-10-08,,False,人工智能
002230.SZ,科大讯飞,自适应学习方法及装置,"科大讯飞股份有限公司,中国科学技术大学",2019105843942,CN110288878B,G09B19/00(2006.01),授权发明,授权,2021-10-08,,False,人工智能
002230.SZ,科大讯飞,车内环境调控方法、装置、电子设备和存储介质,科大讯飞股份有限公司,2020100105687,CN111196124B,B60H1/00(2006.01);E05F15/71(2015.01),授权发明,授权,2021-10-08,,False,人工智能
002230.SZ,科大讯飞,一种模拟输入法操作的方法及装置,科大讯飞股份有限公司,2017112149415,CN107943319B,G06F3/023(2006.01),授权发明,授权,2021-12-03,,False,人工智能
002230.SZ,科大讯飞,音量调整方法及装置、存储介质、电子设备,科大讯飞股份有限公司,2018100960324,CN108391162B,H04N21/439(2011.01);H04N21/442(2011.01),授权发明,授权,2021-12-03,,False,人工智能
002230.SZ,科大讯飞,一种语音翻译方法及装置,科大讯飞股份有限公司,2018101671425,CN108447486B,G10L15/26(2006.01); G10L13/02(2013.01); G10L13/08(2013.01); G06F40/58(2020.01),授权发明,授权,2021-12-03,,False,人工智能
002230.SZ,科大讯飞,柔性触控面板及智能终端,科大讯飞股份有限公司,2018109958245,CN109164936B,G06F3/041(2006.01);H05F3/02(2006.01),授权发明,授权,2021-12-03,,False,人工智能
002230.SZ,科大讯飞,移动机器人的传感器检测控制方法及系统,科大讯飞股份有限公司,2018111596365,CN109405867B,G01D18/00(2006.01),授权发明,授权,2021-12-03,,False,人工智能
002230.SZ,科大讯飞,一种充电测试方法、智能充电产品以及充电测试系统,科大讯飞股份有限公司,2019106056925,CN110308349B,G01R31/00(2006.01);G01R31/385(2019.01);G01R19/165(2006.01),授权发明,授权,2021-12-03,,False,人工智能
002230.SZ,科大讯飞,数学主观题解答步骤的规约方法及系统,科大讯飞股份有限公司,2017114370489,CN107992482B,G06F40/289(2020.01);G06F40/30(2020.01);G06Q50/20(2012.01),授权发明,授权,2021-12-07,,False,人工智能
002230.SZ,科大讯飞,目标图像检索方法及系统,科大讯飞股份有限公司,2018112507180,CN109299304B,G06F16/53(2019.01),授权发明,授权,2021-12-07,,False,人工智能
002230.SZ,科大讯飞,一种数据筛选方法及装置,科大讯飞股份有限公司,2019100743721,CN109599096B,G10L15/06(2013.01);G10L15/14(2006.01);G10L15/183(2013.01),授权发明,授权,2021-12-07,,False,人工智能
002230.SZ,科大讯飞,一种针对音频的评测方法及装置,科大讯飞股份有限公司,2019104232180,CN109979482B,G10L25/03(2013.01);G10L25/30(2013.01);G10L25/51(2013.01),授权发明,授权,2021-12-07,,False,人工智能
002230.SZ,科大讯飞,一种解码网络的插词方法、装置、设备及存储介质,科大讯飞股份有限公司,2019106141082,CN110322884B,G10L15/28(2013.01),授权发明,授权,2021-12-07,,False,人工智能
002230.SZ,科大讯飞,一种视频传输方法、装置、系统、设备及存储介质,科大讯飞股份有限公司,2019111738873,CN110784745B,H04N21/262(2011.01);H04N21/2662(2011.01);H04N21/845(2011.01);H04N21/6375(2011.01);H04N19/117(2014.01);H04N19/124(2014.01);H04N19/146(2014.01),授权发明,授权,2021-12-07,,False,人工智能
002230.SZ,科大讯飞,显示控制方法、装置、双屏终端和存储介质,科大讯飞股份有限公司,2020103343780,CN111522426B,G06F1/3234(2019.01),授权发明,授权,2021-12-07,,False,人工智能
002230.SZ,科大讯飞,一种文本分类方法及系统,科大讯飞股份有限公司,2016101419312,CN107180023B,G06F40/289(2020.01);G06F40/30(2020.01),授权发明,授权,2022-01-04,,False,人工智能
002230.SZ,科大讯飞,一种语音识别方法及装置,科大讯飞股份有限公司,2019101305550,CN109903750B,G10L15/02(2006.01);G10L25/12(2013.01);G10L25/24(2013.01),授权发明,授权,2022-01-04,,False,人工智能
002230.SZ,科大讯飞,文本断句方法及系统,科大讯飞股份有限公司,201610993731X,CN108090038B,G06F40/211(2020.01);G06F40/289(2020.01);G10L15/06(2013.01);G10L15/26(2006.01),授权发明,授权,2022-01-14,,False,人工智能
002230.SZ,科大讯飞,一种声纹确认方法、装置、设备及可读存储介质,科大讯飞股份有限公司,2018106635887,CN110634489B,G10L17/02(2013.01);G10L17/04(2013.01),授权发明,授权,2022-01-14,,False,人工智能
002230.SZ,科大讯飞,一种声纹识别方法、装置、设备及存储介质,"科大讯飞股份有限公司,咪咕数字传媒有限公司",2019107355619,CN110570869B,G10L17/00(2013.01);G10L17/02(2013.01);G10L17/04(2013.01),授权发明,授权,2022-01-14,,False,人工智能
002230.SZ,科大讯飞,解码网络构建方法、语音识别方法、装置、设备及存储介质,科大讯飞股份有限公司,2019109831963,CN110610700B,G10L15/18(2013.01);G10L15/08(2006.01);G10L15/26(2006.01),授权发明,授权,2022-01-14,,False,人工智能
002230.SZ,科大讯飞,车辆行驶控制方法、装置、设备及存储介质,科大讯飞股份有限公司,2020109343816,CN112009470B,B60W30/09(2012.01);B60W30/095(2012.01);G08G1/16(2006.01),授权发明,授权,2022-01-14,,False,人工智能
002230.SZ,科大讯飞,语音识别方法和装置,"科大讯飞股份有限公司,中国科学技术大学",2016107959189,CN106328147B,G10L15/26(2006.01); G10L15/197(2013.01); G10L15/18(2013.01),授权发明,授权,2022-02-01,,False,人工智能
002230.SZ,科大讯飞,排比句识别方法及系统,科大讯飞股份有限公司,2016112063176,CN108241609B,G06F40/279(2020.01),授权发明,授权,2022-02-01,,False,人工智能
002230.SZ,科大讯飞,人物轨迹生成方法及装置、存储介质、电子设备,科大讯飞股份有限公司,2018103482748,CN108875548B,G06K9/00(2006.01),授权发明,授权,2022-02-01,,False,人工智能
002230.SZ,科大讯飞,知识库构建方法和装置,科大讯飞股份有限公司,2018115741813,CN109800879B,G06N5/02(2006.01);G06F16/36(2019.01),授权发明,授权,2022-02-01,,False,人工智能
002230.SZ,科大讯飞,一种回复生成方法及装置,"科大讯飞股份有限公司,河北省讯飞人工智能研究院",2019103503664,CN110069612B,G06F16/332(2019.01);G06F16/33(2019.01),授权发明,授权,2022-02-01,,False,人工智能
002230.SZ,科大讯飞,一种声纹模型的确定方法、装置、设备及存储介质,"科大讯飞股份有限公司,咪咕数字传媒有限公司",2019108375802,CN110517698B,G10L17/02(2013.01);G10L17/04(2013.01),授权发明,授权,2022-02-01,,False,人工智能
002230.SZ,科大讯飞,输入切换方法、装置、电子设备和存储介质,科大讯飞股份有限公司,2019112214432,CN111124222B,G06F3/023(2006.01);G06F3/0484(2013.01);G06F3/0488(2013.01),授权发明,授权,2022-02-01,,False,人工智能
002230.SZ,科大讯飞,刑事案件智能证据校验方法、审查方法及具有其的存储介质和终端设备,"科大讯飞股份有限公司,上海市高级人民法院",2017104263616,CN107358550B,G06Q50/18(2012.01);G06Q50/26(2012.01);G06Q10/10(2012.01),授权发明,未缴年费专利权终止,2022-02-22,,False,人工智能
002230.SZ,科大讯飞,一种文本处理方法及装置,科大讯飞股份有限公司,2016110459253,CN108090099B,G06F16/35(2019.01);G06F40/30(2020.01),授权发明,授权,2022-02-25,,False,人工智能
002230.SZ,科大讯飞,可通行区域检测方法及装置、存储介质、电子设备,科大讯飞股份有限公司,2017112072235,CN108256413B,G06K9/00(2006.01);G06K9/62(2006.01),授权发明,授权,2022-02-25,,False,人工智能
002230.SZ,科大讯飞,维语子词切分方法及装置,科大讯飞股份有限公司,2017114892101,CN107977364B,G06F40/289(2020.01);G06F16/35(2019.01),授权发明,授权,2022-02-25,,False,人工智能
002230.SZ,科大讯飞,一种数学公式识别方法、装置、设备及存储介质,科大讯飞股份有限公司,2018109211453,CN109241861B,G06K9/00(2006.01);G06K9/62(2006.01);G06T3/40(2006.01),授权发明,授权,2022-02-25,,False,人工智能
002230.SZ,科大讯飞,一种信息提取方法及装置,科大讯飞股份有限公司,2018114876264,CN109635798B,G06V10/22(2022.01); G06V30/148(2022.01),授权发明,授权,2022-02-25,,False,人工智能
002230.SZ,科大讯飞,一种语音交互方法及装置,科大讯飞股份有限公司,2018115135349,CN109377998B,G10L15/22(2006.01); G10L15/04(2013.01),授权发明,授权,2022-02-25,,False,人工智能
002230.SZ,科大讯飞,一种语音翻译方法及装置,科大讯飞股份有限公司,201910199082X,CN109979461B,G10L15/26(2006.01);G06F40/58(2020.01),授权发明,授权,2022-02-25,,False,人工智能
002230.SZ,科大讯飞,一种音频信号增强处理的方法和相关装置,科大讯飞股份有限公司,2019108937000,CN110610714B,G10L21/007(2013.01);G10L21/02(2013.01);G10L25/15(2013.01),授权发明,授权,2022-02-25,,False,人工智能
002230.SZ,科大讯飞,一种针对交通载具内人员的遮阳方法、装置、系统及汽车,科大讯飞股份有限公司,2019113390569,CN111114252B,B60J3/04(2006.01),授权发明,授权,2022-02-25,,False,人工智能
002230.SZ,科大讯飞,一种警示装置智能定位方法、系统、设备及存储介质,科大讯飞股份有限公司,2019114207679,CN111101454B,E01F9/608(2016.01);G01S19/14(2010.01),授权发明,授权,2022-02-25,,False,人工智能
002230.SZ,科大讯飞,笔迹显示处理方法、相关装置及笔迹互操作系统,科大讯飞股份有限公司,2020104998351,CN111638851B,G06F3/04883(2022.01); G06F3/14(2006.01),授权发明,授权,2022-02-25,,False,人工智能
002230.SZ,科大讯飞,人员分组方法及装置、存储介质、电子设备,科大讯飞股份有限公司,2018102730416,CN108763246B,G06F16/35(2019.01); G06F40/289(2020.01),授权发明,授权,2022-04-22,,False,人工智能
002230.SZ,科大讯飞,一种文本朝向检测方法及装置,科大讯飞股份有限公司,2018103613087,CN108509960B,G06V30/184(2022.01);G06V30/142(2022.01),授权发明,授权,2022-04-22,,False,人工智能
002230.SZ,科大讯飞,图形题目的判别方法、评估方法、装置、设备及存储介质,科大讯飞股份有限公司,2018113526102,CN109409329B,G06V30/32(2022.01);G06V30/40(2022.01),授权发明,授权,2022-04-22,,False,人工智能
002230.SZ,科大讯飞,声纹表征模型的训练方法及相关装置,"科大讯飞股份有限公司,咪咕数字传媒有限公司",2019108174911,CN110491393B,G10L17/04(2013.01);G10L17/02(2013.01);G10L17/18(2013.01),授权发明,授权,2022-04-22,,False,人工智能
002230.SZ,科大讯飞,语音关键词识别方法、装置、电子设备和存储介质,科大讯飞股份有限公司,2019108915980,CN110610707B,G10L15/26(2006.01);G10L15/02(2006.01);G10L25/30(2013.01);G06N3/04(2006.01);G06N3/08(2006.01),授权发明,授权,2022-04-22,,False,人工智能
002230.SZ,科大讯飞,填空题标准答案确定方法、装置、电子设备和存储介质,科大讯飞股份有限公司,2020102662789,CN111402659B,G09B7/02(2006.01); G09B7/04(2006.01); G09B7/06(2006.01); G06F40/35(2020.01),授权发明,授权,2022-04-22,,False,人工智能
002230.SZ,科大讯飞,一种车头时距预测方法、装置、设备及存储介质,"科大讯飞股份有限公司,讯飞智元信息科技有限公司",2020103307750,CN111489552B,G08G1/01(2006.01),授权发明,授权,2022-04-22,,False,人工智能
002230.SZ,科大讯飞,内容数据处理方法和装置、计算机可读存储介质,科大讯飞股份有限公司,2018104747303,CN108830639B,G06Q30/02(2012.01);H04N21/2668(2011.01);H04N21/81(2011.01),授权发明,授权,2022-04-26,,False,人工智能
002230.SZ,科大讯飞,一种前馈序列记忆神经网络及其构建方法和系统,科大讯飞股份有限公司,2015109987047,CN106919977B,G06N3/04(2006.01),授权发明,授权,2022-05-17,,False,人工智能
002230.SZ,科大讯飞,版面分栏方法及装置,科大讯飞股份有限公司,2017113658982,CN108021900B,G06V30/414(2022.01),授权发明,授权,2022-05-17,,False,人工智能
002230.SZ,科大讯飞,多媒体信息推荐方法及装置,科大讯飞股份有限公司,2018101450846,CN108388624B,G06F16/435(2019.01),授权发明,授权,2022-05-17,,False,人工智能
002230.SZ,科大讯飞,一种虚拟形象生成方法、装置、设备以及可读存储介质,科大讯飞股份有限公司,2018103004587,CN108510437B,G06T3/00(2006.01); G06T17/00(2006.01),授权发明,授权,2022-05-17,,False,人工智能
002230.SZ,科大讯飞,识别文本展示方法及装置,科大讯飞股份有限公司,2018103306125,CN108536654B,G06F40/30(2020.01);G06F40/106(2020.01);G06F40/109(2020.01),授权发明,授权,2022-05-17,,False,人工智能
002230.SZ,科大讯飞,信息推荐方法、装置、系统、设备及可读存储介质,科大讯飞股份有限公司,2018105310623,CN108446410B,G06F16/9535(2019.01);G06F16/9536(2019.01),授权发明,授权,2022-05-17,,False,人工智能
002230.SZ,科大讯飞,一种属性名表征方法及装置,科大讯飞股份有限公司,2018106383782,CN108763221B,G06F40/295(2020.01);G06F40/30(2020.01);G06N3/02(2006.01),授权发明,授权,2022-05-17,,False,人工智能
002230.SZ,科大讯飞,一种数据评测方法、装置、设备及可读存储介质,科大讯飞股份有限公司,2018110994740,CN109273023B,G10L25/51(2013.01);G10L25/78(2013.01),授权发明,授权,2022-05-17,,False,人工智能
002230.SZ,科大讯飞,一种表情推荐方法及装置,科大讯飞股份有限公司,2018115135372,CN109597493B,G06F3/02(2006.01),授权发明,授权,2022-05-17,,False,人工智能
002230.SZ,科大讯飞,遥控器键值下发方法、装置、设备、遥控器及存储介质,科大讯飞股份有限公司,2018115920226,CN109639814B,H04L67/06(2022.01);G08C23/04(2006.01),授权发明,授权,2022-05-17,,False,人工智能
002230.SZ,科大讯飞,一种通话故障检测方法、装置、设备及存储介质,科大讯飞股份有限公司,2019109541744,CN110636176B,G10L15/05(2013.01);H04M3/08(2006.01);H04M3/22(2006.01);H04M7/00(2006.01),授权发明,授权,2022-05-17,,False,人工智能
002230.SZ,科大讯飞,一种双语种混合语音识别方法、装置、设备及存储介质,科大讯飞股份有限公司,2019110172929,CN110634487B,G10L15/26(2006.01); G10L15/06(2013.01),授权发明,授权,2022-05-17,,False,人工智能
002230.SZ,科大讯飞,语音识别方法、装置、电子设备和存储介质,科大讯飞股份有限公司,2019110662684,CN110782882B,G10L15/06(2013.01);G10L15/26(2006.01);G10L15/05(2013.01);G10L25/78(2013.01),授权发明,授权,2022-05-17,,False,人工智能
002230.SZ,科大讯飞,基于智能终端的音频共享方法及相关装置,科大讯飞股份有限公司,2019113839224,CN111131616B,G10L15/22(2006.01); H04M1/72433(2021.01); H04M1/72457(2021.01),授权发明,授权,2022-05-17,,False,人工智能
002230.SZ,科大讯飞,语种识别方法、装置、电子设备和存储介质,科大讯飞股份有限公司,202010187616X,CN111445898B,G10L15/00(2013.01);G10L15/02(2006.01);G10L15/06(2013.01);G10L15/18(2013.01),授权发明,授权,2022-05-17,,False,人工智能
002230.SZ,科大讯飞,应用于热释电红外传感器的人体识别方法以及装置,科大讯飞股份有限公司,2020109759145,CN112129419B,G01J5/34(2022.01);G01J5/00(2022.01),授权发明,授权,2022-05-17,,False,人工智能
002230.SZ,科大讯飞,车道偏离预警方法、装置、电子设备和存储介质,科大讯飞股份有限公司,202011147268X,CN112172829B,B60W40/06(2012.01);B60W40/09(2012.01);G06V20/58(2022.01);B60Q9/00(2006.01),授权发明,授权,2022-05-17,,False,人工智能
002230.SZ,科大讯飞,辅助驾驶方法及系统,科大讯飞股份有限公司,2020115886788,CN112606836B,B60W30/08(2012.01),授权发明,授权,2022-05-17,,False,人工智能
002230.SZ,科大讯飞,语音识别方法、装置及存储介质,"科大讯飞股份有限公司,中国科学技术大学",2020116417513,CN112767917B,G10L15/02(2006.01); G10L15/26(2006.01); G10L25/24(2013.01); G10L15/16(2006.01),授权发明,专利权转移,2022-05-17,,False,人工智能
002230.SZ,科大讯飞,语音识别方法、语音识别模型的训练方法以及相关装置,科大讯飞股份有限公司,2021116660069,CN114005438B,G10L15/18(2013.01);G10L15/22(2006.01);G10L15/26(2006.01);G10L15/06(2013.01),授权发明,授权,2022-05-17,,False,人工智能
002230.SZ,科大讯飞,一种声学模型构建方法及装置、电子设备,科大讯飞股份有限公司,2017106402168,CN109326278B,G10L13/08(2013.01);G10L25/27(2013.01),授权发明,授权,2022-06-07,,False,人工智能
002230.SZ,科大讯飞,一种对象评估方法及装置,科大讯飞股份有限公司,2017114450021,CN108038627B,G06Q10/06(2012.01);G06Q50/26(2012.01);G06F16/9535(2019.01);G06F16/35(2019.01),授权发明,授权,2022-06-07,,False,人工智能
002230.SZ,科大讯飞,唤醒词评估方法及装置、存储介质、电子设备,科大讯飞股份有限公司,2018101596532,CN108536668B,G06F40/30(2020.01);G06F40/289(2020.01);G06F40/216(2020.01);G06F16/36(2019.01);G10L15/02(2006.01);G10L15/26(2006.01),授权发明,授权,2022-06-07,,False,人工智能
002230.SZ,科大讯飞,个性化词获取方法及装置,科大讯飞股份有限公司,2018104563329,CN108733650B,G06F40/279(2020.01);G06F40/289(2020.01);G10L15/26(2006.01),授权发明,授权,2022-06-07,,False,人工智能
002230.SZ,科大讯飞,语音唤醒方法、装置、系统、设备、服务器及存储介质,科大讯飞股份有限公司,2018115565262,CN109378000B,G10L15/22(2006.01),授权发明,授权,2022-06-07,,False,人工智能
002230.SZ,科大讯飞,一种智能可穿戴设备的蓝牙连接方法及系统,科大讯飞股份有限公司,2019102187975,CN109831767B,H04W4/80(2018.01); H04W12/06(2021.01); H04W76/14(2018.01),授权发明,授权,2022-06-07,,False,人工智能
002230.SZ,科大讯飞,一种语音评测方法及相关装置,科大讯飞股份有限公司,2019109878847,CN110797049B,G10L25/60(2013.01),授权发明,授权,2022-06-07,,False,人工智能
002230.SZ,科大讯飞,单词音节重读检错方法、装置、电子设备和存储介质,"科大讯飞股份有限公司,北京外研讯飞教育科技有限公司,南京大学",2019112271933,CN110992986B,G10L25/51(2013.01);G10L25/30(2013.01);G10L25/03(2013.01);G10L25/24(2013.01),授权发明,专利权转移,2022-06-07,,False,人工智能
002230.SZ,科大讯飞,基于语音的评分方法及相关装置,科大讯飞股份有限公司,2019113400880,CN111081229B,G10L15/08(2006.01);G10L15/14(2006.01);G10L15/22(2006.01);G10L15/06(2013.01),授权发明,授权,2022-06-07,,False,人工智能
002230.SZ,科大讯飞,头型矫正方法、头型矫正装置以及枕头,科大讯飞股份有限公司,2020100327131,CN111195167B,A61F5/01(2006.01),授权发明,授权,2022-06-07,,False,人工智能
002230.SZ,科大讯飞,麦克风增益调整方法、相关设备及可读存储介质,科大讯飞股份有限公司,2020107766286,CN111818413B,H04R1/08(2006.01);H04R3/00(2006.01);H04R29/00(2006.01),授权发明,授权,2022-06-07,,False,人工智能
002230.SZ,科大讯飞,视野调整方法及电子设备、存储装置,科大讯飞股份有限公司,2020109178645,CN112261281B,H04N5/232(2006.01);H04N5/262(2006.01),授权发明,授权,2022-08-02,,False,人工智能
002230.SZ,科大讯飞,智能引擎接入和调用方法及相关平台、装置、设备、介质,"科大讯飞股份有限公司,中国科学技术大学",2022104140176,CN114510298B,G06F9/445(2018.01);G06F9/448(2018.01),授权发明,专利权转移,2022-08-02,,False,人工智能
002230.SZ,科大讯飞,特征提取方法、装置、电子设备及存储介质,科大讯飞股份有限公司,2019106948867,CN110495854B,A61B5/00(2006.01); A61B3/113(2006.01),授权发明,授权,2022-08-05,,False,人工智能
002230.SZ,科大讯飞,多方言识别方法、装置、设备及可读存储介质,科大讯飞股份有限公司,2019108525570,CN110517664B,G10L15/00(2013.01);G10L15/06(2013.01);G10L15/08(2006.01),授权发明,授权,2022-08-05,,False,人工智能
002230.SZ,科大讯飞,音质异常数据检测方法、装置、电子设备及存储介质,科大讯飞股份有限公司,2019113795851,CN110910900B,G10L25/60(2013.01); G10L25/78(2013.01); G10L25/30(2013.01); G10L25/24(2013.01); G10L25/21(2013.01); G10L25/03(2013.01); G06N3/08(2006.01); G06N3/04(2006.01),授权发明,授权,2022-08-05,,False,人工智能
002230.SZ,科大讯飞,一种基于文本信息的辅助说话人分离方法及相关装置,科大讯飞股份有限公司,2019114248753,CN111128223B,G10L21/0272(2013.01);G10L25/03(2013.01),授权发明,授权,2022-08-05,,False,人工智能
002230.SZ,科大讯飞,身份验证方法、装置、电子设备和存储介质,科大讯飞股份有限公司,2020100334737,CN111241501B,G06F21/31(2013.01),授权发明,授权,2022-08-05,,False,人工智能
002230.SZ,科大讯飞,试题难度预估方法、装置、电子设备和存储介质,"科大讯飞股份有限公司,清华大学",2020100848143,CN111310463B,G06F40/289(2020.01);G06F40/30(2020.01);G06N3/04(2006.01);G06N3/08(2006.01),授权发明,授权,2022-08-05,,False,人工智能
002230.SZ,科大讯飞,一种资源集群自动分发及热更新系统及方法,科大讯飞股份有限公司,2020101533278,CN111416842B,H04L67/06(2022.01); H04L9/40(2022.01); H04L9/32(2006.01); G06F16/23(2019.01),授权发明,授权,2022-08-05,,False,人工智能
002230.SZ,科大讯飞,输入方法、装置、设备及存储介质,科大讯飞股份有限公司,2020111035334,CN112199031B,G06F3/0488(2022.01);G06F3/0481(2022.01);G06F3/023(2006.01),授权发明,授权,2022-08-05,,False,人工智能
002230.SZ,科大讯飞,输入面板展示方法、相关设备及可读存储介质,科大讯飞股份有限公司,2020113224152,CN112463014B,G06F3/0488(2022.01); G06F3/023(2006.01),授权发明,授权,2022-08-05,,False,人工智能
002230.SZ,科大讯飞,行车状态识别方法、装置、电子设备和转向灯控制方法,科大讯飞股份有限公司,2020115836030,CN112677977B,B60W40/00(2006.01);B60W40/08(2012.01);B60W40/10(2012.01);B60W40/105(2012.01);B60W40/13(2012.01);B60Q1/34(2006.01);G06V20/59(2022.01);G06V40/16(2022.01),授权发明,授权,2022-08-05,,False,人工智能
002230.SZ,科大讯飞,弹性IP地址的带宽限速方法、相关设备及可读存储介质,科大讯飞股份有限公司,2021100332789,CN112866019B,H04L41/0896(2022.01);H04L47/20(2022.01),授权发明,授权,2022-08-05,,False,人工智能
002230.SZ,科大讯飞,法条推荐方法、设备和存储介质,"科大讯飞股份有限公司,科大讯飞(北京)有限公司,科大讯飞（北京）有限公司,河北省讯飞人工智能研究院",2019107280716,CN110569350B,G06F16/335(2019.01);G06F16/35(2019.01);G06F16/36(2019.01);G06Q50/18(2012.01),授权发明,专利权转移,2022-08-09,,False,人工智能
002230.SZ,科大讯飞,候选词筛选方法及相关设备,科大讯飞股份有限公司,2018102993500,CN108549493B,G06F3/023(2006.01);G06F40/284(2020.01);G10L15/02(2006.01);G10L15/18(2013.01);G10L25/90(2013.01),授权发明,授权,2022-10-04,,False,人工智能
002230.SZ,科大讯飞,云物理机的部署方法、相关设备及可读存储介质,科大讯飞股份有限公司,2021100332492,CN112769829B,H04L9/40(2022.01);H04L61/5007(2022.01);H04L45/74(2022.01),授权发明,授权,2022-10-04,,False,人工智能
002230.SZ,科大讯飞,波形生成方法以及相关模型的训练方法和相关设备、装置,"科大讯飞股份有限公司,中国科学技术大学",2021100560643,CN112820267B,G10L13/02(2013.01);G10L25/03(2013.01);G10L25/18(2013.01);G10L25/27(2013.01),授权发明,专利权转移,2022-10-04,,False,人工智能
002230.SZ,科大讯飞,调光板、车辆挡风板和车辆,科大讯飞股份有限公司,2021106863122,CN113376918B,G02F1/155(2006.01);G02F1/163(2006.01);G02F1/153(2006.01);B60J3/04(2006.01),授权发明,授权,2022-10-04,,False,人工智能
002230.SZ,科大讯飞,一种智能救援系统,科大讯飞股份有限公司,2021109486119,CN113734087B,B60R21/01(2006.01);B60R21/00(2006.01);B60R21/013(2006.01);B60R21/36(2011.01);G08B25/00(2006.01),授权发明,授权,2022-10-04,,False,人工智能
002230.SZ,科大讯飞,问询处理方法及系统,科大讯飞股份有限公司,2018114267745,CN109543020B,G06F16/332(2019.01);G06F40/30(2020.01);G10L15/26(2006.01),授权发明,授权,2022-11-04,,False,人工智能
002230.SZ,科大讯飞,一种声纹信息提取模型生成、声纹信息提取的方法和装置,科大讯飞股份有限公司,2018115830164,CN109584887B,G10L17/04(2013.01);G10L17/18(2013.01);G10L17/02(2013.01),授权发明,授权,2022-12-02,,False,人工智能
002230.SZ,科大讯飞,人机交互优化方法以及相关装置,科大讯飞股份有限公司,2020102145674,CN111428017B,G06F16/332(2019.01);G06F40/35(2020.01);G06K9/62(2022.01);G10L15/22(2006.01);G10L25/30(2013.01),授权发明,授权,2022-12-02,,False,人工智能
002230.SZ,科大讯飞,一种轮胎磨损情况判断方法、装置、设备及存储介质,科大讯飞股份有限公司,2020108270786,CN111907265B,B60C11/24(2006.01); B60W40/12(2012.01),授权发明,授权,2022-12-02,,False,人工智能
002230.SZ,科大讯飞,一种文本语义表达方法及装置,科大讯飞股份有限公司,2018109429472,CN109062902B,G06F40/35(2020.01),授权发明,授权,2022-12-06,,False,人工智能
002230.SZ,科大讯飞,一种问题答案确定方法及相关装置,科大讯飞股份有限公司,2019108380887,CN110674272B,G06F16/332(2019.01),授权发明,授权,2022-12-06,,False,人工智能
002230.SZ,科大讯飞,文本实体类型识别方法、装置、电子设备和存储介质,科大讯飞股份有限公司,201911060988X,CN110825875B,G06F16/35(2019.01);G06F16/36(2019.01),授权发明,变更,2022-12-06,,False,人工智能
002230.SZ,科大讯飞,语音服务云平台、提供语音服务的方法、装置及存储介质,"科大讯飞股份有限公司,人民法院信息技术服务中心",2019111187103,CN110839080B,H04L67/10(2022.01);G10L15/30(2013.01),授权发明,授权,2022-12-06,,False,人工智能
002230.SZ,科大讯飞,音频质量评价方法、装置、电子设备及计算机存储介质,科大讯飞股份有限公司,2019112508281,CN111161759B,G10L25/60(2013.01);G10L25/18(2013.01);G10L25/24(2013.01);G10L25/27(2013.01),授权发明,授权,2022-12-06,,False,人工智能
002230.SZ,科大讯飞,知识库构建方法、装置、电子设备和存储介质,科大讯飞股份有限公司,2019113302021,CN111125374B,G06F16/36(2019.01);G06F16/35(2019.01);G06F40/30(2020.01),授权发明,授权,2022-12-06,,False,人工智能
002230.SZ,科大讯飞,人机交互方法、装置、设备及可读存储介质,科大讯飞股份有限公司,2019113472179,CN111090733B,G06F16/33(2019.01);G06F16/332(2019.01),授权发明,授权,2022-12-06,,False,人工智能
002230.SZ,科大讯飞,知识库扩充方法、装置、电子设备和存储介质,科大讯飞股份有限公司,2019113688402,CN111125379B,G06F16/36(2019.01);G06F40/30(2020.01);G06F40/205(2020.01);G06K9/62(2022.01),授权发明,授权,2022-12-06,,False,人工智能
002230.SZ,科大讯飞,用户说法挖掘扩增方法、装置、终端及存储介质,科大讯飞股份有限公司,2019113960740,CN111159350B,G06F16/33(2019.01);G06F40/205(2020.01);G06F40/30(2020.01),授权发明,授权,2022-12-06,,False,人工智能
002230.SZ,科大讯飞,信息推荐方法、装置、电子设备及计算机存储介质,科大讯飞股份有限公司,2019114002240,CN111177296B,G06F16/29(2019.01);G06N3/04(2006.01);G06N3/08(2006.01);G10L15/22(2006.01);G10L15/18(2013.01),授权发明,授权,2022-12-06,,False,人工智能
002230.SZ,科大讯飞,摘要提取和摘要抽取模型训练方法及相关装置、存储介质,科大讯飞股份有限公司,2020100254658,CN111241267B,G06F16/34(2019.01),授权发明,授权,2022-12-06,,False,人工智能
002230.SZ,科大讯飞,数据共享方法、设备、存储介质及数据共享系统,科大讯飞股份有限公司,2020104942873,CN111639369B,G06F21/64(2013.01);G06F21/31(2013.01),授权发明,授权,2022-12-06,,False,人工智能
002230.SZ,科大讯飞,基于单目相机的实际瞳距测定方法、装置以及设备,科大讯飞股份有限公司,2020106878227,CN111854620B,G01B11/14(2006.01); A61B3/11(2006.01); G06V20/59(2022.01),授权发明,授权,2022-12-06,,False,人工智能
002230.SZ,科大讯飞,数据集更新方法、相关设备及可读存储介质,科大讯飞股份有限公司,202010757903X,CN111858642B,G06F16/23(2019.01),授权发明,授权,2022-12-06,,False,人工智能
002230.SZ,科大讯飞,图像搜索方法、装置、电子设备及存储介质,科大讯飞股份有限公司,2020109177322,CN112015935B,G06F16/535(2019.01);G06F16/583(2019.01),授权发明,授权,2022-12-06,,False,人工智能
002230.SZ,科大讯飞,相似题推荐方法、装置、电子设备和存储介质,科大讯飞股份有限公司,2020109896142,CN112069295B,G06F16/33(2019.01); G06F16/335(2019.01),授权发明,授权,2022-12-06,,False,人工智能
002230.SZ,科大讯飞,风枪控制系统及方法,科大讯飞股份有限公司,202011439142X,CN112620863B,B23K3/04(2006.01); B23K3/08(2006.01); B23K37/04(2006.01),授权发明,授权,2022-12-06,,False,人工智能
002230.SZ,科大讯飞,一种文本摘要生成方法、装置、电子设备及存储介质,科大讯飞股份有限公司,202011479204X,CN112541073B,G06F16/34(2019.01);G06F3/0484(2022.01),授权发明,授权,2022-12-06,,False,人工智能
002230.SZ,科大讯飞,图像检索重排序方法、装置、电子设备及存储介质,科大讯飞股份有限公司,2020115356781,CN112650869B,G06F16/538(2019.01);G06F16/583(2019.01);G06N3/04(2006.01);G06N3/08(2006.01),授权发明,授权,2022-12-06,,False,人工智能
002230.SZ,科大讯飞,一种语音合成方法、装置、设备及存储介质,科大讯飞股份有限公司,2020115971009,CN112786002B,G10L13/02(2013.01); G10L13/08(2013.01); G10L15/16(2006.01),授权发明,授权,2022-12-06,,False,人工智能
002230.SZ,科大讯飞,安全通信方法及系统、相关设备和装置,科大讯飞股份有限公司,2021105131004,CN113346990B,H04L9/08(2006.01);H04L9/40(2022.01),授权发明,授权,2022-12-23,,False,人工智能
002230.SZ,科大讯飞,一种弹窗位置确定方法、装置、设备及存储介质,科大讯飞股份有限公司（CN）,2019111549424,CN110865865B,G06F9/451(2018.01);G06T7/62(2017.01),授权发明,授权,2023-01-13,,False,人工智能
002230.SZ,科大讯飞,声纹数据重排序方法、装置、电子设备及存储介质,科大讯飞股份有限公司（CN）,2020100184176,CN111222005B,G06F16/635(2019.01); G06F16/638(2019.01),授权发明,授权,2023-01-13,,False,人工智能
002230.SZ,科大讯飞,一种数学题处理方法、装置、设备及存储介质,科大讯飞股份有限公司（CN）,2020109729544,CN112069294B,G06F16/33(2019.01),授权发明,授权,2023-01-13,,False,人工智能
002230.SZ,科大讯飞,行程记录相册生成方法及装置,科大讯飞股份有限公司,2020115932324,CN112685583B,G06F16/58(2019.01);G06F16/55(2019.01),授权发明,授权,2023-01-13,,False,人工智能
002230.SZ,科大讯飞,一种朋友圈生成方法及装置,科大讯飞股份有限公司,2018108647200,CN109062900B,G06Q50/00(2012.01);G06F40/289(2020.01);G06F40/242(2020.01);G06F16/35(2019.01);G06N3/04(2006.01);G06N3/08(2006.01),授权发明,授权,2023-01-17,,False,人工智能
002230.SZ,科大讯飞,一种信息对齐方法、装置、设备及可读存储介质,科大讯飞股份有限公司,2018109348367,CN109033060B,G06F40/169(2020.01);G06F40/30(2020.01);G10L15/26(2006.01),授权发明,授权,2023-01-17,,False,人工智能
002230.SZ,科大讯飞,基于声纹识别的身份认证方法、装置、设备及存储介质,科大讯飞股份有限公司,2018114757458,CN109584886B,G10L17/04(2013.01); G10L17/22(2013.01); H04L9/40(2022.01),授权发明,授权,2023-01-17,,False,人工智能
002230.SZ,科大讯飞,基于文档的交互方法及系统,科大讯飞股份有限公司,2018115964440,CN109857843B,G06F16/332(2019.01); G06F16/33(2019.01); G06F40/30(2020.01),授权发明,授权,2023-01-17,,False,人工智能
002230.SZ,科大讯飞,一种数据库相似语句筛选的方法和装置,科大讯飞股份有限公司,2019100921112,CN109829051B,G06F16/332(2019.01);G06F16/33(2019.01);G06F40/30(2020.01);G06Q30/02(2012.01),授权发明,授权,2023-01-17,,False,人工智能
002230.SZ,科大讯飞,相似文本推荐方法、装置、电子设备和存储介质,科大讯飞股份有限公司,2019110609911,CN110825867B,G06F16/335(2019.01);G06F16/35(2019.01),授权发明,授权,2023-01-17,,False,人工智能
002230.SZ,科大讯飞,语音识别方法及相关产品,科大讯飞股份有限公司,201911389673X,CN111161739B,G10L15/26(2006.01);G10L15/18(2013.01);G10L15/06(2013.01),授权发明,授权,2023-01-17,,False,人工智能
002230.SZ,科大讯飞,人机交互方法、相关设备及可读存储介质,科大讯飞股份有限公司,2019113920353,CN111191034B,G06F16/35(2019.01);G06F16/332(2019.01),授权发明,授权,2023-01-17,,False,人工智能
002230.SZ,科大讯飞,推理问答方法、装置以及设备,科大讯飞股份有限公司,2020103141312,CN111597314B,G06F16/332(2019.01);G06F16/335(2019.01);G06F16/338(2019.01),授权发明,授权,2023-01-17,,False,人工智能
002230.SZ,科大讯飞,视频检索方法、装置、电子设备和存储介质,科大讯飞股份有限公司,2020106203490,CN111782874B,G06F16/735(2019.01); G06F16/75(2019.01),授权发明,授权,2023-01-17,,False,人工智能
002230.SZ,科大讯飞,一种文本的领域分类方法、装置、设备及存储介质,科大讯飞股份有限公司,2020106737680,CN111813940B,G06F16/35(2019.01),授权发明,授权,2023-01-17,,False,人工智能
002230.SZ,科大讯飞,一种资源推荐方法、装置、设备及存储介质,科大讯飞股份有限公司,202010739601X,CN111859144B,G06F16/9535(2019.01); G06F16/36(2019.01),授权发明,授权,2023-01-17,,False,人工智能
002230.SZ,科大讯飞,数据检索方法、装置、设备及存储介质,科大讯飞股份有限公司,2020113370267,CN113220824B,G06F16/33(2019.01);G06F16/335(2019.01);G06F40/279(2020.01),授权发明,授权,2023-01-17,,False,人工智能
002230.SZ,科大讯飞,一种确定热点事件的方法和相关装置,科大讯飞股份有限公司,2020114425642,CN112559745B,G06F16/35(2019.01);G06F16/36(2019.01),授权发明,授权,2023-01-17,,False,人工智能
002230.SZ,科大讯飞,文件存储方法、相关装置及文件存储系统,科大讯飞股份有限公司,2020114791738,CN112506875B,G06F16/172(2019.01);G06F16/11(2019.01),授权发明,授权,2023-01-17,,False,人工智能
002230.SZ,科大讯飞,长文本处理方法、相关设备及可读存储介质,科大讯飞股份有限公司,2020114928092,CN112527992B,G06F16/332(2019.01);G06F16/35(2019.01);G06F16/34(2019.01),授权发明,授权,2023-01-17,,False,人工智能
002230.SZ,科大讯飞,一种称重方法、装置、设备及存储介质,科大讯飞股份有限公司,2020115762287,CN112763030B,G01G3/00(2006.01),授权发明,授权,2023-01-17,,False,人工智能
002230.SZ,科大讯飞,一种基于图片的问答方法、设备及计算机可读存储介质,科大讯飞股份有限公司,2020116328721,CN112800191B,G06F16/332(2019.01); G06N3/04(2006.01); G06N3/08(2006.01),授权发明,授权,2023-01-17,,False,人工智能
002230.SZ,科大讯飞,文本分类模型的训练方法及其设备、存储介质,"科大讯飞股份有限公司,中国科学技术大学",2021101246742,CN112800227B,G06F16/35(2019.01);G06F40/30(2020.01);G06N3/08(2006.01),授权发明,专利权转移,2023-01-17,,False,人工智能
002230.SZ,科大讯飞,路线选择方法及装置,科大讯飞股份有限公司,202110231278X,CN113034958B,G08G1/0968(2006.01),授权发明,授权,2023-01-17,,False,人工智能
002230.SZ,科大讯飞,一种要素内容获取方法、装置、设备及存储介质,科大讯飞股份有限公司,2021103198457,CN113157880B,G06F16/332(2019.01);G06F16/33(2019.01);G06F16/383(2019.01);G06F40/126(2020.01);G06F40/30(2020.01);G06Q50/18(2012.01),授权发明,授权,2023-01-17,,False,人工智能
002230.SZ,科大讯飞,一种人物画像库的更新方法、装置、系统和存储介质,科大讯飞股份有限公司,2021105787441,CN113448975B,G06F16/23(2019.01);G06V10/762(2022.01);G06V10/82(2022.01);G06N3/04(2006.01);G06N3/08(2006.01),授权发明,授权,2023-01-17,,False,人工智能
002230.SZ,科大讯飞,输入法弹幕显示方法、装置、设备及存储介质,科大讯飞股份有限公司,2020111035423,CN112243144B,H04N21/422(2011.01);H04N21/475(2011.01);H04N21/482(2011.01);H04N21/485(2011.01);H04N21/488(2011.01),授权发明,授权,2023-02-17,,False,人工智能
002230.SZ,科大讯飞,语音识别方法和电子设备、存储装置,"科大讯飞股份有限公司,中国科学技术大学",2020113789444,CN112489651B,G10L15/22(2006.01);G10L15/06(2013.01);G10L15/26(2006.01),授权发明,专利权转移,2023-02-17,,False,人工智能
002230.SZ,科大讯飞,虚拟形象的生成方法、装置、设备及存储介质,科大讯飞股份有限公司,2022113105909,CN115375809B,G06T13/40(2011.01);G06V10/80(2022.01);G06V20/40(2022.01);G06V40/16(2022.01);G06V40/18(2022.01);G10L25/63(2013.01),授权发明,授权,2023-03-14,,False,人工智能
002230.SZ,科大讯飞,脸部绑定方法、装置、设备及存储介质,科大讯飞股份有限公司,202211326540X,CN115393532B,G06T17/00(2006.01);G06T13/40(2011.01);G06V40/16(2022.01),授权发明,授权,2023-03-14,,False,人工智能
002230.SZ,科大讯飞,虚拟形象的生成方法、装置、电子设备和存储介质,科大讯飞股份有限公司,2022113265791,CN115439614B,G06T17/00(2006.01); G06T13/40(2011.01); G06V10/774(2022.01); G06V10/80(2022.01); G06V20/40(2022.01); G06V40/16(2022.01); G10L25/03(2013.01),授权发明,授权,2023-03-14,,False,人工智能
002230.SZ,科大讯飞,一种虚拟形象生成方法、装置、电子设备及存储介质,科大讯飞股份有限公司,2022113265876,CN115392216B,G06F40/205(2020.01);G06F40/289(2020.01);G06F16/335(2019.01),授权发明,授权,2023-03-14,,False,人工智能
002230.SZ,科大讯飞,一种对话语料库的扩容方法、装置、设备及存储介质,"科大讯飞股份有限公司,河北省讯飞人工智能研究院",2020111462207,CN112231458B,G06F16/332(2019.01);G06F16/31(2019.01),授权发明,授权,2023-03-21,,False,人工智能
002230.SZ,科大讯飞,虚拟形象的生成方法、装置、设备及存储介质,科大讯飞股份有限公司,2022113265819,CN115393486B,G06T13/40(2011.01);G06T13/20(2011.01),授权发明,授权,2023-03-24,,False,人工智能
002230.SZ,科大讯飞,虚拟人交互方法、装置、电子设备及存储介质,科大讯飞股份有限公司,2022113265734,CN115390678B,G06F3/01(2006.01);G06T13/20(2011.01);G06T13/40(2011.01),授权发明,授权,2023-03-31,,False,人工智能
002230.SZ,科大讯飞,音频数据的处理方法、装置、电子设备及计算机存储介质,科大讯飞股份有限公司,2019111934510,CN111145778B,G10L25/03(2013.01);G10L25/78(2013.01),授权发明,授权,2023-04-04,,False,人工智能
002230.SZ,科大讯飞,认知障碍预测方法及电子设备、存储装置,科大讯飞股份有限公司,2020107744959,CN112086108B,G10L25/66(2013.01);G10L15/26(2006.01);G10L15/32(2013.01),授权发明,授权,2023-04-04,,False,人工智能
002230.SZ,科大讯飞,压缩编码方法及数据封装方法和相关装置、设备、介质,科大讯飞股份有限公司,2021116511929,CN114390285B,H04N19/176(2014.01); H04N19/186(2014.01); H04N19/136(2014.01),授权发明,授权,2023-04-04,,False,人工智能
002230.SZ,科大讯飞,基于人机交互的标注方法及相关装置、设备和介质,科大讯飞股份有限公司,2022112840372,CN115358241B,G06F40/295(2020.01); G06F3/16(2006.01); G06F40/35(2020.01); G10L15/26(2006.01),授权发明,授权,2023-04-04,,False,人工智能
002230.SZ,科大讯飞,基于多任务的座舱内行为检测方法、装置以及设备,科大讯飞股份有限公司,2022113816968,CN115546875B,G06V40/16(2022.01); G06V20/59(2022.01); G06V10/778(2022.01); G06V10/80(2022.01),授权发明,授权,2023-04-04,,False,人工智能
002230.SZ,科大讯飞,一种座舱内手势交互方法及装置,科大讯飞股份有限公司,2022113819063,CN115424356B,G06V40/20(2022.01); G06V10/82(2022.01); G06V10/764(2022.01); G06F3/01(2006.01); G06N3/0464(2023.01); G06N3/08(2023.01),授权发明,授权,2023-04-04,,False,人工智能
002230.SZ,科大讯飞,输入法候选词条确定方法、装置、设备及可读存储介质,科大讯飞股份有限公司,2018107573055,CN108932069B,G06F3/023(2006.01),授权发明,授权,2023-04-07,,False,人工智能
002230.SZ,科大讯飞,一种文本标点调整方法及装置,科大讯飞股份有限公司,2018112224355,CN109255115B,G06F40/10(2020.01);G06F40/216(2020.01);G06F40/30(2020.01),授权发明,授权,2023-04-07,,False,人工智能
002230.SZ,科大讯飞,数学题批改方法及装置,科大讯飞股份有限公司,2019101342916,CN109886851B,G06Q50/20(2012.01);G06N5/04(2023.01);G06N5/045(2023.01);G09B7/00(2006.01),授权发明,授权,2023-04-07,,False,人工智能
002230.SZ,科大讯飞,一种翻译模型训练方法、文本翻译方法及相关装置,科大讯飞股份有限公司,2019105952206,CN110298046B,G06F40/47(2020.01),授权发明,授权,2023-04-07,,False,人工智能
002230.SZ,科大讯飞,翻译方法及相关装置,科大讯飞股份有限公司,2019108023023,CN110705317B,G06F40/58(2020.01);G06F40/56(2020.01),授权发明,授权,2023-04-07,,False,人工智能
002230.SZ,科大讯飞,文本断句方法、装置、电子设备和存储介质,科大讯飞股份有限公司,2019109273543,CN110705254B,G06F40/211(2020.01),授权发明,授权,2023-04-07,,False,人工智能
002230.SZ,科大讯飞,一种加载动态链接库的方法和相关装置,科大讯飞股份有限公司,2020109156909,CN111984342B,G06F9/445(2018.01);G06F11/36(2006.01),授权发明,授权,2023-04-07,,False,人工智能
002230.SZ,科大讯飞,语音识别方法、电子设备及存储装置,"科大讯飞股份有限公司,中国科学技术大学",2020112108224,CN112530421B,G10L15/22(2006.01);G10L15/02(2006.01);G10L15/06(2013.01);G10L15/16(2006.01);G10L15/20(2006.01);G10L15/26(2006.01),授权发明,专利权转移,2023-04-07,,False,人工智能
002230.SZ,科大讯飞,解答题的答案分析方法、电子设备及存储介质,科大讯飞股份有限公司,2020116131501,CN112732868B,G06F16/33(2019.01),授权发明,授权,2023-04-07,,False,人工智能
002230.SZ,科大讯飞,清扫控制方法、相关装置、清扫方法、设备及清扫系统,科大讯飞股份有限公司,2021114081540,CN114176460B,A47L11/24(2006.01); A47L11/28(2006.01); A47L11/40(2006.01),授权发明,授权,2023-04-07,,False,人工智能
002230.SZ,科大讯飞,一种车辆转向控制方法、装置、系统和存储介质,科大讯飞股份有限公司,2021115011009,CN114312997B,B62D6/00(2006.01);B62D101/00(2006.01);B62D113/00(2006.01);B62D137/00(2006.01),授权发明,授权,2023-04-07,,False,人工智能
002230.SZ,科大讯飞,一种自主移动设备唤醒方法、系统及基站,科大讯飞股份有限公司,2022111871034,CN115294983B,G10L15/22(2006.01); G10L15/06(2013.01); G10L15/20(2006.01); G10L21/0216(2013.01),授权发明,授权,2023-04-07,,False,人工智能
002230.SZ,科大讯飞,微控制单元功能测试方法及装置,科大讯飞股份有限公司,2022113955848,CN115562250B,G05B23/02(2006.01),授权发明,授权,2023-04-07,,False,人工智能
002230.SZ,科大讯飞,语病修正推荐方法及系统,科大讯飞股份有限公司,2018115264693,CN109800414B,G06F40/253(2020.01);G06F40/289(2020.01);G06F40/30(2020.01),授权发明,授权,2023-04-18,,False,人工智能
002230.SZ,科大讯飞,一种文本标点确定方法及装置,科大讯飞股份有限公司,2019101570325,CN109858038B,G06F40/279(2020.01);G06F40/166(2020.01);G06N3/08(2023.01),授权发明,授权,2023-04-18,,False,人工智能
002230.SZ,科大讯飞,短语对提取方法、装置、电子设备及可读存储介质,科大讯飞股份有限公司,2019105142938,CN110245361B,G06F40/58(2020.01);G06F40/211(2020.01),授权发明,授权,2023-04-18,,False,人工智能
002230.SZ,科大讯飞,数学题解答方法及装置,科大讯飞股份有限公司,2019105910383,CN110414683B,G06N5/04(2023.01);G06N5/02(2023.01),授权发明,授权,2023-04-18,,False,人工智能
002230.SZ,科大讯飞,输入候选符的展示方法及相关装置,科大讯飞股份有限公司,2019109048278,CN110673747B,G06F3/023(2006.01);G06F3/04847(2022.01);G06F3/04883(2022.01),授权发明,授权,2023-04-18,,False,人工智能
002230.SZ,科大讯飞,语音识别方法、装置、设备及可读存储介质,科大讯飞股份有限公司,2020100588339,CN111276149B,G10L15/26(2006.01);G10L15/24(2013.01);G10L15/16(2006.01);G06V10/22(2022.01);G06V10/764(2022.01);G06F40/289(2020.01);G06F40/30(2020.01),授权发明,授权,2023-04-18,,False,人工智能
002230.SZ,科大讯飞,心率统计方法、装置、电子设备和存储介质,科大讯飞股份有限公司,2020115113629,CN112472120B,G06F18/213(2023.01),授权发明,授权,2023-04-18,,False,人工智能
002230.SZ,科大讯飞,一种身份认证的方法、设备及计算机可读存储介质,科大讯飞股份有限公司,2020115816130,CN112700568B,G07C9/00(2020.01);G06V40/16(2022.01);G06V10/74(2022.01),授权发明,授权,2023-04-18,,False,人工智能
002230.SZ,科大讯飞,图像拼接方法、装置、电子设备和存储介质,科大讯飞股份有限公司,2021103726195,CN113114975B,H04N7/15(2006.01);H04N5/262(2006.01);H04N23/698(2023.01);G06T3/40(2006.01),授权发明,授权,2023-04-18,,False,人工智能
002230.SZ,科大讯飞,清洁机器人及清洁机器人控制方法,科大讯飞股份有限公司,2022114610322,CN115500740B,A47L11/24(2006.01);A47L11/28(2006.01);A47L11/40(2006.01);G10L15/22(2006.01);H04N23/61(2023.01),授权发明,授权,2023-04-18,,False,人工智能
002230.SZ,科大讯飞,数学题解答方法及装置,科大讯飞股份有限公司,201910174797X,CN109961146B,G06N5/025(2023.01); G06N5/045(2023.01); G06N5/046(2023.01),授权发明,授权,2023-05-05,,False,人工智能
002230.SZ,科大讯飞,电子设备响应方法及系统、音箱和计算机可读存储介质,"北京京东尚科信息技术有限公司,科大讯飞股份有限公司",2018112121467,CN111063356B,G10L15/26(2006.01);H04M1/72448(2021.01);H04M1/72454(2021.01),授权发明,授权,2023-05-09,,False,人工智能
002230.SZ,科大讯飞,标准症状抽取方法、装置、电子设备和存储介质,"科大讯飞股份有限公司,讯飞医疗科技股份有限公司",2020104514692,CN111627561B,G16H50/70(2018.01);G16H70/00(2018.01);G06F40/126(2020.01);G06F40/284(2020.01);G06F40/30(2020.01);G06N3/0442(2023.01);G06N3/047(2023.01);G06N3/08(2023.01),授权发明,授权,2023-05-12,,False,人工智能
002230.SZ,科大讯飞,一种虚拟角色模型处理方法、装置、电子设备及存储介质,科大讯飞股份有限公司,2022113271627,CN115393487B,G06T13/40(2011.01);G06T17/00(2006.01),授权发明,授权,2023-05-12,,False,人工智能
002230.SZ,科大讯飞,音箱腔体及具有所述音箱腔体的音箱,"北京京东尚科信息技术有限公司,科大讯飞股份有限公司",2017106673297,CN107295441B,H04R1/28(2006.01);H04R1/02(2006.01),授权发明,授权,2023-05-26,,False,人工智能
002230.SZ,科大讯飞,智能家居系统的控制方法、装置、电子设备和可读介质,"北京京东尚科信息技术有限公司,科大讯飞股份有限公司",2019102360428,CN111756603B,H04L12/28(2006.01);G10L15/22(2006.01);G10L17/22(2013.01),授权发明,授权,2023-05-26,,False,人工智能
002230.SZ,科大讯飞,一种属性信息迁移方法、装置、设备以及可读存储介质,科大讯飞股份有限公司,2018110195377,CN109242775B,G06T3/40(2006.01),授权发明,授权,2023-05-30,,False,人工智能
002230.SZ,科大讯飞,一种文本翻译方法及装置,科大讯飞股份有限公司,2018113939726,CN109190134B,G06F40/44(2020.01);G06F40/58(2020.01),授权发明,授权,2023-05-30,,False,人工智能
002230.SZ,科大讯飞,文本要点检测方法、装置、设备、存储介质及评估方法,科大讯飞股份有限公司,2018114199165,CN109271642B,G06F40/216(2020.01);G06F40/211(2020.01);G06F40/284(2020.01);G06F40/289(2020.01);G06N3/0442(2023.01);G06N3/092(2023.01);G06N3/048(2023.01);G06F16/35(2019.01),授权发明,授权,2023-05-30,,False,人工智能
002230.SZ,科大讯飞,一种目标检测结果的评测方法、装置、设备及存储介质,科大讯飞股份有限公司,2019103289092,CN110070533B,G06T7/00(2017.01),授权发明,授权,2023-05-30,,False,人工智能
002230.SZ,科大讯飞,问询指引方法及装置,科大讯飞股份有限公司,2019103507735,CN110059174B,G06F16/332(2019.01),授权发明,授权,2023-05-30,,False,人工智能
002230.SZ,科大讯飞,一种答题内容评测方法及装置,科大讯飞股份有限公司,2019103609599,CN110069783B,G06F40/205(2020.01);G06F16/35(2019.01);G06N20/00(2019.01),授权发明,授权,2023-05-30,,False,人工智能
002230.SZ,科大讯飞,文本处理方法、装置、设备及可读存储介质,科大讯飞股份有限公司,2019104567767,CN110162801B,G06F40/58(2020.01); G06F16/33(2019.01); G06F16/335(2019.01),授权发明,授权,2023-05-30,,False,人工智能
002230.SZ,科大讯飞,语义理解方法、装置、设备及可读存储介质,科大讯飞股份有限公司,2019106558283,CN110377908B,G06F40/30(2020.01); G10L15/26(2006.01); G06F18/214(2023.01); G06N20/00(2019.01),授权发明,授权,2023-05-30,,False,人工智能
002230.SZ,科大讯飞,一种图形评估方法、装置、设备及存储介质,科大讯飞股份有限公司,2019106770370,CN110390624B,G06T1/00(2006.01);G06T7/00(2017.01),授权发明,授权,2023-05-30,,False,人工智能
002230.SZ,科大讯飞,智能设备控制方法、装置、电子设备和存储介质,科大讯飞股份有限公司,2019111565465,CN111064552B,H04L1/22(2006.01);G08C19/34(2006.01),授权发明,授权,2023-05-30,,False,人工智能
002230.SZ,科大讯飞,背诵题评测方法、装置以及设备,科大讯飞股份有限公司,2019112534746,CN111128181B,G10L15/26(2006.01);G09B5/04(2006.01),授权发明,授权,2023-05-30,,False,人工智能
002230.SZ,科大讯飞,桌面启动器控制方法、装置及存储介质,科大讯飞股份有限公司,2019114126205,CN111158788B,G06F9/445(2018.01);G06F9/451(2018.01);G06F3/04883(2022.01),授权发明,授权,2023-05-30,,False,人工智能
002230.SZ,科大讯飞,语音识别结果判别方法、纠正方法、装置、设备及存储介质,科大讯飞股份有限公司,2020101709913,CN111326140B,G10L15/01(2013.01);G10L25/51(2013.01);G10L25/60(2013.01);G06F40/30(2020.01),授权发明,授权,2023-05-30,,False,人工智能
002230.SZ,科大讯飞,一种咨询响应方法、装置、设备及存储介质,科大讯飞股份有限公司,2020109162187,CN112000829B,G06F16/535(2019.01);G06F16/583(2019.01),授权发明,授权,2023-05-30,,False,人工智能
002230.SZ,科大讯飞,节能调节方法、系统及电子设备、存储装置,科大讯飞股份有限公司,2020110247472,CN112271722B,H02J3/00(2006.01);H02J3/06(2006.01);F25B49/02(2006.01),授权发明,授权,2023-05-30,,False,人工智能
002230.SZ,科大讯飞,视频摘要的生成方法、电子设备及计算机可读存储介质,科大讯飞股份有限公司,2020116223363,CN113055741B,H04N21/44(2011.01);H04N21/4728(2011.01);H04N21/488(2011.01);H04N21/8549(2011.01),授权发明,授权,2023-05-30,,False,人工智能
002230.SZ,科大讯飞,文本处理方法、装置、设备及存储介质,科大讯飞股份有限公司,2020116326730,CN112818077B,G06F16/30(2019.01);G06F40/205(2020.01),授权发明,授权,2023-05-30,,False,人工智能
002230.SZ,科大讯飞,一种车辆轨迹还原方法、高速通行费确定方法及装置,科大讯飞股份有限公司,2021107136892,CN113436356B,G07B15/06(2011.01);G08G1/017(2006.01),授权发明,授权,2023-05-30,,False,人工智能
002230.SZ,科大讯飞,一种疲劳预警方法、眼镜、系统和计算机可读存储介质,科大讯飞股份有限公司,2021109267732,CN113744499B,G08B21/06(2006.01); H04N7/18(2006.01); G02C11/00(2006.01); G02C11/06(2006.01),授权发明,授权,2023-05-30,,False,人工智能
002230.SZ,科大讯飞,语音交互方法及相关装置、设备、系统和存储介质,科大讯飞股份有限公司,2021110620941,CN113992463B,H04L12/28(2006.01);G10L15/26(2006.01);G10L15/30(2013.01),授权发明,授权,2023-05-30,,False,人工智能
002230.SZ,科大讯飞,疲劳驾驶预警方法、装置以及电子设备,科大讯飞股份有限公司,2021111388311,CN113838265B,G08B21/06(2006.01);G06V20/59(2022.01),授权发明,授权,2023-05-30,,False,人工智能
002230.SZ,科大讯飞,基于多模态分析的车辆报警控制方法、装置以及电子设备,科大讯飞股份有限公司,2021115742894,CN114120604B,G08B21/24(2006.01); G08B21/18(2006.01); G08G1/01(2006.01),授权发明,授权,2023-05-30,,False,人工智能
002230.SZ,科大讯飞,一种翻译方法及其相关设备,"科大讯飞股份有限公司,中国科学技术大学",2021115924125,CN114254657B,G06F40/40(2020.01); G06F40/30(2020.01); G06F40/211(2020.01),授权发明,授权,2023-05-30,,False,人工智能
002230.SZ,科大讯飞,一种两轮车的车速控制方法、装置、存储介质及设备,科大讯飞股份有限公司,2021116199443,CN114228893B,B62M6/45(2010.01); B62J45/00(2020.01); B62J45/40(2020.01),授权发明,授权,2023-05-30,,False,人工智能
002230.SZ,科大讯飞,一种三维点云构建方法、装置、电子设备及存储介质,科大讯飞股份有限公司,2022113265753,CN115393533B,G06T17/00(2006.01),授权发明,授权,2023-05-30,,False,人工智能
002230.SZ,科大讯飞,一种障碍物识别方法、障碍物显示方法、相关设备和系统,科大讯飞股份有限公司,2023100752356,CN115797817B,G06V20/20(2022.01);G06V20/52(2022.01);G06V10/774(2022.01);G06F16/535(2019.01),授权发明,授权,2023-05-30,,False,人工智能
002230.SZ,科大讯飞,人体指向确定、屏幕控制方法、装置及相关设备,科大讯飞股份有限公司,2023101748521,CN115862074B,G06V40/10(2022.01);G06V10/764(2022.01);G06V10/774(2022.01);G06F3/01(2006.01),授权发明,授权,2023-05-30,,False,人工智能
002230.SZ,科大讯飞,一种文本规整方法、装置、设备及可读存储介质,科大讯飞股份有限公司,2018112207434,CN109446508B,G06F40/189(2020.01),授权发明,授权,2023-06-02,,False,人工智能
002230.SZ,科大讯飞,一种交互式文本翻译方法及装置,科大讯飞股份有限公司,2018113844374,CN109582977B,G06F40/58(2020.01);G06F40/51(2020.01),授权发明,授权,2023-06-02,,False,人工智能
002230.SZ,科大讯飞,一种文本标注方法及装置,科大讯飞股份有限公司,2019102507475,CN109918682B,G06F40/284(2020.01);G06F16/35(2019.01),授权发明,授权,2023-06-02,,False,人工智能
002230.SZ,科大讯飞,一种关键短语确定方法、装置、设备及存储介质,科大讯飞股份有限公司,2019102704473,CN110008474B,G06F40/289(2020.01);G06F40/30(2020.01);G06F16/35(2019.01),授权发明,授权,2023-06-02,,False,人工智能
002230.SZ,科大讯飞,一种文本翻译方法、装置及设备,科大讯飞股份有限公司,2019102727831,CN109977430B,G06F40/58(2020.01),授权发明,授权,2023-06-02,,False,人工智能
002230.SZ,科大讯飞,问询指引方法及装置,科大讯飞股份有限公司,2019103901125,CN110110048B,G06F16/33(2019.01);G06F16/332(2019.01);G06F16/338(2019.01);G06F40/211(2020.01);G06F40/289(2020.01),授权发明,授权,2023-06-02,,False,人工智能
002230.SZ,科大讯飞,表格版面分析与提取方法及相关装置,科大讯飞股份有限公司,2019107736076,CN110598575B,G06V30/413(2022.01); G06V30/414(2022.01),授权发明,授权,2023-06-02,,False,人工智能
002230.SZ,科大讯飞,一种文本检测方法、装置、设备及存储介质,科大讯飞股份有限公司,2019111548991,CN110929647B,G06V30/416(2022.01);G06V30/19(2022.01),授权发明,授权,2023-06-02,,False,人工智能
002230.SZ,科大讯飞,语音交互方法、网络分析端及客户端,科大讯飞股份有限公司,2019113816152,CN111128193B,G10L15/30(2013.01);G10L15/22(2006.01);G10L15/26(2006.01);H04L67/06(2022.01),授权发明,授权,2023-06-02,,False,人工智能
002230.SZ,科大讯飞,救助物资投放方法、系统、装置及存储介质,科大讯飞股份有限公司,2020101837413,CN111209899B,G06V20/62(2022.01);G06V30/40(2022.01);G06V10/80(2022.01);G06V10/82(2022.01);G06N3/0464(2023.01);G06N3/08(2023.01);G06T7/13(2017.01);G06T7/33(2017.01);G05D1/12(2006.01),授权发明,授权,2023-06-02,,False,人工智能
002230.SZ,科大讯飞,语义表达式生成方法、装置及设备,科大讯飞股份有限公司,202010230282X,CN111460169B,G06F16/36(2019.01);G06F40/30(2020.01);G06F18/214(2023.01),授权发明,授权,2023-06-02,,False,人工智能
002230.SZ,科大讯飞,一种文本展示方法及装置,科大讯飞股份有限公司,2019104573486,CN110175337B,G06F40/58(2020.01);G10L15/26(2006.01),授权发明,授权,2023-06-23,,False,人工智能
002230.SZ,科大讯飞,一种候选词条调整方法、装置、设备及可读存储介质,科大讯飞股份有限公司,2018109409002,CN109144290B,G06F3/023(2006.01),授权发明,授权,2023-07-25,,False,人工智能
002230.SZ,科大讯飞,一种候选词条调整方法、装置、设备及可读存储介质,科大讯飞股份有限公司,2018109409322,CN109085932B,G06F3/023(2006.01),授权发明,授权,2023-07-25,,False,人工智能
002230.SZ,科大讯飞,一种篇章连贯性的确定方法以及检测装置,科大讯飞股份有限公司,2019109901453,CN110750979B,G06F40/211(2020.01);G06F40/284(2020.01),授权发明,授权,2023-07-25,,False,人工智能
002230.SZ,科大讯飞,语音识别纠错方法、相关设备及可读存储介质,科大讯飞股份有限公司,2019111670090,CN110956959B,G10L15/20(2006.01);G10L15/26(2006.01);G10L19/005(2013.01);G10L25/03(2013.01),授权发明,授权,2023-07-25,,False,人工智能
002230.SZ,科大讯飞,文本语义识别方法及其模型的获取方法及相关装置,科大讯飞股份有限公司,2019113606879,CN111144127B,G06F40/30(2020.01);G06F40/289(2020.01);G06F16/33(2019.01),授权发明,授权,2023-07-25,,False,人工智能
002230.SZ,科大讯飞,车辆方向盘故障的预测方法、装置、电子设备及存储介质,科大讯飞股份有限公司,2020100189536,CN111259737B,G06F18/24(2023.01);G06F18/213(2023.01);G06N3/0464(2023.01);G06N3/0442(2023.01);G06N3/08(2023.01),授权发明,授权,2023-07-25,,False,人工智能
002230.SZ,科大讯飞,音频编解码方法、存取方法及其相关设备及存储装置,科大讯飞股份有限公司,2020100845747,CN111341330B,G10L19/032(2013.01);G10L19/16(2013.01);H03M7/40(2006.01),授权发明,授权,2023-07-25,,False,人工智能
002230.SZ,科大讯飞,一种个性化词库的更新方法、装置、设备及存储介质,科大讯飞股份有限公司,2020101286410,CN111354342B,G10L15/06(2013.01);G10L15/07(2013.01);G10L15/22(2006.01);G10L15/26(2006.01);G06F40/242(2020.01),授权发明,授权,2023-07-25,,False,人工智能
002230.SZ,科大讯飞,文本分类方法、相关设备及可读存储介质,科大讯飞股份有限公司,2020102308879,CN111460149B,G06F16/35(2019.01);G06F16/36(2019.01);G06F40/295(2020.01);G06F40/30(2020.01);G06F40/232(2020.01);G06F40/253(2020.01),授权发明,授权,2023-07-25,,False,人工智能
002230.SZ,科大讯飞,一种幂函数计算装置及幂函数计算方法,科大讯飞股份有限公司,2020102813651,CN111580784B,G06F7/552(2006.01),授权发明,授权,2023-07-25,,False,人工智能
002230.SZ,科大讯飞,一种语音识别方法、装置、设备及存储介质,科大讯飞股份有限公司,2020104301272,CN111583916B,G10L15/20(2006.01);G10L15/25(2013.01);G10L15/06(2013.01);G10L15/26(2006.01),授权发明,授权,2023-07-25,,False,人工智能
002230.SZ,科大讯飞,车内交互音频加密方法、装置及设备,科大讯飞股份有限公司,2020104867035,CN111681662B,G10L19/018(2013.01);H04L9/08(2006.01),授权发明,授权,2023-07-25,,False,人工智能
002230.SZ,科大讯飞,电液驱动系统控制方法、装置、电子设备及存储介质,科大讯飞股份有限公司,2020111298984,CN112253579B,F15B21/08(2006.01);F15B21/14(2006.01);F15B1/02(2006.01);G06F17/11(2006.01),授权发明,授权,2023-07-25,,False,人工智能
002230.SZ,科大讯飞,语音合成方法、装置、设备及存储介质,科大讯飞股份有限公司,2020116079663,CN112802444B,G10L13/02(2013.01); G10L13/08(2013.01); G10L15/16(2006.01),授权发明,授权,2023-07-25,,False,人工智能
002230.SZ,科大讯飞,基于知识蒸馏的语言模型训练方法、文本分类方法及装置,科大讯飞股份有限公司,2020116276498,CN112733550B,G06F40/30(2020.01);G06F40/211(2020.01);G06F18/214(2023.01),授权发明,授权,2023-07-25,,False,人工智能
002230.SZ,科大讯飞,一种图像处理效果的评价方法、装置、存储介质及设备,科大讯飞股份有限公司,2020116425717,CN112767318B,G06T7/00(2017.01);G06T7/90(2017.01);G06Q10/0639(2023.01),授权发明,授权,2023-07-25,,False,人工智能
002230.SZ,科大讯飞,案例检索方法及装置和电子设备、存储装置,科大讯飞股份有限公司,2021106108096,CN113535933B,G06F16/335(2019.01);G06F16/35(2019.01);G06F40/211(2020.01);G06F40/30(2020.01);G06Q50/18(2012.01),授权发明,授权,2023-07-25,,False,人工智能
002230.SZ,科大讯飞,一种机器人的故障诊断方法、装置、存储介质及设备,科大讯飞股份有限公司,2023100525225,CN115781765B,B25J19/00(2006.01); B25J9/16(2006.01),授权发明,授权,2023-07-25,,False,人工智能
002230.SZ,科大讯飞,机器人充电方法、装置、机器人及机器人系统,科大讯飞股份有限公司,202310075460X,CN115933706B,G05D1/02(2020.01);H02J7/00(2006.01),授权发明,授权,2023-07-25,,False,人工智能
002230.SZ,科大讯飞,人体指向确定、屏幕控制方法、装置及相关设备,科大讯飞股份有限公司,2023101807977,CN115909418B,G06V40/10(2022.01); G06V10/80(2022.01); G06V10/82(2022.01); G06V20/70(2022.01); G06V10/26(2022.01); G06V10/764(2022.01); G06N3/0464(2023.01); G06N3/048(2023.01); G06N3/08(2023.01); G06F3/01(2006.01),授权发明,授权,2023-07-25,,False,人工智能
002230.SZ,科大讯飞,视频生成方法、装置、电子设备和存储介质,科大讯飞股份有限公司,2023102905479,CN115996303B,H04N21/44(2011.01);G06V40/16(2022.01);G06V10/80(2022.01);G06N3/0442(2023.01);G06N3/094(2023.01);H04N21/439(2011.01);H04N21/472(2011.01);G10L25/57(2013.01),授权发明,授权,2023-07-25,,False,人工智能
002230.SZ,科大讯飞,语音分类、认知障碍检测方法、装置、设备及介质,科大讯飞股份有限公司,2023104436201,CN116189668B,G10L15/08(2006.01);G10L15/00(2013.01);G10L15/06(2013.01);G10L15/26(2006.01),授权发明,授权,2023-07-25,,False,人工智能
002230.SZ,科大讯飞,地图构建方法、装置、设备及存储介质,科大讯飞股份有限公司,2023104779540,CN116182840B,G01C21/00(2006.01),授权发明,授权,2023-07-25,,False,人工智能
002230.SZ,科大讯飞,一种翻译质量评价方法及装置,科大讯飞股份有限公司,2018108987448,CN109062912B,G06F40/51(2020.01);G06F40/289(2020.01),授权发明,授权,2023-07-28,,False,人工智能
002230.SZ,科大讯飞,互联网广告投放方法、装置、服务器及存储介质,科大讯飞股份有限公司,2019107174064,CN110570232B,G06Q30/0251(2023.01);G06Q30/0241(2023.01);G06Q30/0242(2023.01),授权发明,授权,2023-07-28,,False,人工智能
002230.SZ,科大讯飞,领域预测方法、领域预测装置及电子设备,科大讯飞股份有限公司,2019113279896,CN111091011B,G06F40/35(2020.01);G06F18/214(2023.01);G06F18/241(2023.01);G06N3/047(2023.01);G06N3/09(2023.01);G10L15/06(2013.01);G10L15/16(2006.01);G10L15/18(2013.01);G10L15/22(2006.01);G10L15/26(2006.01),授权发明,授权,2023-07-28,,False,人工智能
002230.SZ,科大讯飞,投屏方法及相关装置、电子设备、存储介质,科大讯飞股份有限公司,2021109909842,CN113765903B,H04L65/403(2022.01);H04N21/43(2011.01);H04N21/4363(2011.01);H04W48/20(2009.01);G10L15/00(2013.01);G10L15/26(2006.01),授权发明,授权,2023-07-28,,False,人工智能
002230.SZ,科大讯飞,素材推荐方法、装置、计算机设备及计算机可读存储介质,科大讯飞股份有限公司,2019101668605,CN109933791B,G06F40/211(2020.01); G06F16/31(2019.01); G06F16/33(2019.01); G06F16/35(2019.01); G06N20/00(2019.01),授权发明,授权,2023-08-01,,False,人工智能
002230.SZ,科大讯飞,一种声纹向量提取方法、装置、设备及存储介质,科大讯飞股份有限公司,202110505478X,CN113140222B,G10L17/00(2013.01);G10L17/02(2013.01);G10L17/04(2013.01);G10L17/18(2013.01),授权发明,授权,2023-08-01,,False,人工智能
002230.SZ,科大讯飞,一种导光结构、灯光结构和音箱,"北京京东尚科信息技术有限公司,科大讯飞股份有限公司",2018108689928,CN110792948B,F21S8/00(2006.01);F21V8/00(2006.01);F21V33/00(2006.01);H04R1/02(2006.01);F21Y115/10(2016.01),授权发明,授权,2023-08-18,,False,人工智能
002230.SZ,科大讯飞,一种语音识别方法、装置、设备及计算机可读存储介质,"科大讯飞股份有限公司,中国科学技术大学",2021102337240,CN113035179B,G10L15/18(2013.01),授权发明,授权,2023-09-26,,False,人工智能
002230.SZ,科大讯飞,数据传输方法及相关装置、设备、系统和存储介质,科大讯飞股份有限公司,2021112659679,CN113992658B,H04L67/06(2022.01);H04L67/568(2022.01),授权发明,授权,2023-09-26,,False,人工智能
002230.SZ,科大讯飞,清洁机器人及其电量管理方法、装置及存储介质,科大讯飞股份有限公司,2023102775066,CN115969287B,A47L11/40(2006.01),授权发明,授权,2023-09-26,,False,人工智能
002230.SZ,科大讯飞,辅助用户寻找物体的方法、装置、设备及可读存储介质,科大讯飞股份有限公司,2023103622960,CN116091607B,G06T7/73(2017.01);G06N3/0464(2023.01);G06N3/08(2023.01);G06T7/60(2017.01);G06V10/764(2022.01);G06V10/82(2022.01);G06V20/10(2022.01),授权发明,授权,2023-09-26,,False,人工智能
002230.SZ,科大讯飞,一种人脸建模方法、装置、电子设备及存储介质,科大讯飞股份有限公司,2023104311155,CN116152447B,G06T17/00(2006.01);G06V40/16(2022.01);G06V10/74(2022.01);G06F18/22(2023.01);G06N20/00(2019.01),授权发明,授权,2023-09-26,,False,人工智能
002230.SZ,科大讯飞,基于语音的三维人脸模型驱动方法及相关装置,科大讯飞股份有限公司,2023104720566,CN116188649B,G06T13/40(2011.01);G10L25/57(2013.01),授权发明,授权,2023-10-13,,False,人工智能
002230.SZ,科大讯飞,模型的训练方法及装置、人体姿态识别方法及装置,科大讯飞股份有限公司,2021116199481,CN114299541B,G06V40/10(2022.01);G06V40/20(2022.01);G06V10/774(2022.01),授权发明,授权,2023-10-17,,False,人工智能
002230.SZ,科大讯飞,知识点检测方法、装置、设备及可读存储介质,科大讯飞股份有限公司,2019110872358,CN110852071B,G06F40/211(2020.01);G06F40/284(2020.01);G06F16/35(2019.01);G09B7/02(2006.01),授权发明,授权,2023-10-24,,False,人工智能
002230.SZ,科大讯飞,进程间通信方法、装置及存储介质,科大讯飞股份有限公司,2019113048745,CN111158927B,G06F9/54(2006.01),授权发明,授权,2023-10-24,,False,人工智能
002230.SZ,科大讯飞,波束设计方法、装置、设备及存储介质,科大讯飞股份有限公司,2020113821736,CN112581974B,G10L21/0208(2013.01);G10L21/0216(2013.01);H04R3/04(2006.01),授权发明,授权,2023-10-24,,False,人工智能
002230.SZ,科大讯飞,技能确定方法及相关设备,科大讯飞股份有限公司,201911325487X,CN111124350B,G06F3/16(2006.01);G06F16/33(2019.01);G06F40/30(2020.01);G06F40/295(2020.01);G06N3/0464(2023.01),授权发明,授权,2023-10-27,,False,人工智能
002230.SZ,科大讯飞,亮度均衡处理方法及相关装置,科大讯飞股份有限公司,2019113629870,CN111080557B,G06T5/00(2006.01),授权发明,授权,2023-10-27,,False,人工智能
002230.SZ,科大讯飞,人脸识别模型构建方法、人脸识别方法及相关装置,科大讯飞股份有限公司,2020100200925,CN111259738B,G06V40/16(2022.01);G06V10/82(2022.01);G06V10/774(2022.01);G06N3/045(2023.01);G06N3/08(2023.01),授权发明,授权,2023-10-27,,False,人工智能
002230.SZ,科大讯飞,密码输入方法、装置、设备及存储介质,科大讯飞股份有限公司,2020108320535,CN111914248B,G06F21/46(2013.01),授权发明,授权,2023-10-27,,False,人工智能
002230.SZ,科大讯飞,学校间的学业水平比较方法、装置及电子设备,科大讯飞股份有限公司,2020115740095,CN112749881B,G06F17/00(2019.01),授权发明,授权,2023-10-27,,False,人工智能
002230.SZ,科大讯飞,一种信息分类方法及装置、信息分类模型训练方法及装置,科大讯飞股份有限公司,2021104615965,CN113178189B,G10L15/02(2006.01);G10L15/06(2013.01);G10L15/16(2006.01);G10L25/03(2013.01);G10L25/30(2013.01);G10L25/51(2013.01);G06F18/214(2023.01);G06F18/2413(2023.01),授权发明,授权,2023-10-27,,False,人工智能
002230.SZ,科大讯飞,问答对构建方法、装置、计算机设备和存储介质,科大讯飞股份有限公司,2021110519683,CN113779218B,G06F16/332(2019.01);G06F40/30(2020.01);G06F40/211(2020.01),授权发明,授权,2023-10-27,,False,人工智能
002230.SZ,科大讯飞,手写识别方法、装置、电子设备和存储介质,科大讯飞股份有限公司,2021111241482,CN113807295B,G06V30/32(2022.01);G06V30/19(2022.01),授权发明,授权,2023-10-27,,False,人工智能
002230.SZ,科大讯飞,一种输入法评测方法、装置、设备及存储介质,科大讯飞股份有限公司,2020100763520,CN111324528B,G06F11/36(2006.01);G06F3/023(2006.01),授权发明,授权,2023-11-21,,False,人工智能
002230.SZ,科大讯飞,一种事件的提醒方法、装置、电子设备及计算机可读存储介质,科大讯飞股份有限公司,202010237182X,CN111461200B,G06Q10/109(2023.01);G06Q10/02(2012.01);G06F18/2415(2023.01);G06F18/213(2023.01);G06N3/08(2023.01),授权发明,授权,2023-11-21,,False,人工智能
002230.SZ,科大讯飞,一种文本编辑方法、装置、设备及可读存储介质,科大讯飞股份有限公司,2018102622553,CN110321534B,G06F40/166(2020.01);G06F40/30(2020.01);G06F40/284(2020.01),授权发明,授权,2023-11-24,,False,人工智能
002230.SZ,科大讯飞,一种系统回复质量的评价方法及装置,科大讯飞股份有限公司,2018113332785,CN109472030B,G06F40/289(2020.01);G06F40/30(2020.01);G06F16/332(2019.01);G06F16/35(2019.01),授权发明,授权,2023-11-24,,False,人工智能
002230.SZ,科大讯飞,一种关键词生成方法及装置,科大讯飞股份有限公司,2019103448756,CN110083837B,G06F40/289(2020.01);G06F40/58(2020.01);G10L15/26(2006.01),授权发明,授权,2023-11-24,,False,人工智能
002230.SZ,科大讯飞,用于分布式存储系统的对象定位方法及电子设备,科大讯飞股份有限公司,2020111020610,CN112261097B,H04L67/1097(2022.01);H04L67/1001(2022.01);H04L67/133(2022.01);G06F3/06(2006.01),授权发明,授权,2023-11-24,,False,人工智能
002230.SZ,科大讯飞,表格识别方法及相关装置和电子设备、存储介质,科大讯飞股份有限公司,2021106910250,CN113536951B,G06V30/412(2022.01);G06V30/18(2022.01);G06V30/19(2022.01);G06V10/82(2022.01);G06N3/0464(2023.01);G06N3/045(2023.01);G06N3/08(2023.01),授权发明,授权,2023-11-24,,False,人工智能
002230.SZ,科大讯飞,无线耳机的音量控制方法、装置以及无线耳机,科大讯飞股份有限公司,202111117074X,CN113810817B,H04R1/10(2006.01);H04R3/04(2006.01);H04W4/80(2018.01),授权发明,授权,2023-11-24,,False,人工智能
002230.SZ,科大讯飞,一种语义理解方法及装置,科大讯飞股份有限公司,2018111589855,CN109271637B,G06F40/289(2020.01);G06F40/30(2020.01);G06F16/33(2019.01);G06N3/084(2023.01),授权发明,授权,2023-12-01,,False,人工智能
002230.SZ,科大讯飞,一种定标集确定方法及装置,科大讯飞股份有限公司,2019103617576,CN110096708B,G06F16/35(2019.01);G06F40/216(2020.01);G06F40/289(2020.01);G06F18/22(2023.01);G06F18/24(2023.01);G06F18/23213(2023.01);G06F18/27(2023.01),授权发明,授权,2023-12-01,,False,人工智能
002230.SZ,科大讯飞,医学图像配准方法、装置、电子设备及计算机存储介质,科大讯飞股份有限公司,2019109999610,CN110853082B,G06T7/33(2017.01);G06T7/38(2017.01);G06T3/60(2006.01),授权发明,授权,2023-12-01,,False,人工智能
002230.SZ,科大讯飞,一种图像处理的方法和相关装置,科大讯飞股份有限公司,2019112513538,CN111104881B,G06V30/413(2022.01);G06V30/40(2022.01);G06V10/82(2022.01);G09B7/00(2006.01);G06N3/0475(2023.01);G06N3/045(2023.01);G06N3/094(2023.01),授权发明,授权,2023-12-01,,False,人工智能
002230.SZ,科大讯飞,一种目标检测结果的鉴别方法、装置、设备及存储介质,科大讯飞股份有限公司,2019112896677,CN110796659B,G06T7/00(2017.01);G06T7/136(2017.01);G06V10/764(2022.01);G06V10/80(2022.01);G06V10/82(2022.01);G06V10/40(2022.01);G06N3/044(2023.01);G06N3/0464(2023.01);G06N3/09(2023.01),授权发明,授权,2023-12-01,,False,人工智能
002230.SZ,科大讯飞,屏幕共享方法、设备、存储介质及屏幕共享系统,科大讯飞股份有限公司,201911405055X,CN111131817B,H04N19/103(2014.01);G06F3/14(2006.01),授权发明,授权,2023-12-01,,False,人工智能
002230.SZ,科大讯飞,影像质量评估方法、指标间关系的获取方法及相关设备,科大讯飞股份有限公司,2020104295784,CN111568422B,A61B5/055(2006.01),授权发明,授权,2023-12-01,,False,人工智能
002230.SZ,科大讯飞,公式识别方法、装置、电子设备和存储介质,科大讯飞股份有限公司,2020105001839,CN111738105B,G06V30/413(2022.01);G06V10/774(2022.01),授权发明,授权,2023-12-01,,False,人工智能
002230.SZ,科大讯飞,物料分类方法、装置、电子设备和存储介质,科大讯飞股份有限公司,2020105002051,CN111738310B,G06V10/764(2022.01);G06V10/774(2022.01);G06V10/80(2022.01);G06V10/762(2022.01),授权发明,授权,2023-12-01,,False,人工智能
002230.SZ,科大讯飞,一种扫描笔,科大讯飞股份有限公司,2020106457764,CN111783768B,G06V30/142(2022.01);G06V10/14(2022.01),授权发明,授权,2023-12-01,,False,人工智能
002230.SZ,科大讯飞,一种坐姿检测方法、装置、设备及存储介质,科大讯飞股份有限公司,2020107157907,CN111814731B,G06V40/10(2022.01);G06V10/764(2022.01),授权发明,授权,2023-12-01,,False,人工智能
002230.SZ,科大讯飞,干扰抑制方法、装置、电子设备和可读存储介质,科大讯飞股份有限公司,2020107675944,CN111929707B,G01S19/21(2010.01);G01S19/30(2010.01),授权发明,授权,2023-12-01,,False,人工智能
002230.SZ,科大讯飞,一种参考影像确定方法、装置、设备及存储介质,科大讯飞股份有限公司,2020109336969,CN112017177B,G06T7/00(2017.01);G06T7/11(2017.01),授权发明,授权,2023-12-01,,False,人工智能
002230.SZ,科大讯飞,篇章解析方法、电子设备及存储装置,科大讯飞股份有限公司,2020110247078,CN112257412B,G06F40/205(2020.01);G06F40/279(2020.01),授权发明,授权,2023-12-01,,False,人工智能
002230.SZ,科大讯飞,翻译模型训练方法、装置、设备及存储介质,科大讯飞股份有限公司,202011454443X,CN112560510B,G06F40/49(2020.01);G06F40/58(2020.01),授权发明,授权,2023-12-01,,False,人工智能
002230.SZ,科大讯飞,一种发音缺陷识别模型训练方法以及发音缺陷识别方法,科大讯飞股份有限公司,2020115196621,CN112687291B,G10L25/27(2013.01);G10L25/03(2013.01);G10L25/60(2013.01),授权发明,授权,2023-12-01,,False,人工智能
002230.SZ,科大讯飞,表情推荐方法及装置,科大讯飞股份有限公司,2020115345397,CN112650399B,G06F3/023(2006.01);G06N3/044(2023.01);G06N3/084(2023.01),授权发明,授权,2023-12-01,,False,人工智能
002230.SZ,科大讯飞,基于视频的物体平面贴图方法、装置以及设备,科大讯飞股份有限公司,2020115667511,CN112712571B,G06T11/00(2006.01),授权发明,授权,2023-12-01,,False,人工智能
002230.SZ,科大讯飞,试题新颖度评估方法、装置、电子设备和存储介质,科大讯飞股份有限公司,2020115812144,CN112732908B,G06F16/35(2019.01);G06F16/332(2019.01);G06F16/34(2019.01),授权发明,授权,2023-12-01,,False,人工智能
002230.SZ,科大讯飞,试题推荐及相关模型的训练方法、电子设备、存储装置,科大讯飞股份有限公司,2020115828852,CN112686052B,G06F40/30(2020.01);G06N3/042(2023.01);G06N3/0464(2023.01);G06N3/08(2023.01);G09B19/00(2006.01),授权发明,授权,2023-12-01,,False,人工智能
002230.SZ,科大讯飞,手写识别方法、装置、电子设备和存储介质,科大讯飞股份有限公司,2020115886769,CN112686134B,G06V30/32(2022.01),授权发明,授权,2023-12-01,,False,人工智能
002230.SZ,科大讯飞,客观题填涂的识别方法、电子设备和存储介质,科大讯飞股份有限公司,2020115946134,CN112686143B,G06V30/412(2022.01),授权发明,授权,2023-12-01,,False,人工智能
002230.SZ,科大讯飞,试卷生成方法及装置,科大讯飞股份有限公司,2020116063400,CN112699283B,G06F16/903(2019.01);G06Q50/20(2012.01),授权发明,授权,2023-12-01,,False,人工智能
002230.SZ,科大讯飞,文本纠错方法、装置和存储介质及电子装置,科大讯飞股份有限公司,2020116081945,CN112861518B,G06F40/232(2020.01),授权发明,授权,2023-12-01,,False,人工智能
002230.SZ,科大讯飞,信息合成方法、装置、电子设备和计算机可读存储介质,科大讯飞股份有限公司,2020116246558,CN112786005B,G10L13/02(2013.01);G10L13/08(2013.01);G10L19/16(2013.01);G10L15/16(2006.01),授权发明,授权,2023-12-01,,False,人工智能
002230.SZ,科大讯飞,一种试题作答得分率的预测方法及相关装置,科大讯飞股份有限公司,202011626419X,CN112785039B,G06Q10/04(2023.01);G06Q50/20(2012.01);G06F16/35(2019.01);G06N3/0455(2023.01);G06N3/098(2023.01);G06N3/045(2023.01),授权发明,授权,2023-12-01,,False,人工智能
002230.SZ,科大讯飞,纠错方法、装置、设备以及存储介质,科大讯飞股份有限公司,2020116276093,CN112800752B,G06F40/232(2020.01);G06N3/0455(2023.01);G06N3/084(2023.01),授权发明,授权,2023-12-01,,False,人工智能
002230.SZ,科大讯飞,算式检测方法、电子设备和存储装置,科大讯飞股份有限公司,2020116447260,CN112712075B,G06V30/14(2022.01);G06V30/148(2022.01),授权发明,授权,2023-12-01,,False,人工智能
002230.SZ,科大讯飞,人机交互方法及设备、计算机存储介质,科大讯飞股份有限公司,2021100485695,CN112783324B,G06F3/01(2006.01);G06F40/35(2020.01);G06N3/0442(2023.01);G06N3/08(2023.01),授权发明,授权,2023-12-01,,False,人工智能
002230.SZ,科大讯飞,一种语音识别方法、装置、设备及计算机可读存储介质,"科大讯飞股份有限公司,中国科学技术大学",2021101108723,CN112951209B,G10L15/02(2006.01);G10L15/06(2013.01);G10L15/26(2006.01);G10L19/04(2013.01);G10L19/16(2013.01),授权发明,授权,2023-12-01,,False,人工智能
002230.SZ,科大讯飞,试题推荐方法、装置、电子设备和存储介质,科大讯飞股份有限公司,2021102092949,CN112784608B,G06F40/30(2020.01);G06N5/022(2023.01);G06F16/9535(2019.01);G06Q50/20(2012.01),授权发明,授权,2023-12-01,,False,人工智能
002230.SZ,科大讯飞,一种试题查重方法、装置、存储介质及设备,科大讯飞股份有限公司,2021103195251,CN113051886B,G06F40/194(2020.01);G06F40/284(2020.01);G06F40/30(2020.01);G06F16/31(2019.01);G06F16/33(2019.01);G06F16/332(2019.01);G06Q50/20(2012.01),授权发明,授权,2023-12-01,,False,人工智能
002230.SZ,科大讯飞,一种领域知识库构建方法、装置、设备及存储介质,科大讯飞股份有限公司,2021105108169,CN113158688B,G06F40/30(2020.01);G06F40/295(2020.01);G06F40/211(2020.01);G06F18/22(2023.01);G06Q40/02(2023.01),授权发明,授权,2023-12-01,,False,人工智能
002230.SZ,科大讯飞,回答评分方法及装置和电子设备、存储介质,科大讯飞股份有限公司,2021106142345,CN113535913B,G06F16/332(2019.01);G06F16/33(2019.01);G06F40/247(2020.01);G06F40/289(2020.01);G10L15/14(2006.01);G10L15/16(2006.01);G10L15/26(2006.01),授权发明,授权,2023-12-01,,False,人工智能
002230.SZ,科大讯飞,一种阅读能力的测评方法、装置以及设备,科大讯飞股份有限公司,2021107002807,CN113393141B,G06Q10/0639(2023.01);G06F17/18(2006.01);G06N3/045(2023.01);G06N3/08(2023.01);G06F18/2135(2023.01),授权发明,授权,2023-12-01,,False,人工智能
002230.SZ,科大讯飞,一种检测机器学习引擎的效率的方法、装置和存储介质,科大讯飞股份有限公司,2021108459504,CN113742216B,G06F11/36(2006.01);G06N20/00(2019.01),授权发明,授权,2023-12-01,,False,人工智能
002230.SZ,科大讯飞,一种图像识别方法、装置、存储介质及设备,科大讯飞股份有限公司,2021109254427,CN113627537B,G06V10/82(2022.01);G06V10/764(2022.01);G06V10/74(2022.01);G06V10/44(2022.01);G06N3/0475(2023.01);G06N3/045(2023.01);G06N3/0495(2023.01);G06N3/094(2023.01);G06N3/096(2023.01);G06N3/082(2023.01);G06N3/084(2023.01);G06N3/0464(2023.01);G06N3/044(2023.01),授权发明,授权,2023-12-01,,False,人工智能
002230.SZ,科大讯飞,基于编解码网络的信息转换方法和装置、电子设备,科大讯飞股份有限公司,2021109254874,CN113628630B,G10L19/16(2013.01);G10L25/30(2013.01),授权发明,授权,2023-12-01,,False,人工智能
002230.SZ,科大讯飞,语音识别方法、装置、设备及存储介质,"科大讯飞股份有限公司,中国科学技术大学",2021110867130,CN113793600B,G10L15/06(2013.01);G10L15/02(2006.01);G10L19/18(2013.01);G10L25/03(2013.01),授权发明,授权,2023-12-01,,False,人工智能
002230.SZ,科大讯飞,一种倾斜角确定方法及其相关设备,科大讯飞股份有限公司,202111144273X,CN113852730B,H04N1/00(2006.01),授权发明,授权,2023-12-01,,False,人工智能
002230.SZ,科大讯飞,一种寻物设备、物体寻找方法以及自助寻找系统,科大讯飞股份有限公司,2021115093687,CN114363818B,H04W4/024(2018.01);H04W4/029(2018.01);H04W4/021(2018.01);G06K19/077(2006.01);G06K7/00(2006.01),授权发明,授权,2023-12-01,,False,人工智能
002230.SZ,科大讯飞,一种师范生教学能力评测用的具有实时反馈功能评判系统,"科大讯飞股份有限公司,江苏师范大学",2021116654513,CN114495615B,G09B9/00(2006.01);G10L25/51(2013.01);G06Q10/0639(2023.01);G06Q50/20(2012.01),授权发明,未缴年费专利权终止,2023-12-01,,False,人工智能
002230.SZ,科大讯飞,助听器的声学测试方法、装置以及设备,科大讯飞股份有限公司,2022102105553,CN114584908B,H04R25/00(2006.01),授权发明,授权,2023-12-01,,False,人工智能
002230.SZ,科大讯飞,图像生成方法、装置、电子设备和计算机可读存储介质,科大讯飞股份有限公司,202310856919X,CN116580127B,G06T11/20(2006.01);G06T11/60(2006.01),授权发明,授权,2023-12-01,,False,人工智能
002230.SZ,科大讯飞,一种机间通信异常检测方法、装置、设备及存储介质,科大讯飞股份有限公司,202310893085X,CN116633767B,H04L41/0677(2022.01);H04L41/069(2022.01);H04L41/0659(2022.01);H04L41/16(2022.01),授权发明,授权,2023-12-01,,False,人工智能
002230.SZ,科大讯飞,模型训练过程异常检测方法、装置、设备及存储介质,科大讯飞股份有限公司,2023108931034,CN116628508B,G06F18/214(2023.01),授权发明,授权,2023-12-01,,False,人工智能
002230.SZ,科大讯飞,模型检查点文件保存方法、装置、设备及存储介质,科大讯飞股份有限公司,2023108996645,CN116627659B,G06F9/50(2006.01);G06F3/06(2006.01),授权发明,授权,2023-12-01,,False,人工智能
002230.SZ,科大讯飞,模型训练方法、装置、设备及存储介质,科大讯飞股份有限公司,2023109005404,CN116628509B,G06F18/214(2023.01),授权发明,授权,2023-12-01,,False,人工智能
002230.SZ,科大讯飞,一种文档审核方法、装置、设备及存储介质,科大讯飞股份有限公司,2023109011937,CN116663525B,G06F40/194(2020.01);G06F40/186(2020.01);G06F40/226(2020.01);G06F16/33(2019.01);G06F16/31(2019.01),授权发明,授权,2023-12-01,,False,人工智能
002230.SZ,科大讯飞,信息处理方法、装置、设备及存储介质,科大讯飞股份有限公司,2023109076306,CN116628141B,G06F16/33(2019.01);G06F40/186(2020.01),授权发明,授权,2023-12-01,,False,人工智能
002230.SZ,科大讯飞,视频检测方法、装置、设备及可读存储介质,科大讯飞股份有限公司,202310908926X,CN116644212B,G06F16/783(2019.01);G06F16/71(2019.01);G06V20/40(2022.01);G06V20/62(2022.01),授权发明,授权,2023-12-01,,False,人工智能
002230.SZ,科大讯飞,噪声提取方法、装置、设备及可读存储介质,科大讯飞股份有限公司,2023109098822,CN116631447B,G10L25/57(2013.01);G10L25/78(2013.01);G10L15/22(2006.01);H04N21/439(2011.01);H04N21/44(2011.01);H04N21/435(2011.01),授权发明,授权,2023-12-01,,False,人工智能
002230.SZ,科大讯飞,知识检索方法、装置、设备及可读存储介质,科大讯飞股份有限公司,2023109227698,CN116628142B,G06F16/33(2019.01);G06N5/022(2023.01),授权发明,授权,2023-12-01,,False,人工智能
002230.SZ,科大讯飞,一种文本翻译方法、装置、设备及可读存储介质,科大讯飞股份有限公司,2018115181421,CN109657250B,G06F40/58(2020.01);G06F40/30(2020.01),授权发明,授权,2023-12-05,,False,人工智能
002230.SZ,科大讯飞,命名体识别方法、装置、电子设备和存储介质,科大讯飞股份有限公司,2019110783072,CN111079418B,G06F40/295(2020.01);G06F40/242(2020.01);G06F40/30(2020.01);G06N3/0442(2023.01);G06N3/045(2023.01);G06N3/088(2023.01),授权发明,授权,2023-12-05,,False,人工智能
002230.SZ,科大讯飞,一种视频检测方法、装置、电子设备及存储介质,科大讯飞股份有限公司,2020115186460,CN112651319B,G06V20/40(2022.01);G06V40/16(2022.01);G06V40/40(2022.01);G06V10/82(2022.01);G06N3/0442(2023.01);G06N3/049(2023.01);G10L15/22(2006.01),授权发明,授权,2023-12-05,,False,人工智能
002230.SZ,科大讯飞,用于音箱的布网筒及音箱主机,"北京京东尚科信息技术有限公司,科大讯飞股份有限公司",201710666841X,CN107257523B,H04R1/20(2006.01),授权发明,授权,2023-12-08,,False,人工智能
002230.SZ,科大讯飞,一种点云处理方法、装置、电子设备及存储介质,科大讯飞股份有限公司,2022113265414,CN115690359B,G06T17/20(2006.01);G06T3/00(2006.01),授权发明,授权,2023-12-15,,False,人工智能
002230.SZ,科大讯飞,文本翻译方法、装置、电子设备及可读存储介质,科大讯飞股份有限公司,2019105142209,CN110210043B,G06F40/58(2020.01);G06F40/289(2020.01),授权发明,授权,2024-01-26,,False,人工智能
002230.SZ,科大讯飞,语法纠错方法、装置、电子设备和存储介质,"科大讯飞股份有限公司,河北省讯飞人工智能研究院",2020101920251,CN111310447B,G06F40/253(2020.01);G06F40/232(2020.01),授权发明,授权,2024-02-02,,False,人工智能
002230.SZ,科大讯飞,一种领域数据获取方法、机器翻译方法及相关设备,"科大讯飞股份有限公司,中国科学技术大学",2020112107109,CN112417896B,G06F40/42(2020.01);G06F40/58(2020.01),授权发明,授权,2024-02-02,,False,人工智能
002230.SZ,科大讯飞,一种语种识别模型训练、语种识别的方法和相关装置,科大讯飞股份有限公司,2019104873391,CN112133291B,G10L15/06(2013.01);G10L15/00(2013.01);G10L15/16(2006.01),授权发明,授权,2024-02-13,,False,人工智能
002230.SZ,科大讯飞,语音顺滑方法、装置、电子设备及计算机存储介质,科大讯飞股份有限公司,2019109546983,CN110853621B,G10L15/02(2006.01);G10L15/06(2013.01);G10L15/08(2006.01);G10L15/14(2006.01);G10L15/16(2006.01);G10L15/18(2013.01);G10L15/22(2006.01);G10L15/26(2006.01);G10L25/24(2013.01),授权发明,授权,2024-02-13,,False,人工智能
002230.SZ,科大讯飞,背景音乐的确定方法及相关设备,科大讯飞股份有限公司,2019109745741,CN110930969B,G10H1/00(2006.01),授权发明,授权,2024-02-13,,False,人工智能
002230.SZ,科大讯飞,个性化提示语生成方法、装置和设备,科大讯飞股份有限公司,2019112765100,CN111145721B,G10L13/04(2013.01);G10L13/047(2013.01);G06N20/00(2019.01),授权发明,授权,2024-02-13,,False,人工智能
002230.SZ,科大讯飞,输入法候选结果展示方法、相关设备及可读存储介质,科大讯飞股份有限公司,2019113450451,CN111090340B,G06F3/023(2006.01);G06F3/0482(2013.01),授权发明,授权,2024-02-13,,False,人工智能
002230.SZ,科大讯飞,电子菜单生成方法、装置和设备,科大讯飞股份有限公司,201911368067X,CN111192346B,G06T11/60(2006.01),授权发明,授权,2024-02-13,,False,人工智能
002230.SZ,科大讯飞,语音合成方法、相关设备及可读存储介质,科大讯飞股份有限公司,2019113936135,CN111128118B,G10L13/02(2013.01);G10L13/08(2013.01);G10L25/30(2013.01);G10L25/63(2013.01),授权发明,授权,2024-02-13,,False,人工智能
002230.SZ,科大讯飞,语义理解方法、装置、电子设备和存储介质,科大讯飞股份有限公司,2019114039955,CN111160041B,G06F40/30(2020.01);G06F16/36(2019.01),授权发明,授权,2024-02-13,,False,人工智能
002230.SZ,科大讯飞,语义理解处理方法、装置、设备及可读存储介质,科大讯飞股份有限公司,2019114151866,CN111104803B,G06F40/30(2020.01);G06F40/289(2020.01),授权发明,授权,2024-02-13,,False,人工智能
002230.SZ,科大讯飞,一种语种识别方法、装置、设备及存储介质,科大讯飞股份有限公司,2020101616124,CN111326139B,G10L15/00(2013.01);G10L15/02(2006.01),授权发明,授权,2024-02-13,,False,人工智能
002230.SZ,科大讯飞,车辆故障自动诊断方法、装置以及设备,科大讯飞股份有限公司,2020101736200,CN111414477B,G06F16/35(2019.01);G06F16/36(2019.01);G07C5/08(2006.01);G01M17/00(2006.01),授权发明,授权,2024-02-13,,False,人工智能
002230.SZ,科大讯飞,一种说话人标注方法、装置、设备及存储介质,科大讯飞股份有限公司,2020102498267,CN111462759B,G10L17/02(2013.01);G10L17/04(2013.01);G10L25/51(2013.01),授权发明,授权,2024-02-13,,False,人工智能
002230.SZ,科大讯飞,一种车机输入法按键候选项推荐的方法和相关装置,科大讯飞股份有限公司,2020103263381,CN111522451B,G06F3/023(2006.01),授权发明,授权,2024-02-13,,False,人工智能
002230.SZ,科大讯飞,一种X型链路结构的多并发RAM数据传输方法及结构,科大讯飞股份有限公司,2020103455790,CN111597138B,G06F15/167(2006.01);G06F15/173(2006.01),授权发明,授权,2024-02-13,,False,人工智能
002230.SZ,科大讯飞,发音检错方法、装置、电子设备及存储介质,科大讯飞股份有限公司,2020107131165,CN111833859B,G10L15/20(2006.01);G10L15/08(2006.01);G10L25/60(2013.01),授权发明,授权,2024-02-13,,False,人工智能
002230.SZ,科大讯飞,高炉风口异常检测方法、装置、电子设备和存储介质,科大讯飞股份有限公司,2020107529064,CN111860429B,G06V20/40(2022.01);G06V10/80(2022.01),授权发明,授权,2024-02-13,,False,人工智能
002230.SZ,科大讯飞,说话人角色识别方法、装置、电子设备及存储介质,科大讯飞股份有限公司,2020110338289,CN112233680B,G10L17/22(2013.01);G10L17/02(2013.01);G10L17/18(2013.01);G10L25/24(2013.01);G10L25/30(2013.01);G10L25/63(2013.01),授权发明,授权,2024-02-13,,False,人工智能
002230.SZ,科大讯飞,语音识别纠错方法、装置、电子设备和存储介质,"科大讯飞股份有限公司,中国科学技术大学",2020111262056,CN112257437B,G06F40/289(2020.01);G06F40/30(2020.01);G10L15/06(2013.01);G10L15/18(2013.01),授权发明,授权,2024-02-13,,False,人工智能
002230.SZ,科大讯飞,情绪识别方法以及电子设备、存储装置,科大讯飞股份有限公司,2020113789285,CN112580366B,G06F40/35(2020.01),授权发明,授权,2024-02-13,,False,人工智能
002230.SZ,科大讯飞,关键词抽取方法、装置、电子设备和存储介质,"科大讯飞股份有限公司,中国科学技术大学",2020113797690,CN112464656B,G06F40/284(2020.01);G06F40/30(2020.01),授权发明,授权,2024-02-13,,False,人工智能
002230.SZ,科大讯飞,一种文本纠错方法及装置,科大讯飞股份有限公司,2020114425290,CN112560450B,G06F40/232(2020.01),授权发明,授权,2024-02-13,,False,人工智能
002230.SZ,科大讯飞,语义理解方法、装置、电子设备和存储介质,"科大讯飞股份有限公司,中国科学技术大学",2020114554906,CN112560497B,G06F40/30(2020.01);G06F40/211(2020.01);G06N3/0455(2023.01),授权发明,授权,2024-02-13,,False,人工智能
002230.SZ,科大讯飞,有效语音片段检测方法、相关设备及可读存储介质,"科大讯飞股份有限公司,中国科学技术大学",2020114791314,CN112614514B,G10L25/87(2013.01);G10L25/30(2013.01);G10L25/24(2013.01);G10L15/22(2006.01);G10L15/26(2006.01);G06F16/35(2019.01),授权发明,授权,2024-02-13,,False,人工智能
002230.SZ,科大讯飞,实体识别方法以及电子设备、存储装置,科大讯飞股份有限公司,2020114875748,CN112668334B,G06F40/295(2020.01);G06F40/30(2020.01),授权发明,授权,2024-02-13,,False,人工智能
002230.SZ,科大讯飞,一种跨语种实体标注方法、装置、设备及存储介质,"科大讯飞股份有限公司,中国科学技术大学",2020114876312,CN112507718B,G06F40/295(2020.01);G06F16/33(2019.01),授权发明,授权,2024-02-13,,False,人工智能
002230.SZ,科大讯飞,一种意图理解模型训练方法及装置、意图理解方法及装置,科大讯飞股份有限公司,2020115000851,CN112528679B,G06F40/35(2020.01);G06F16/35(2019.01);G06F40/42(2020.01);G06F3/16(2006.01),授权发明,授权,2024-02-13,,False,人工智能
002230.SZ,科大讯飞,扫描翻译方法、装置、扫描笔及相关产品,科大讯飞股份有限公司,2020115248325,CN112651248B,G06F40/58(2020.01);H04N1/04(2006.01),授权发明,授权,2024-02-13,,False,人工智能
002230.SZ,科大讯飞,语音处理资源的更新方法、计算机设备及存储装置,科大讯飞股份有限公司,2020115396204,CN112667270B,G06F8/656(2018.01),授权发明,授权,2024-02-13,,False,人工智能
002230.SZ,科大讯飞,图像特征点匹配方法、计算机设备及存储装置,科大讯飞股份有限公司,2020115946257,CN112686302B,G06V10/75(2022.01),授权发明,授权,2024-02-13,,False,人工智能
002230.SZ,科大讯飞,语音识别方法、装置、电子设备和存储介质,"科大讯飞股份有限公司,中国科学技术大学",2020116048913,CN112599118B,G10L15/07(2013.01);G10L17/00(2013.01);G10L17/04(2013.01),授权发明,授权,2024-02-13,,False,人工智能
002230.SZ,科大讯飞,一种语音合成方法、装置、电子设备和存储介质,科大讯飞股份有限公司,2020116234777,CN112750419B,G10L13/02(2013.01);G10L13/10(2013.01);G10L17/02(2013.01);G10L17/04(2013.01),授权发明,授权,2024-02-13,,False,人工智能
002230.SZ,科大讯飞,一种触屏控制方法和装置、电子设备和存储介质,科大讯飞股份有限公司,2020116379812,CN112799530B,G06F3/041(2006.01);G06N3/044(2023.01);G06N3/08(2023.01),授权发明,授权,2024-02-13,,False,人工智能
002230.SZ,科大讯飞,一种文档检索方法、装置、存储介质及设备,科大讯飞股份有限公司,2021103999493,CN113111150B,G06F16/33(2019.01);G06F40/284(2020.01),授权发明,授权,2024-02-13,,False,人工智能
002230.SZ,科大讯飞,图像检测方法以及电子设备、存储装置,科大讯飞股份有限公司,2021105420470,CN113449770B,G06V10/764(2022.01);G06V10/80(2022.01),授权发明,授权,2024-02-13,,False,人工智能
002230.SZ,科大讯飞,一种语音识别方法及其相关设备,"科大讯飞股份有限公司,中国科学技术大学",2021106943201,CN113409792B,G10L15/26(2006.01);G10L15/04(2013.01);G10L15/16(2006.01);G10L19/00(2013.01);G10L25/30(2013.01),授权发明,授权,2024-02-13,,False,人工智能
002230.SZ,科大讯飞,语音端点检测方法、装置、电子设备和存储介质,"科大讯飞股份有限公司,中国科学技术大学",2021107035406,CN113345473B,G10L25/87(2013.01);G10L15/18(2013.01);G10L15/187(2013.01);G10L15/26(2006.01),授权发明,授权,2024-02-13,,False,人工智能
002230.SZ,科大讯飞,语音端点检测方法、装置、电子设备和存储介质,"科大讯飞股份有限公司,中国科学技术大学",2021107058501,CN113345423B,G10L15/02(2006.01);G10L15/18(2013.01);G10L25/24(2013.01);G10L25/30(2013.01);G10L25/87(2013.01),授权发明,授权,2024-02-13,,False,人工智能
002230.SZ,科大讯飞,语音识别、模型训练方法、装置、电子设备和存储介质,科大讯飞股份有限公司,202110720129X,CN113241064B,G10L15/06(2013.01);G10L15/16(2006.01);G10L15/28(2013.01),授权发明,授权,2024-02-13,,False,人工智能
002230.SZ,科大讯飞,语音识别方法、装置、设备、系统及存储介质,"科大讯飞股份有限公司,中国科学技术大学",202110752421X,CN113436614B,G10L15/02(2006.01);G10L15/08(2006.01);G10L15/183(2013.01);G10L15/26(2006.01);G10L15/30(2013.01);G10L19/00(2013.01),授权发明,授权,2024-02-13,,False,人工智能
002230.SZ,科大讯飞,一种语音合成方法和装置、电子设备,科大讯飞股份有限公司,2021109243333,CN113628610B,G10L13/10(2013.01);G10L15/02(2006.01);G10L15/26(2006.01);G10L19/16(2013.01);G10L25/30(2013.01),授权发明,授权,2024-02-13,,False,人工智能
002230.SZ,科大讯飞,拉拔测试治具及方法,科大讯飞股份有限公司,2021109702565,CN113740156B,G01N3/08(2006.01);G01N3/02(2006.01);G01N3/04(2006.01),授权发明,授权,2024-02-13,,False,人工智能
002230.SZ,科大讯飞,文本翻译方法及相关装置、电子设备、存储介质,"科大讯飞股份有限公司,中国科学技术大学",2021109824115,CN113723116B,G06F40/42(2020.01);G06F40/58(2020.01),授权发明,授权,2024-02-13,,False,人工智能
002230.SZ,科大讯飞,音视频处理电路、控制方法、控制装置和电子设备,科大讯飞股份有限公司,2021113020357,CN114257702B,H04N5/14(2006.01);H04N5/21(2006.01);H04R3/00(2006.01),授权发明,授权,2024-02-13,,False,人工智能
002230.SZ,科大讯飞,一种防攻击方法、装置、设备和计算机可读存储介质,科大讯飞股份有限公司,2021114811670,CN114338089B,H04L9/40(2022.01);G10L17/02(2013.01);G10L25/63(2013.01),授权发明,授权,2024-02-13,,False,人工智能
002230.SZ,科大讯飞,助听耳机的调试方法、装置以及设备,科大讯飞股份有限公司,2021115018898,CN114205724B,H04R25/00(2006.01);G10L25/27(2013.01),授权发明,授权,2024-02-13,,False,人工智能
002230.SZ,科大讯飞,麦克风阵列检测方法、相关设备及可读存储介质,科大讯飞股份有限公司,2021116125280,CN114173273B,H04R29/00(2006.01);G10L21/0216(2013.01);G10L21/0264(2013.01),授权发明,授权,2024-02-13,,False,人工智能
002230.SZ,科大讯飞,认知功能评价方法、终端设备以及计算机可读存储介质,科大讯飞股份有限公司,2021116654636,CN114343577B,A61B5/00(2006.01),授权发明,授权,2024-02-13,,False,人工智能
002230.SZ,科大讯飞,网关设备和设备接入系统,科大讯飞股份有限公司,202111667368X,CN114363122B,H04L12/66(2006.01);H04L67/566(2022.01);H04L67/568(2022.01);H04L69/18(2022.01),授权发明,授权,2024-02-13,,False,人工智能
002230.SZ,科大讯飞,语音识别方法及装置、电子设备和存储介质,科大讯飞股份有限公司,2023113809028,CN117116267B,G10L15/26(2006.01);G06F40/289(2020.01);G06F18/22(2023.01),授权发明,授权,2024-02-13,,False,人工智能
002230.SZ,科大讯飞,语音识别方法、装置、设备及存储介质,科大讯飞股份有限公司,2023114236841,CN117153152B,G10L15/06(2013.01);G10L15/08(2006.01);G10L15/16(2006.01);G10L15/183(2013.01);G10L15/22(2006.01);G10L15/26(2006.01);G06N3/0455(2023.01);G06N3/0442(2023.01);G06N3/09(2023.01),授权发明,授权,2024-02-13,,False,人工智能
002230.SZ,科大讯飞,一种翻译质量的确定方法及装置,科大讯飞股份有限公司,201811384436X,CN109858042B,G06F40/58(2020.01);G06F40/279(2020.01),授权发明,授权,2024-02-20,,False,人工智能
002230.SZ,科大讯飞,文档版面分析识别方法、装置、电子设备和存储介质,科大讯飞股份有限公司,2019112512893,CN111046784B,G06V30/41(2022.01);G06V30/18(2022.01);G06V30/19(2022.01);G06V10/82(2022.01);G06N3/0455(2023.01);G06N3/084(2023.01),授权发明,授权,2024-02-20,,False,人工智能
002230.SZ,科大讯飞,人脸识别模型构建方法、识别方法、装置、设备及存储介质,科大讯飞股份有限公司,2020100181163,CN111241992B,G06V40/16(2022.01),授权发明,授权,2024-02-20,,False,人工智能
002230.SZ,科大讯飞,演员评估方法、装置及电子设备,科大讯飞股份有限公司,2020100807355,CN111340329B,G06Q10/0639(2023.01);G06F40/284(2020.01);H04N21/488(2011.01),授权发明,授权,2024-02-20,,False,人工智能
002230.SZ,科大讯飞,一种说话人聚类方法、装置、设备及存储介质,科大讯飞股份有限公司,202010424995X,CN111599346B,G10L15/02(2006.01);G10L15/06(2013.01);G06F18/23(2023.01),授权发明,授权,2024-02-20,,False,人工智能
002230.SZ,科大讯飞,推荐方法和相关模型的训练方法、电子设备、存储装置,科大讯飞股份有限公司,2021101936625,CN113095901B,G06Q30/0601(2023.01),授权发明,授权,2024-02-20,,False,人工智能
002230.SZ,科大讯飞,事件抽取方法、系统以及设备,科大讯飞股份有限公司,2021103969799,CN113111649B,G06F40/284(2020.01);G06F40/30(2020.01);G06N3/045(2023.01);G06N3/08(2023.01),授权发明,授权,2024-02-20,,False,人工智能
002230.SZ,科大讯飞,高空抛物检测方法、装置、计算机设备和存储介质,科大讯飞股份有限公司,2021105509681,CN113297949B,G06V20/40(2022.01);G06V10/74(2022.01);G06T7/246(2017.01);G06T7/254(2017.01);G06T7/73(2017.01),授权发明,授权,2024-02-20,,False,人工智能
002230.SZ,科大讯飞,翻译质量评估方法、装置、电子设备和存储介质,"科大讯飞股份有限公司,中国科学技术大学",2021109012254,CN113609875B,G06F40/58(2020.01);G06F40/289(2020.01);G06F40/30(2020.01);G06N3/0455(2023.01);G06N3/084(2023.01),授权发明,授权,2024-02-20,,False,人工智能
002230.SZ,科大讯飞,文档结构化方法、装置、电子设备和存储介质,科大讯飞股份有限公司,2021109615957,CN113641746B,G06F16/25(2019.01);G06F16/35(2019.01);G06V30/40(2022.01);G06V30/18(2022.01);G06V30/19(2022.01);G06V10/82(2022.01);G06N3/0455(2023.01);G06N3/0464(2023.01);G06N3/084(2023.01),授权发明,授权,2024-02-20,,False,人工智能
002230.SZ,科大讯飞,版面分析方法、装置、计算机设备和存储介质,科大讯飞股份有限公司,2021110330188,CN113807218B,G06V30/40(2022.01);G06V30/182(2022.01);G06V10/82(2022.01);G06V10/80(2022.01),授权发明,授权,2024-02-20,,False,人工智能
002230.SZ,科大讯飞,一种车辆断电保护方法、装置、存储介质及设备,科大讯飞股份有限公司,2021114624000,CN114228637B,B60R16/023(2006.01);B60R16/033(2006.01);G06F30/27(2020.01);G06N3/084(2023.01),授权发明,授权,2024-02-20,,False,人工智能
002230.SZ,科大讯飞,一种书写美化方法、装置、设备和可读存储介质,科大讯飞股份有限公司,2021115928145,CN114356201B,G06F3/0488(2022.01);G06F3/0354(2013.01);G06T5/70(2024.01),授权发明,授权,2024-02-20,,False,人工智能
002230.SZ,科大讯飞,表格结构化方法、表格恢复设备及具有存储功能的装置,科大讯飞股份有限公司,2020116150536,CN112733855B,G06V30/148(2022.01);G06V30/18(2022.01);G06V30/146(2022.01);G06T7/13(2017.01);G06T7/187(2017.01),授权发明,授权,2024-04-09,,False,人工智能
002230.SZ,科大讯飞,目标车辆悬架控制方法、系统、车辆、设备及存储介质,科大讯飞股份有限公司,2021114978768,CN114261251B,B60G17/015(2006.01);B60G17/018(2006.01),授权发明,授权,2024-04-09,,False,人工智能
002230.SZ,科大讯飞,试题难度预测方法及相关装置,科大讯飞股份有限公司,201911182284X,CN111160606B,G06F18/2431(2023.01);G06F18/213(2023.01);G06Q50/20(2012.01),授权发明,授权,2024-04-12,,False,人工智能
002230.SZ,科大讯飞,主诉与诊断一致性检测方法、装置、设备及存储介质,科大讯飞股份有限公司,2020100178033,CN111383769B,G16H50/70(2018.01);G16H10/60(2018.01);G06F40/30(2020.01),授权发明,授权,2024-04-12,,False,人工智能
002230.SZ,科大讯飞,一种文本识别方法、装置、设备及存储介质,科大讯飞股份有限公司,2020104012516,CN111582282B,G06V30/148(2022.01);G06V30/19(2022.01);G06V30/18(2022.01),授权发明,授权,2024-04-12,,False,人工智能
002230.SZ,科大讯飞,一种语音识别方法、装置、设备及存储介质,"科大讯飞股份有限公司,中国科学技术大学",2020104187281,CN111583909B,G10L15/02(2006.01);G10L15/06(2013.01);G10L15/22(2006.01);G10L15/26(2006.01);G10L25/03(2013.01),授权发明,专利权转移,2024-04-12,,False,人工智能
002230.SZ,科大讯飞,一种车载多音区语音处理的方法和相关装置,科大讯飞股份有限公司,2020104244706,CN111599366B,G10L17/20(2013.01);G10L17/22(2013.01);G10L21/0216(2013.01);G10L21/0232(2013.01),授权发明,授权,2024-04-12,,False,人工智能
002230.SZ,科大讯飞,域适应方法、装置、设备、图像处理方法及存储介质,科大讯飞股份有限公司,2020108697777,CN112001398B,G06V30/148(2022.01);G06V30/19(2022.01),授权发明,授权,2024-04-12,,False,人工智能
002230.SZ,科大讯飞,一种标点预测方法、装置、设备及存储介质,科大讯飞股份有限公司,2020112308979,CN112347789B,G06F40/30(2020.01);G06F40/289(2020.01),授权发明,授权,2024-04-12,,False,人工智能
002230.SZ,科大讯飞,输入法候选项的排序方法及相关模型的训练方法,科大讯飞股份有限公司,2020116223005,CN112783337B,G06F3/023(2006.01),授权发明,授权,2024-04-12,,False,人工智能
002230.SZ,科大讯飞,一种语音文本重写模型构建方法、语音识别方法,科大讯飞股份有限公司,2021102293187,CN113035175B,G10L15/06(2013.01);G10L15/26(2006.01);G06F16/35(2019.01);G06F40/126(2020.01),授权发明,授权,2024-04-12,,False,人工智能
002230.SZ,科大讯飞,音频测评方法及装置,科大讯飞股份有限公司,2021102741889,CN113053409B,G10L25/03(2013.01);G10L25/24(2013.01);G10L25/30(2013.01);G10L25/51(2013.01),授权发明,授权,2024-04-12,,False,人工智能
002230.SZ,科大讯飞,一种书写评价方法、装置、设备及存储介质,科大讯飞股份有限公司,2021107002667,CN113420983B,G06F30/20(2020.01);G06Q10/06(2023.01),授权发明,授权,2024-04-12,,False,人工智能
002230.SZ,科大讯飞,语音合成方法和相关设备、装置、介质,科大讯飞股份有限公司,2021107513198,CN113488020B,G10L13/02(2013.01),授权发明,授权,2024-04-12,,False,人工智能
002230.SZ,科大讯飞,一种说话人识别方法、装置、存储介质及设备,科大讯飞股份有限公司,2021108076437,CN113516987B,G10L17/02(2013.01);G10L17/04(2013.01);G10L17/18(2013.01);G10L19/26(2013.01);G10L25/21(2013.01);G10L25/24(2013.01),授权发明,授权,2024-04-12,,False,人工智能
002230.SZ,科大讯飞,翻译模型训练方法和翻译方法及其装置,"科大讯飞股份有限公司,中国科学技术大学",2021112503124,CN114201975B,G06F40/44(2020.01);G06F40/58(2020.01),授权发明,授权,2024-04-12,,False,人工智能
002230.SZ,科大讯飞,一种交互方法、装置、控制设备及存储介质,科大讯飞股份有限公司,2023115990037,CN117316158B,G10L15/22(2006.01);G10L15/24(2013.01);G06V40/20(2022.01);G06V10/82(2022.01);G10L15/08(2006.01),授权发明,授权,2024-04-12,,False,人工智能
002230.SZ,科大讯飞,语音识别方法、装置、设备及可读存储介质,科大讯飞股份有限公司,2023116645231,CN117351944B,G10L15/02(2006.01);G10L15/26(2006.01);G10L15/28(2013.01),授权发明,授权,2024-04-12,,False,人工智能
002230.SZ,科大讯飞,信息处理方法、装置、系统和可读介质,"北京京东尚科信息技术有限公司,科大讯飞股份有限公司",2019103270414,CN111833864B,G10L15/22(2006.01),授权发明,授权,2024-04-16,,False,人工智能
002230.SZ,科大讯飞,OCR识别纠错方法、装置及设备,科大讯飞股份有限公司,2019109551623,CN110751234B,G06V30/262(2022.01);G06F40/289(2020.01),授权发明,授权,2024-04-16,,False,人工智能
002230.SZ,科大讯飞,一种高采样率语音波形生成方法、装置、设备及存储介质,科大讯飞股份有限公司,2019111883364,CN112863539B,G10L21/0332(2013.01);G10L19/04(2013.01);G10L15/06(2013.01);G10L25/18(2013.01),授权发明,授权,2024-04-16,,False,人工智能
002230.SZ,科大讯飞,作答内容识别方法、相关设备及可读存储介质,科大讯飞股份有限公司,2019112825455,CN111079641B,G06V30/40(2022.01),授权发明,授权,2024-04-16,,False,人工智能
002230.SZ,科大讯飞,文本分割方法、相关设备及可读存储介质,科大讯飞股份有限公司,2019113983831,CN111199150B,G06F40/211(2020.01);G06F40/216(2020.01);G06F40/30(2020.01),授权发明,授权,2024-04-16,,False,人工智能
002230.SZ,科大讯飞,多模态语音识别模型训练方法、装置、设备及存储介质,科大讯飞股份有限公司,2020102471847,CN111462733B,G10L15/06(2013.01);G10L15/02(2006.01);G10L15/25(2013.01);G06V10/762(2022.01),授权发明,授权,2024-04-16,,False,人工智能
002230.SZ,科大讯飞,文本识别方法、装置、电子设备及存储介质,科大讯飞股份有限公司,2020111350165,CN112215236B,G06V30/19(2022.01);G06V30/148(2022.01);G06V10/82(2022.01);G06V30/262(2022.01),授权发明,授权,2024-04-16,,False,人工智能
002230.SZ,科大讯飞,一种言辞矛盾检测方法、装置、设备及存储介质,科大讯飞股份有限公司,2020114048548,CN112464675B,G06F40/35(2020.01);G06F40/279(2020.01);G06F16/35(2019.01),授权发明,授权,2024-04-16,,False,人工智能
002230.SZ,科大讯飞,一种语音转写方法及装置,科大讯飞股份有限公司,2020115692388,CN112687273B,G10L15/26(2006.01),授权发明,授权,2024-04-16,,False,人工智能
002230.SZ,科大讯飞,语音标注质量评价方法、装置、设备及存储介质,"科大讯飞股份有限公司,中国科学技术大学",2020115701211,CN112700763B,G10L15/01(2013.01),授权发明,授权,2024-04-16,,False,人工智能
002230.SZ,科大讯飞,文字识别方法、装置、电子设备及存储介质,科大讯飞股份有限公司,2020115911421,CN112686263B,G06V30/148(2022.01);G06V10/82(2022.01);G06N3/0455(2023.01);G06N3/0464(2023.01);G06N3/0442(2023.01);G06N3/08(2023.01),授权发明,授权,2024-04-16,,False,人工智能
002230.SZ,科大讯飞,文本翻译方法、装置、电子设备和存储介质,"科大讯飞股份有限公司,中国科学技术大学",2020115931425,CN112686059B,G06F40/58(2020.01);G06F40/42(2020.01),授权发明,授权,2024-04-16,,False,人工智能
002230.SZ,科大讯飞,一种音频数据生成方法、音频数据转写方法及其装置,科大讯飞股份有限公司,2020116220026,CN112837690B,G10L15/26(2006.01);G10L15/28(2013.01);G10L15/30(2013.01);H04L9/40(2022.01),授权发明,授权,2024-04-16,,False,人工智能
002230.SZ,科大讯飞,语音处理方法、装置、设备及存储介质,"科大讯飞股份有限公司,中国科学技术大学",2020116340314,CN112735392B,G10L15/14(2006.01);G10L15/26(2006.01);G10L19/00(2013.01);G10L25/51(2013.01),授权发明,授权,2024-04-16,,False,人工智能
002230.SZ,科大讯飞,文本识别方法以及电子设备、存储装置,科大讯飞股份有限公司,2021102046283,CN112949653B,G06V30/18(2022.01);G06V30/19(2022.01);G06V10/82(2022.01);G06N3/08(2023.01),授权发明,授权,2024-04-16,,False,人工智能
002230.SZ,科大讯飞,变形瞳孔定位方法、装置以及设备,科大讯飞股份有限公司,2021103693948,CN112926536B,G06V40/18(2022.01);G06N3/006(2023.01),授权发明,授权,2024-04-16,,False,人工智能
002230.SZ,科大讯飞,对象关键点的检测模型训练的相关方法、装置、设备,"科大讯飞股份有限公司,安徽大学",2021104129384,CN113408568B,G06V10/774(2022.01);G06V10/82(2022.01);G06N3/045(2023.01);G06N3/092(2023.01),授权发明,授权,2024-04-16,,False,人工智能
002230.SZ,科大讯飞,一种医学影像预处理方法、装置、设备及存储介质,科大讯飞股份有限公司,2021106253899,CN113240666B,G06T7/00(2017.01);G06T7/11(2017.01);G06T7/136(2017.01);G06T7/187(2017.01);G06V10/764(2022.01);G06V10/82(2022.01);G06N3/0475(2023.01);G06N3/0464(2023.01);G06N3/094(2023.01),授权发明,授权,2024-04-16,,False,人工智能
002230.SZ,科大讯飞,一种阅读能力的测评方法、装置以及设备,科大讯飞股份有限公司,2021108214899,CN113469274B,G06V10/764(2022.01);A61B5/00(2006.01);A61B5/055(2006.01),授权发明,授权,2024-04-16,,False,人工智能
002230.SZ,科大讯飞,文本补全方法、装置、计算机设备和存储介质,科大讯飞股份有限公司,2021108468518,CN113486167B,G06F16/332(2019.01);G06F16/35(2019.01);G06F40/211(2020.01);G06F40/289(2020.01);G06F40/35(2020.01);G06F18/2415(2023.01);G06N3/04(2023.01);G06N3/08(2023.01),授权发明,授权,2024-04-16,,False,人工智能
002230.SZ,科大讯飞,语音识别方法、装置、设备及存储介质,"科大讯飞股份有限公司,中国科学技术大学",2021110020393,CN113707131B,G10L15/02(2006.01);G10L15/06(2013.01);G10L15/183(2013.01);G10L15/26(2006.01),授权发明,授权,2024-04-16,,False,人工智能
002230.SZ,科大讯飞,要素比对方法、装置、电子设备和存储介质,科大讯飞股份有限公司,2021110555232,CN113806505B,G06F16/332(2019.01);G06F40/35(2020.01);G10L15/22(2006.01);G10L15/26(2006.01),授权发明,授权,2024-04-16,,False,人工智能
002230.SZ,科大讯飞,试题推荐方法、装置、电子设备和存储介质,科大讯飞股份有限公司,2021111460530,CN113837910B,G06F17/00(2019.01);G06Q50/20(2012.01),授权发明,授权,2024-04-16,,False,人工智能
002230.SZ,科大讯飞,一种单目标视频跟踪方法、装置、存储介质及设备,科大讯飞股份有限公司,2023116365391,CN117333514B,G06T7/246(2017.01);G06T7/223(2017.01);G06N3/0464(2023.01);G06N3/0455(2023.01);G06N3/08(2023.01),授权发明,授权,2024-04-16,,False,人工智能
002230.SZ,科大讯飞,改错题评阅方法、相关设备及可读存储介质,科大讯飞股份有限公司,2019112277427,CN111008594B,G06V30/40(2022.01);G06V30/14(2022.01);G06V30/148(2022.01);G06V30/19(2022.01),授权发明,授权,2024-04-19,,False,人工智能
002230.SZ,科大讯飞,一种公式识别方法、装置、设备及存储介质,科大讯飞股份有限公司,2019112735872,CN111340020B,G06V30/146(2022.01);G06V30/14(2022.01);G06V30/148(2022.01),授权发明,授权,2024-04-19,,False,人工智能
002230.SZ,科大讯飞,事件确定方法、相关设备及可读存储介质,科大讯飞股份有限公司,2020102308972,CN111460831B,G06F40/30(2020.01);G06F16/35(2019.01);G06F18/214(2023.01),授权发明,授权,2024-04-19,,False,人工智能
002230.SZ,科大讯飞,跳绳考试测评方法、装置、跳绳、跳绳系统和存储介质,科大讯飞股份有限公司,2022108995099,CN115282584B,A63B71/06(2006.01);A63B5/20(2006.01),授权发明,授权,2024-04-19,,False,人工智能
002230.SZ,科大讯飞,语音识别方法以及电子设备、存储装置,"科大讯飞股份有限公司,吉林科讯信息科技有限公司",2020114875485,CN112700768B,G10L15/18(2013.01);G10L15/22(2006.01),授权发明,授权,2024-04-26,,False,人工智能
002230.SZ,科大讯飞,应用于音频监控的音频场景分类方法、装置以及设备,科大讯飞股份有限公司,2020115069024,CN112562727B,G10L25/30(2013.01);G10L25/51(2013.01),授权发明,授权,2024-04-26,,False,人工智能
002230.SZ,科大讯飞,一种文本输入方法、装置、设备及存储介质,科大讯飞股份有限公司,2020115541369,CN112684907B,G06F3/023(2006.01);G06F40/274(2020.01);G06F9/54(2006.01),授权发明,授权,2024-04-26,,False,人工智能
002230.SZ,科大讯飞,文档生成方法和装置、电子设备及存储介质,"科大讯飞股份有限公司,中国科学技术大学",2020116151276,CN112733505B,G06F40/166(2020.01),授权发明,授权,2024-04-26,,False,人工智能
002230.SZ,科大讯飞,自动化流程生成方法及相关装置和系统、设备和存储介质,科大讯飞股份有限公司,2023117754359,CN117472478B,G06F9/448(2018.01),授权发明,授权,2024-04-26,,False,人工智能
002230.SZ,科大讯飞,语音识别方法、装置、设备及可读存储介质,科大讯飞股份有限公司,2024100348189,CN117558263B,G10L15/06(2013.01);G10L15/02(2006.01);G10L15/16(2006.01);G10L15/26(2006.01);G06N3/0455(2023.01);G06N3/08(2023.01),授权发明,授权,2024-04-26,,False,人工智能
002230.SZ,科大讯飞,策略网络训练方法及人形双足机器人步态控制方法,科大讯飞股份有限公司,202410040335X,CN117555339B,G05D1/43(2024.01);G05D1/633(2024.01);G05D1/644(2024.01);G05D1/648(2024.01);G05D109/12(2024.01),授权发明,授权,2024-04-26,,False,人工智能
002230.SZ,科大讯飞,图像处理方法、装置、电子设备及计算机存储介质,科大讯飞股份有限公司,2019112753739,CN111161268B,G06T7/10(2017.01);G06T7/00(2017.01);G06N3/0464(2023.01),授权发明,授权,2024-04-30,,False,人工智能
002230.SZ,科大讯飞,针对教辅图像的图像质量的分类方法、装置及设备,科大讯飞股份有限公司,2019113603866,CN111091158B,G06V10/764(2022.01);G06T7/00(2017.01),授权发明,授权,2024-04-30,,False,人工智能
002230.SZ,科大讯飞,项目判定方法、相关设备及可读存储介质,"科大讯飞股份有限公司,清华大学",2019114182667,CN111145906B,G16H50/20(2018.01);G06F40/289(2020.01);G06N3/042(2023.01);G06N3/0464(2023.01),授权发明,授权,2024-04-30,,False,人工智能
002230.SZ,科大讯飞,特征编码方法、装置、电子设备及可读存储介质,科大讯飞股份有限公司,2019114190485,CN111160043B,G06F40/30(2020.01);G06N3/0475(2023.01);G06N3/094(2023.01),授权发明,授权,2024-04-30,,False,人工智能
002230.SZ,科大讯飞,一种语种检测方法、装置、设备及存储介质,科大讯飞股份有限公司,2020104609141,CN111524502B,G10L15/00(2013.01);G10L15/02(2006.01),授权发明,授权,2024-04-30,,False,人工智能
002230.SZ,科大讯飞,语音匹配方法、装置、电子设备及存储介质,科大讯飞股份有限公司,2020108261861,CN111968650B,G10L17/00(2013.01);G10L17/22(2013.01);G10L21/0272(2013.01),授权发明,授权,2024-04-30,,False,人工智能
002230.SZ,科大讯飞,基于音素辅助的文本无关声纹识别方法、装置以及设备,科大讯飞股份有限公司,2020108390843,CN111785284B,G10L17/04(2013.01);G10L15/02(2006.01),授权发明,授权,2024-04-30,,False,人工智能
002230.SZ,科大讯飞,一种语音意图识别方法、装置、设备及存储介质,"科大讯飞股份有限公司,中国科学技术大学",2020114969976,CN112669821B,G10L15/02(2006.01);G10L15/06(2013.01);G10L15/22(2006.01);G10L15/26(2006.01),授权发明,授权,2024-04-30,,False,人工智能
002230.SZ,科大讯飞,一种语义理解模型构建方法及装置、语义理解方法及装置,"科大讯飞股份有限公司,中国科学技术大学",2020115196496,CN112633007B,G06F40/30(2020.01);G06F40/42(2020.01);G06F40/211(2020.01);G06F40/205(2020.01);G06N3/0442(2023.01);G06N3/0455(2023.01);G06N3/08(2023.01),授权发明,授权,2024-04-30,,False,人工智能
002230.SZ,科大讯飞,翻译方法、装置、设备及存储介质,"科大讯飞股份有限公司,中国科学技术大学",2020115541265,CN112668346B,G06F40/58(2020.01);G06N3/0464(2023.01);G06N3/0442(2023.01);G06N3/0455(2023.01),授权发明,授权,2024-04-30,,False,人工智能
002230.SZ,科大讯飞,文本翻译方法、装置、电子设备和存储介质,"科大讯飞股份有限公司,中国科学技术大学",2020115931868,CN112686060B,G06F40/58(2020.01);G06F40/42(2020.01),授权发明,授权,2024-04-30,,False,人工智能
002230.SZ,科大讯飞,歌唱语音合成方法及合成设备、计算机存储介质,科大讯飞股份有限公司,2020116275620,CN112767914B,G10L13/08(2013.01);G10H1/00(2006.01),授权发明,授权,2024-04-30,,False,人工智能
002230.SZ,科大讯飞,试题预测网络模型的相关方法和装置,科大讯飞股份有限公司,2020116276430,CN112801829B,G06Q50/20(2012.01);G06F16/36(2019.01);G06N3/0455(2023.01);G06N3/0442(2023.01);G06N3/0464(2023.01);G06N3/09(2023.01);G09B19/00(2006.01),授权发明,授权,2024-04-30,,False,人工智能
002230.SZ,科大讯飞,一种数据检索方法及电子设备,科大讯飞股份有限公司,2020116276464,CN112765194B,G06F16/24(2019.01);G06F16/248(2019.01);G06F16/33(2019.01),授权发明,授权,2024-04-30,,False,人工智能
002230.SZ,科大讯飞,语音转换及相关模型的训练方法、电子设备和存储装置,"科大讯飞股份有限公司,中国科学技术大学",2020116340653,CN112786018B,G10L15/02(2006.01);G10L15/06(2013.01);G10L15/26(2006.01);G10L13/08(2013.01),授权发明,授权,2024-04-30,,False,人工智能
002230.SZ,科大讯飞,文本识别方法、装置、设备及存储介质,"科大讯飞股份有限公司,中国科学技术大学",2021106669156,CN113392825B,G06V30/14(2022.01);G06V30/146(2022.01);G06V30/18(2022.01);G06V30/19(2022.01);G06V10/82(2022.01);G06N3/0464(2023.01);G06N3/08(2023.01),授权发明,授权,2024-04-30,,False,人工智能
002230.SZ,科大讯飞,语音识别方法及相关装置、电子设备、存储介质,"科大讯飞股份有限公司,中国科学技术大学",2021109102871,CN113724689B,G10L15/02(2006.01);G10L15/06(2013.01);G10L15/18(2013.01);G10L15/26(2006.01),授权发明,授权,2024-04-30,,False,人工智能
002230.SZ,科大讯飞,一种书写笔迹生成方法、装置、设备及存储介质,科大讯飞股份有限公司,2021110334579,CN113743302B,G06V30/32(2022.01),授权发明,授权,2024-04-30,,False,人工智能
002230.SZ,科大讯飞,一种热词挖掘方法、装置、设备及存储介质,科大讯飞股份有限公司,2021111925824,CN113836257B,G06F16/31(2019.01);G06F16/33(2019.01);G06F40/284(2020.01),授权发明,授权,2024-04-30,,False,人工智能
002230.SZ,科大讯飞,云主机集群高可用处理方法、系统、电子设备及存储介质,科大讯飞股份有限公司,2021112036042,CN113949712B,H04L67/1097(2022.01);H04L67/1095(2022.01);H04L41/0896(2022.01),授权发明,授权,2024-04-30,,False,人工智能
002230.SZ,科大讯飞,一种业务方案部署方法、装置、系统及设备,科大讯飞股份有限公司,2021113995821,CN114268661B,H04L67/51(2022.01);H04L41/082(2022.01);G06F9/48(2006.01);G06F9/445(2018.01),授权发明,授权,2024-04-30,,False,人工智能
002230.SZ,科大讯飞,一种基于双通道技术的无线通信方法、装置及设备,科大讯飞股份有限公司,2021116790522,CN114337724B,H04B1/59(2006.01);H04B1/50(2006.01),授权发明,授权,2024-04-30,,False,人工智能
002230.SZ,科大讯飞,扫地机器人及其基站、系统、抹布部件的自动拆装方法,科大讯飞股份有限公司,2022110311054,CN115251769B,A47L11/24(2006.01);A47L11/283(2006.01);A47L11/40(2006.01),授权发明,授权,2024-04-30,,False,人工智能
002230.SZ,科大讯飞,答疑对话数据生成方法、系统、电子设备和可读存储介质,科大讯飞股份有限公司,2024100231495,CN117520527B,G06F16/332(2019.01);G06F18/214(2023.01);G06F18/22(2023.01),授权发明,授权,2024-04-30,,False,人工智能
002230.SZ,科大讯飞,跨屏输入方法及装置,科大讯飞股份有限公司,2020115651693,CN112684995B,G06F3/14(2006.01);H04L67/025(2022.01);H04L67/141(2022.01),授权发明,授权,2024-05-03,,False,人工智能
002230.SZ,科大讯飞,文本编辑方法及装置,科大讯飞股份有限公司,201710702071X,CN107480118B,G06F40/166(2020.01);G06F40/30(2020.01);G06F40/284(2020.01);G06F18/241(2023.01);G06F18/214(2023.01),授权发明,授权,2024-05-31,,False,人工智能
002230.SZ,科大讯飞,合成语音处理方法及相关装置,科大讯飞股份有限公司,2019112977778,CN113066472B,G10L13/02(2013.01);G10L13/08(2013.01);G10L25/30(2013.01),授权发明,授权,2024-05-31,,False,人工智能
002230.SZ,科大讯飞,合成语音处理方法及相关装置,科大讯飞股份有限公司,2019112977797,CN113066476B,G10L13/033(2013.01);G10L13/08(2013.01);G10L25/27(2013.01),授权发明,授权,2024-05-31,,False,人工智能
002230.SZ,科大讯飞,语义理解方法、装置、电子设备和存储介质,科大讯飞股份有限公司,2019113302055,CN111046674B,G06F40/30(2020.01);G06F40/211(2020.01),授权发明,授权,2024-05-31,,False,人工智能
002230.SZ,科大讯飞,语音波形生成方法、装置、服务器及存储介质,科大讯飞股份有限公司,2019113824430,CN113053356B,G10L13/08(2013.01);G10L19/00(2013.01);G10L19/04(2013.01);G10L21/0332(2013.01);G10L25/12(2013.01);G10L25/18(2013.01);G10L25/24(2013.01);G10L25/30(2013.01);G10L15/06(2013.01),授权发明,授权,2024-05-31,,False,人工智能
002230.SZ,科大讯飞,语音时长预测方法、装置、设备及可读存储介质,科大讯飞股份有限公司,2019114177014,CN113129863B,G10L13/08(2013.01);G10L13/10(2013.01);G10L19/04(2013.01);G10L19/09(2013.01);G10L25/12(2013.01),授权发明,授权,2024-05-31,,False,人工智能
002230.SZ,科大讯飞,语音特征预测方法、装置、设备及可读存储介质,科大讯飞股份有限公司,201911423685X,CN113129864B,G10L13/10(2013.01),授权发明,授权,2024-05-31,,False,人工智能
002230.SZ,科大讯飞,辅助诊断模型构建方法、诊断方法、装置、设备及介质,"科大讯飞股份有限公司,清华大学",2020100961644,CN111261286B,G16H50/20(2018.01);G16H10/60(2018.01),授权发明,授权,2024-05-31,,False,人工智能
002230.SZ,科大讯飞,病情描述与诊断一致性检测方法及装置,"科大讯飞股份有限公司,清华大学",2020102137288,CN111402979B,G16H10/60(2018.01);G06F16/35(2019.01);G06N3/045(2023.01);G06N3/0442(2023.01);G06N3/0464(2023.01),授权发明,授权,2024-05-31,,False,人工智能
002230.SZ,科大讯飞,试题难度预测方法、装置、电子设备和存储介质,科大讯飞股份有限公司,2020106190823,CN111784048B,G06F17/00(2019.01);G06Q10/04(2023.01);G06F40/205(2020.01);G06N3/04(2023.01);G06N3/08(2023.01),授权发明,授权,2024-05-31,,False,人工智能
002230.SZ,科大讯飞,文本处理方法、相关设备及可读存储介质,科大讯飞股份有限公司,2020106563299,CN111814461B,G06F40/279(2020.01),授权发明,授权,2024-05-31,,False,人工智能
002230.SZ,科大讯飞,一种语义理解方法、装置、设备及存储介质,科大讯飞股份有限公司,2020106910646,CN111814487B,G06F40/30(2020.01);G06F40/279(2020.01);G06F40/216(2020.01),授权发明,授权,2024-05-31,,False,人工智能
002230.SZ,科大讯飞,一种录音系统及录音方法,科大讯飞股份有限公司,2020108384166,CN111986715B,G11C7/16(2006.01);G11B20/10(2006.01);G06F16/632(2019.01),授权发明,授权,2024-05-31,,False,人工智能
002230.SZ,科大讯飞,分布式存储系统、虚拟机创建和数据卷扩容方法,科大讯飞股份有限公司,202011026725X,CN112162702B,G06F3/06(2006.01);G06F9/455(2006.01),授权发明,授权,2024-05-31,,False,人工智能
002230.SZ,科大讯飞,一种引擎响应时间的分析方法及电子设备、存储介质,"科大讯飞股份有限公司,中国科学技术大学",2020110335346,CN112259108B,G10L17/18(2013.01);G10L15/04(2013.01),授权发明,授权,2024-05-31,,False,人工智能
002230.SZ,科大讯飞,GAN网络压缩方法、装置、设备及存储介质,科大讯飞股份有限公司,202011341346X,CN112465115B,G06N3/0475(2023.01);G06N3/082(2023.01);G06N3/094(2023.01),授权发明,授权,2024-05-31,,False,人工智能
002230.SZ,科大讯飞,图像文本抹除方法、相关设备及可读存储介质,科大讯飞股份有限公司,2020114059523,CN112465931B,G06T11/40(2006.01),授权发明,授权,2024-05-31,,False,人工智能
002230.SZ,科大讯飞,一种差异项判别方法及装置,科大讯飞股份有限公司,202011496118X,CN112528894B,G06V30/418(2022.01);G06V30/19(2022.01),授权发明,授权,2024-05-31,,False,人工智能
002230.SZ,科大讯飞,一种表情动画生成方法、装置、设备及存储介质,科大讯飞股份有限公司,2020115527766,CN112669424B,G06T13/80(2011.01),授权发明,授权,2024-05-31,,False,人工智能
002230.SZ,科大讯飞,语音识别方法及电子设备、存储装置,科大讯飞股份有限公司,2020115658160,CN112735395B,G10L15/18(2013.01),授权发明,授权,2024-05-31,,False,人工智能
002230.SZ,科大讯飞,语义识别模型训练方法、识别方法、电子设备、存储介质,"科大讯飞股份有限公司,中国科学技术大学",2020115726596,CN112686051B,G06F40/30(2020.01);G06F40/279(2020.01),授权发明,授权,2024-05-31,,False,人工智能
002230.SZ,科大讯飞,一种在线声纹特征更新方法及设备、存储设备和建模设备,科大讯飞股份有限公司,2020115945945,CN112735438B,G10L17/04(2013.01);G10L17/18(2013.01),授权发明,授权,2024-05-31,,False,人工智能
002230.SZ,科大讯飞,分布式语音的响应方法及相关装置,科大讯飞股份有限公司,2020115964804,CN112735391B,G10L15/08(2006.01);G10L15/32(2013.01);G01S5/20(2006.01),授权发明,授权,2024-05-31,,False,人工智能
002230.SZ,科大讯飞,分布式麦克风阵列的降噪方法和语音交互方法,科大讯飞股份有限公司,2020116141804,CN112735462B,G10L21/0216(2013.01);H04W56/00(2009.01);H04W76/10(2018.01);H04W84/18(2009.01),授权发明,授权,2024-05-31,,False,人工智能
002230.SZ,科大讯飞,语音合成方法以及电子设备、存储装置,"科大讯飞股份有限公司,中国科学技术大学",2020116150625,CN112786004B,G10L13/02(2013.01);G10L15/16(2006.01);G10L25/63(2013.01),授权发明,授权,2024-05-31,,False,人工智能
002230.SZ,科大讯飞,一种语音合成方法、装置、电子设备和存储介质,科大讯飞股份有限公司,2020116235089,CN112786012B,G10L13/10(2013.01),授权发明,授权,2024-05-31,,False,人工智能
002230.SZ,科大讯飞,一种印制电路板设计方法和相关装置,科大讯飞股份有限公司,2020116250623,CN112800714B,G06F30/398(2020.01),授权发明,授权,2024-05-31,,False,人工智能
002230.SZ,科大讯飞,语音端点检测方法、装置、计算机设备及存储介质,"科大讯飞股份有限公司,中国科学技术大学",2020116252258,CN112735385B,G10L15/02(2006.01);G10L15/04(2013.01);G10L15/06(2013.01);G10L15/16(2006.01);G10L15/26(2006.01),授权发明,授权,2024-05-31,,False,人工智能
002230.SZ,科大讯飞,声音转换模型的训练方法、电子设备及存储介质,科大讯飞股份有限公司,202011627564X,CN112802462B,G10L15/16(2006.01);G10L25/18(2013.01);G10L25/24(2013.01);G10L13/02(2013.01),授权发明,授权,2024-05-31,,False,人工智能
002230.SZ,科大讯飞,获得预测模型的方法、语音波形的预测方法及相关装置,"科大讯飞股份有限公司,中国科学技术大学",2020116276337,CN112767957B,G10L19/04(2013.01);G10L25/30(2013.01);G10L13/08(2013.01),授权发明,授权,2024-05-31,,False,人工智能
002230.SZ,科大讯飞,一种扭曲文本行图像矫正的方法和相关装置,科大讯飞股份有限公司,2020116402096,CN112801088B,G06V30/146(2022.01),授权发明,授权,2024-05-31,,False,人工智能
002230.SZ,科大讯飞,语音识别方法、电子设备和存储装置,科大讯飞股份有限公司,2020116432227,CN112786052B,G10L15/26(2006.01);G10L15/16(2006.01);G10L15/02(2006.01),授权发明,授权,2024-05-31,,False,人工智能
002230.SZ,科大讯飞,语义理解方法、装置、设备及存储介质,"科大讯飞股份有限公司,中国科学技术大学",2021101179127,CN112800775B,G06F40/30(2020.01);G06F40/284(2020.01),授权发明,授权,2024-05-31,,False,人工智能
002230.SZ,科大讯飞,语音处理方法、电子设备及存储装置,"科大讯飞股份有限公司,中国科学技术大学",2021103902731,CN113314123B,G10L15/26(2006.01);G10L15/16(2006.01);G10L15/08(2006.01);G10L15/02(2006.01);G10L15/22(2006.01);G10L15/18(2013.01),授权发明,授权,2024-05-31,,False,人工智能
002230.SZ,科大讯飞,一种语音笔录筛选方法、装置、存储介质及设备,科大讯飞股份有限公司,2021104434391,CN113128212B,G06F40/279(2020.01);G06F40/205(2020.01);G10L15/26(2006.01),授权发明,授权,2024-05-31,,False,人工智能
002230.SZ,科大讯飞,通用语音、目标语音合成模型的训练方法及相关装置,科大讯飞股份有限公司,2021105133796,CN113345410B,G10L13/027(2013.01),授权发明,授权,2024-05-31,,False,人工智能
002230.SZ,科大讯飞,语音识别方法以及电子设备、存储装置,科大讯飞股份有限公司,2021107220553,CN113470617B,G10L15/00(2013.01);G10L15/02(2006.01);G10L15/26(2006.01),授权发明,授权,2024-05-31,,False,人工智能
002230.SZ,科大讯飞,语音合成方法及相关装置和电子设备、存储介质,科大讯飞股份有限公司,2021107686835,CN113793591B,G10L13/08(2013.01),授权发明,授权,2024-05-31,,False,人工智能
002230.SZ,科大讯飞,一种车牌识别方法、车牌识别装置和计算机可读存储介质,科大讯飞股份有限公司,2021108880508,CN113743218B,G06V20/62(2022.01);G06V10/82(2022.01);G06V10/764(2022.01);G06N3/0475(2023.01);G06N3/045(2023.01);G06N3/094(2023.01),授权发明,授权,2024-05-31,,False,人工智能
002230.SZ,科大讯飞,一种信息获取方法、装置、系统和计算机可读存储介质,科大讯飞股份有限公司,2021110402684,CN113742411B,G06F16/26(2019.01);G06F16/35(2019.01);G06F16/36(2019.01);G06F16/732(2019.01);G06F16/9537(2019.01);G06F16/242(2019.01),授权发明,授权,2024-05-31,,False,人工智能
002230.SZ,科大讯飞,音素提取方法、语音识别方法、装置、设备及存储介质,"科大讯飞股份有限公司,中国科学技术大学",2021111413510,CN113838456B,G10L15/02(2006.01);G10L15/06(2013.01);G10L15/183(2013.01),授权发明,授权,2024-05-31,,False,人工智能
002230.SZ,科大讯飞,书写笔迹显示方法、装置、设备、系统及存储介质,科大讯飞股份有限公司,2021115016106,CN114253418B,G06F3/041(2006.01);G06F3/0488(2022.01);G06F3/14(2006.01);G06T11/20(2006.01),授权发明,授权,2024-05-31,,False,人工智能
002230.SZ,科大讯飞,一种图像修复方法、装置、设备及存储介质,科大讯飞股份有限公司,2023118198694,CN117474807B,G06T5/77(2024.01);G06V10/44(2022.01);G06V10/774(2022.01);G06V10/86(2022.01),授权发明,授权,2024-05-31,,False,人工智能
002230.SZ,科大讯飞,一种双足机器人步态控制方法、装置、存储介质及设备,科大讯飞股份有限公司,2024100612976,CN117572877B,G05D1/43(2024.01);G05D1/633(2024.01);G05D1/644(2024.01);G05D1/648(2024.01);G05D109/12(2024.01),授权发明,授权,2024-05-31,,False,人工智能
002230.SZ,科大讯飞,拼音标注方法、装置、服务器及存储介质,科大讯飞股份有限公司,2019113800648,CN111144110B,G06F40/284(2020.01);G06F40/30(2020.01);G06F40/242(2020.01);G06N3/0455(2023.01);G06N3/084(2023.01),授权发明,授权,2024-06-04,,False,人工智能
002230.SZ,科大讯飞,真实注视点定位方法以及头戴式视线跟踪系统,科大讯飞股份有限公司,2020114747792,CN112509007B,G06T7/246(2017.01);G06T7/292(2017.01);G06V40/18(2022.01);G06F3/01(2006.01),授权发明,授权,2024-06-04,,False,人工智能
002230.SZ,科大讯飞,系统皮肤生成方法、装置、设备及存储介质,科大讯飞股份有限公司,2020114792872,CN112506510B,G06F8/38(2018.01);G06T11/60(2006.01);G06V10/80(2022.01);G06V10/82(2022.01);G06N3/0455(2023.01);G06N3/0475(2023.01);G06N3/094(2023.01);G06N3/084(2023.01),授权发明,授权,2024-06-04,,False,人工智能
002230.SZ,科大讯飞,语法缺陷数据识别模型构建方法和语法缺陷数据识别方法,"科大讯飞股份有限公司,中国科学技术大学",2020115529244,CN112668345B,G06F40/58(2020.01);G06F40/42(2020.01);G06F40/216(2020.01);G06F40/253(2020.01);G06N3/0442(2023.01);G06N3/08(2023.01),授权发明,授权,2024-06-04,,False,人工智能
002230.SZ,科大讯飞,医学图像预处理模型与分析模型的相关方法和装置,科大讯飞股份有限公司,2021104365137,CN113239978B,G06V10/774(2022.01);G06V10/82(2022.01);G06N3/0464(2023.01);G06N3/047(2023.01);G06N3/084(2023.01),授权发明,授权,2024-06-04,,False,人工智能
002230.SZ,科大讯飞,人群聚集检测方法、装置、电子设备和存储介质,科大讯飞股份有限公司,2021104477132,CN113128430B,G06V20/52(2022.01);G06V40/10(2022.01),授权发明,授权,2024-06-04,,False,人工智能
002230.SZ,科大讯飞,一种获取文本信息的方法、装置、设备及存储介质,"科大讯飞股份有限公司,中国科学技术大学",2021104551817,CN113515945B,G06F40/295(2020.01);G06V30/418(2022.01);G06V30/19(2022.01);G06V10/82(2022.01);G06N3/0455(2023.01);G06N3/0442(2023.01);G06N3/084(2023.01),授权发明,授权,2024-06-04,,False,人工智能
002230.SZ,科大讯飞,对象重识别方法以及电子设备、存储装置,科大讯飞股份有限公司,2021105803942,CN113449596B,G06V40/16(2022.01);G06V40/10(2022.01);G06V10/80(2022.01);G06V10/82(2022.01);G06N3/0464(2023.01);G06N3/08(2023.01),授权发明,授权,2024-06-04,,False,人工智能
002230.SZ,科大讯飞,数据挖掘方法及相关装置和电子设备、存储介质,科大讯飞股份有限公司,2021106741074,CN113535805B,G06F16/2458(2019.01);G06F16/332(2019.01);G06F40/30(2020.01);G06F40/289(2020.01);G06F16/35(2019.01);G06N3/0464(2023.01);G06N3/0455(2023.01),授权发明,授权,2024-06-04,,False,人工智能
002230.SZ,科大讯飞,客观题答题识别方法和阅卷系统、设备、介质,科大讯飞股份有限公司,2021110282127,CN113743294B,G06V30/418(2022.01);G06V30/18(2022.01),授权发明,授权,2024-06-04,,False,人工智能
002230.SZ,科大讯飞,设备指纹的识别方法、装置、电子设备及介质,科大讯飞股份有限公司,2021116590780,CN114499994B,H04L9/40(2022.01),授权发明,授权,2024-06-04,,False,人工智能
002230.SZ,科大讯飞,基于单目相机的人眼定位方法、装置以及设备,科大讯飞股份有限公司,2020106886045,CN111860292B,G06V40/18(2022.01);G06T7/70(2017.01);G06T7/80(2017.01),授权发明,授权,2024-06-07,,False,人工智能
002230.SZ,科大讯飞,网络流量处理方法、相关设备及可读存储介质,科大讯飞股份有限公司,2021100332774,CN112749028B,G06F9/54(2006.01);H04L47/50(2022.01),授权发明,授权,2024-06-07,,False,人工智能
002230.SZ,科大讯飞,信息交互方法、装置、设备及存储介质,"科大讯飞股份有限公司,中国科学技术大学",2021104237196,CN113127708B,G06F16/9032(2019.01);G06F16/783(2019.01);G06F16/36(2019.01);G06F16/332(2019.01);G06F16/33(2019.01);G06N3/045(2023.01);G06N3/044(2023.01);G06N3/0464(2023.01);G06N3/088(2023.01),授权发明,授权,2024-06-07,,False,人工智能
002230.SZ,科大讯飞,语义理解方法、装置、电子设备和存储介质,科大讯飞股份有限公司,2021104817971,CN113177415B,G06F40/30(2020.01);G06F18/2415(2023.01);G06F18/25(2023.01),授权发明,授权,2024-06-07,,False,人工智能
002230.SZ,科大讯飞,车内音量调节方法、装置、电子设备和存储介质,科大讯飞股份有限公司,2021105235304,CN113238730B,G06F3/16(2006.01);G06V20/56(2022.01);G06V10/42(2022.01),授权发明,授权,2024-06-07,,False,人工智能
002230.SZ,科大讯飞,流量检测方法、装置、电子设备和存储介质,科大讯飞股份有限公司,2021115703921,CN114257553B,H04L47/2441(2022.01);H04L47/2483(2022.01);G06F18/22(2023.01),授权发明,授权,2024-06-07,,False,人工智能
002230.SZ,科大讯飞,篇章解析方法及电子设备、存储装置,"科大讯飞股份有限公司,科大讯飞（北京）有限公司,河北省讯飞人工智能研究院",2020112256993,CN112580365B,G06F40/35(2020.01);G06F40/284(2020.01);G06F40/289(2020.01),授权发明,授权,2024-06-11,,False,人工智能
002230.SZ,科大讯飞,二维码模块及带有二维码的设备,科大讯飞股份有限公司,2018101294138,CN108062579B,G06K19/06(2006.01);H04R1/08(2006.01),授权发明,授权,2024-07-05,,False,人工智能
002230.SZ,科大讯飞,科室导诊方法、装置以及设备,"科大讯飞股份有限公司,清华大学",202010081698X,CN111370102B,G16H40/20(2018.01);G06F40/295(2020.01);G06F16/35(2019.01);G06N3/0464(2023.01);G06N3/0442(2023.01);G06N3/045(2023.01),授权发明,授权,2024-07-05,,False,人工智能
002230.SZ,科大讯飞,任务分配方法以及相关装置,科大讯飞股份有限公司,2020105619884,CN111882152B,G06F17/00(2019.01);G06Q10/06(2023.01);G06Q40/02(2023.01),授权发明,授权,2024-07-05,,False,人工智能
002230.SZ,科大讯飞,文本规整方法、装置、电子设备和存储介质,"科大讯飞股份有限公司,中国科学技术大学",2020107313854,CN111832248B,G06F40/103(2020.01);G06F40/253(2020.01);G06F40/289(2020.01);G06F40/30(2020.01),授权发明,授权,2024-07-05,,False,人工智能
002230.SZ,科大讯飞,机器翻译效果评测方法、装置、设备及存储介质,科大讯飞股份有限公司,2020109659880,CN112052693B,G06F40/51(2020.01);G06F40/58(2020.01),授权发明,授权,2024-07-05,,False,人工智能
002230.SZ,科大讯飞,语音处理系统的测试方法及相关设备、存储装置,科大讯飞股份有限公司,2020111124395,CN112365902B,G10L25/78(2013.01);G10L25/48(2013.01),授权发明,授权,2024-07-05,,False,人工智能
002230.SZ,科大讯飞,证据链构建方法、电子设备和存储介质,科大讯飞股份有限公司,2020112244962,CN112348714B,G06Q50/18(2012.01);G06F16/35(2019.01),授权发明,授权,2024-07-05,,False,人工智能
002230.SZ,科大讯飞,一种语义理解方法、装置、设备以及计算机可读存储介质,"科大讯飞股份有限公司,中国科学技术大学",2020115692208,CN112700769B,G10L15/18(2013.01);G10L15/183(2013.01);G10L15/26(2006.01),授权发明,授权,2024-07-05,,False,人工智能
002230.SZ,科大讯飞,应用于说话人分离的转折点检测方法、装置以及设备,科大讯飞股份有限公司,2020115819425,CN112735384B,G10L15/02(2006.01);G10L15/05(2013.01);G10L15/16(2006.01);G10L17/02(2013.01);G10L17/18(2013.01);G10L17/22(2013.01);G10L25/30(2013.01);G10L25/51(2013.01),授权发明,授权,2024-07-05,,False,人工智能
002230.SZ,科大讯飞,一种三维人脸处理方法及电子设备,科大讯飞股份有限公司,2020116433709,CN112734895B,G06T15/04(2011.01);G06T17/00(2006.01),授权发明,授权,2024-07-05,,False,人工智能
002230.SZ,科大讯飞,车内含噪语音数据生成方法、装置以及设备,科大讯飞股份有限公司,2021106940114,CN113409798B,G10L19/00(2013.01),授权发明,授权,2024-07-05,,False,人工智能
002230.SZ,科大讯飞,一种学习状态监控方法及其相关设备,科大讯飞股份有限公司,2021107693379,CN113509189B,A61B5/369(2021.01);A61B5/372(2021.01);A61B5/374(2021.01);A61B5/16(2006.01);A61B5/00(2006.01);A61B3/113(2006.01),授权发明,授权,2024-07-05,,False,人工智能
002230.SZ,科大讯飞,语音识别方法、装置、电子设备和存储介质,科大讯飞股份有限公司,2021109433893,CN113643694B,G10L15/06(2013.01); G10L15/18(2013.01); G10L15/183(2013.01); G10L15/26(2006.01),授权发明,授权,2024-07-05,,False,人工智能
002230.SZ,科大讯飞,一种语音识别方法、装置、设备及存储介质,"科大讯飞股份有限公司,中国科学技术大学",2021110428218,CN113724713B,G10L17/02(2013.01);G10L17/04(2013.01),授权发明,授权,2024-07-05,,False,人工智能
002230.SZ,科大讯飞,设备的语音处理方法、装置以及设备,科大讯飞股份有限公司,2021111317049,CN113838473B,G10L21/0208(2013.01);G10L25/30(2013.01),授权发明,授权,2024-07-05,,False,人工智能
002230.SZ,科大讯飞,音频电路和装置,科大讯飞股份有限公司,202111537445X,CN114157964B,H04R3/04(2006.01),授权发明,授权,2024-07-05,,False,人工智能
002230.SZ,科大讯飞,心跳监测方法以及心跳监测装置、计算机可读存储介质,科大讯飞股份有限公司,2021116718229,CN114305485B,A61B7/04(2006.01),授权发明,授权,2024-07-05,,False,人工智能
002230.SZ,科大讯飞,一种用户意图预测方法、信息推荐方法及相关设备,"科大讯飞股份有限公司,中国科学技术大学",2020110441665,CN112132628B,G06Q30/0202(2023.01);G06Q30/0251(2023.01);G06Q30/0241(2023.01);G06F16/9535(2019.01);G06F40/35(2020.01),授权发明,授权,2024-07-09,,False,人工智能
002230.SZ,科大讯飞,大小写规整方法、装置、电子设备和存储介质,"科大讯飞股份有限公司,中国科学技术大学",2020111342421,CN112214965B,G06F40/109(2020.01);G06F40/126(2020.01);G06F40/151(2020.01);G06F40/289(2020.01);G06F40/30(2020.01);G06F18/22(2023.01),授权发明,授权,2024-07-09,,False,人工智能
002230.SZ,科大讯飞,一种获得数学对象标注模型、数学对象标注的方法和装置,科大讯飞股份有限公司,2020116215263,CN112699887B,G06V30/148(2022.01);G06N3/04(2023.01);G06N3/08(2023.01),授权发明,授权,2024-07-09,,False,人工智能
002230.SZ,科大讯飞,一种图像的文本内容识别方法、装置、设备及存储介质,科大讯飞股份有限公司,2020116265262,CN112784692B,G06V30/146(2022.01);G06V30/19(2022.01);G06V30/42(2022.01),授权发明,授权,2024-07-09,,False,人工智能
002230.SZ,科大讯飞,一种特征块识别方法、电子设备及计算机可读存储介质,科大讯飞股份有限公司,2020116277471,CN112733829B,G06V10/22(2022.01);G06V10/44(2022.01),授权发明,授权,2024-07-09,,False,人工智能
002230.SZ,科大讯飞,总结模型的训练方法和工单生成方法及相关设备、装置,科大讯飞股份有限公司,2021102276247,CN113128176B,G06F40/126(2020.01);G06F40/194(2020.01);G06F40/242(2020.01);G06F40/289(2020.01);G06F40/30(2020.01);G06N3/0455(2023.01);G06N3/084(2023.01),授权发明,授权,2024-07-09,,False,人工智能
002230.SZ,科大讯飞,一种眼部运动引导方法、装置、设备及存储介质,科大讯飞股份有限公司,2021102957718,CN113035318B,G16H20/30(2018.01);G06V40/19(2022.01);A61H5/00(2006.01),授权发明,授权,2024-07-09,,False,人工智能
002230.SZ,科大讯飞,多模态语音分离方法、训练方法及相关装置,科大讯飞股份有限公司,2021111220749,CN113782048B,G10L21/0272(2013.01);G10L25/30(2013.01);G10L25/57(2013.01);G06V40/20(2022.01);G06V10/774(2022.01);G06V10/82(2022.01);G06N3/0464(2023.01);G06N3/088(2023.01),授权发明,授权,2024-07-09,,False,人工智能
002230.SZ,科大讯飞,文本规整方法、相关设备及可读存储介质,科大讯飞股份有限公司,2021111085304,CN113822019B,G06F40/126(2020.01);G06F40/211(2020.01);G06F40/30(2020.01),授权发明,授权,2024-07-12,,False,人工智能
002230.SZ,科大讯飞,一种视频生成方法、装置、设备及存储介质,科大讯飞股份有限公司,2021115747737,CN114173067B,H04N5/262(2006.01);H04N5/278(2006.01);H04N21/44(2011.01);H04N21/8352(2011.01);G06F16/71(2019.01);G06F16/78(2019.01),授权发明,授权,2024-07-12,,False,人工智能
002230.SZ,科大讯飞,一种图像拼接方法及其相关设备,科大讯飞股份有限公司,2021109199665,CN113628113B,G06T3/4038(2024.01);G06T5/50(2006.01);G06V30/14(2022.01);G06V30/18(2022.01);G06V30/19(2022.01);G06V10/82(2022.01);G06N3/0464(2023.01),授权发明,授权,2024-07-23,,False,人工智能
002230.SZ,科大讯飞,多轮交互并行语义理解方法和装置,科大讯飞股份有限公司,2016107933808,CN107799116B,G10L15/22(2006.01);G06F40/30(2020.01),授权发明,授权,2024-08-02,,False,人工智能
002230.SZ,科大讯飞,教学视频打点方法、相关设备及可读存储介质,"科大讯飞股份有限公司,南京谦萃智能科技服务有限公司",2020114588476,CN112560663B,G06F16/783(2019.01);G06V10/00(2022.01);G09B5/02(2006.01),授权发明,申请权转移,2024-08-23,,False,人工智能
002230.SZ,科大讯飞,一种眼部关键信息确定方法、装置、设备及存储介质,科大讯飞股份有限公司,2021102971471,CN112949551B,G06V40/18(2022.01),授权发明,授权,2024-08-27,,False,人工智能
002230.SZ,科大讯飞,图像识别方法、装置、电子设备和存储介质,"科大讯飞股份有限公司,合肥万科企业有限公司",2021108191952,CN113537086B,G06V40/10(2022.01);G06V10/44(2022.01);G06V10/80(2022.01);G06V10/764(2022.01);G06V10/82(2022.01);G06T3/4053(2024.01);G06N3/0464(2023.01);G06N3/045(2023.01);G06N3/0985(2023.01),授权发明,授权,2024-08-27,,False,人工智能
002230.SZ,科大讯飞,一种多语种文本生成方法、装置、设备及存储介质,科大讯飞股份有限公司,2021110334545,CN113743089B,G06F40/216(2020.01);G06N3/0442(2023.01);G06N3/045(2023.01);G06N3/0475(2023.01);G06N3/094(2023.01),授权发明,授权,2024-08-27,,False,人工智能
002230.SZ,科大讯飞,去光照方法、装置、电子设备与存储介质,科大讯飞股份有限公司,202111087980X,CN113781352B,G06V10/20(2022.01);G06V10/60(2022.01);G06V10/82(2022.01);G06V30/16(2022.01);G06V30/41(2022.01);G06N3/044(2023.01);G06N3/045(2023.01);G06N3/0464(2023.01);G06N3/0475(2023.01);G06N3/094(2023.01),授权发明,授权,2024-08-27,,False,人工智能
002230.SZ,科大讯飞,一种测试装置,科大讯飞股份有限公司,202323237414X,CN221650496U,G01R31/00(2006.01);G01R1/04(2006.01),实用新型,授权,2024-09-03,,False,人工智能
002230.SZ,科大讯飞,数据处理方法、装置、设备、存储介质及程序产品,科大讯飞股份有限公司,2024105121538,CN118093856B,G06F16/338(2019.01),授权发明,授权,2024-09-06,,False,人工智能
002230.SZ,科大讯飞,模型构建方法、装置、系统、电子设备及程序产品,科大讯飞股份有限公司,2024107435099,CN118313486B,G06N20/00(2019.01);G06F16/2457(2019.01);G06N3/0985(2023.01),授权发明,授权,2024-09-06,,False,人工智能
002230.SZ,科大讯飞,一种支架,科大讯飞股份有限公司,2022114089513,CN115789468B,F16M13/00(2006.01);F16M11/04(2006.01),授权发明,授权,2024-09-10,,False,人工智能
002230.SZ,科大讯飞,一种弱网对抗方法及相关装置,科大讯飞股份有限公司,2024109453797,CN118473603B,H04L1/00(2006.01),授权发明,授权,2024-09-10,,False,人工智能
002230.SZ,科大讯飞,三维重建方法、装置、电子设备和存储介质,"科大讯飞股份有限公司,浙江潮汐力科技有限公司",2024109486254,CN118485785B,G06T17/00(2006.01);G06V10/75(2022.01),授权发明,授权,2024-09-24,,False,人工智能
002230.SZ,科大讯飞,事项推荐方法及相关装置、电子设备和存储介质,"科大讯飞股份有限公司,讯飞智元信息科技有限公司",2021115745322,CN114357184B,G06F16/36(2019.01);G06F16/35(2019.01);G06F16/9536(2019.01);G06F16/958(2019.01);G06F40/216(2020.01);G06F40/289(2020.01);G06F18/23213(2023.01),授权发明,授权,2024-10-01,,False,人工智能
002230.SZ,科大讯飞,文本补全方法以及电子设备、存储装置,"科大讯飞股份有限公司,科大讯飞（北京）有限公司,河北省讯飞人工智能研究院",2020114520789,CN112560476B,G06F40/289(2020.01);G06F40/232(2020.01);G06F16/33(2019.01),授权发明,授权,2024-10-15,,False,人工智能
002230.SZ,科大讯飞,一种大语言模型人设私有化方法及相关装置,科大讯飞股份有限公司,2024106248964,CN118228829B,G06N5/04(2023.01);G06F40/186(2020.01),授权发明,授权,2024-10-18,,False,人工智能
002230.SZ,科大讯飞,电子设备,科大讯飞股份有限公司,2023229756098,CN221884588U,G09F9/35(2006.01);G09F9/37(2006.01);G09F27/00(2006.01);G06F3/041(2006.01);H05K5/02(2006.01);H05K7/14(2006.01);H05K7/20(2006.01),实用新型,授权,2024-10-22,,False,人工智能
002230.SZ,科大讯飞,多模态说话人身份识别方法、装置和设备,科大讯飞股份有限公司,2021110923126,CN113920560B,G06V40/16(2022.01);G06V40/20(2022.01);G06V20/40(2022.01);G10L17/00(2013.01);G10L17/18(2013.01);G10L25/30(2013.01),授权发明,授权,2024-10-25,,False,人工智能
002230.SZ,科大讯飞,翻译评分方法及相关装置,科大讯飞股份有限公司,2021111457398,CN114036920B,G06F40/189(2020.01);G06F40/58(2020.01);G06F40/216(2020.01),授权发明,授权,2024-10-25,,False,人工智能
002230.SZ,科大讯飞,输入纠错方法及相关装置、输入设备和存储介质,科大讯飞股份有限公司,2021114158909,CN114356110B,G06F3/023(2006.01);G06F3/04886(2022.01),授权发明,授权,2024-10-25,,False,人工智能
002230.SZ,科大讯飞,文本表示方法、装置、电子设备与存储介质,"科大讯飞股份有限公司,中国科学技术大学",2021114526506,CN114118022B,G06F40/151(2020.01);G06F40/194(2020.01);G06F40/189(2020.01);G06F40/284(2020.01);G06F40/30(2020.01),授权发明,授权,2024-10-25,,False,人工智能
002230.SZ,科大讯飞,句式资源库的热更新方法、句式推荐方法及相关装置,科大讯飞股份有限公司,202111626947X,CN114386431B,G06F40/30(2020.01);G06F16/33(2019.01);G06F40/194(2020.01),授权发明,授权,2024-10-25,,False,人工智能
002230.SZ,科大讯飞,语音交互方法及相关装置、设备和存储介质,科大讯飞股份有限公司,202210930532X,CN115359789B,G10L15/22(2006.01);H04S7/00(2006.01),授权发明,授权,2024-10-25,,False,人工智能
002230.SZ,科大讯飞,录音设备和会议系统,科大讯飞股份有限公司,202322907365X,CN221899749U,G10L15/22(2006.01);G10L15/26(2006.01);H04R1/08(2006.01),实用新型,授权,2024-10-25,,False,人工智能
002230.SZ,科大讯飞,用于对弈机器人的储子装置与对弈机器人,科大讯飞股份有限公司,2023234858528,CN221891934U,B25J11/00(2006.01);B25J19/00(2006.01),实用新型,授权,2024-10-25,,False,人工智能
002230.SZ,科大讯飞,带学习应用交互图形用户界面的显示屏幕面板,科大讯飞股份有限公司,2023305210167,CN308905248S,14-04(14),外观设计,授权,2024-10-25,,False,人工智能
002230.SZ,科大讯飞,带课件编辑助手交互图形用户界面的显示屏幕面板,科大讯飞股份有限公司,2023305213998,CN308905249S,14-04(14),外观设计,授权,2024-10-25,,False,人工智能
002230.SZ,科大讯飞,显示屏幕面板的智能助手交互图形用户界面,科大讯飞股份有限公司,2023306153299,CN308905253S,14-04(14),外观设计,授权,2024-10-25,,False,人工智能
002230.SZ,科大讯飞,包装盒,科大讯飞股份有限公司,2023308334087,CN308903900S,09-03(14),外观设计,授权,2024-10-25,,False,人工智能
002230.SZ,科大讯飞,包装盒,科大讯飞股份有限公司,2023308334104,CN308903901S,09-03(14),外观设计,授权,2024-10-25,,False,人工智能
002230.SZ,科大讯飞,认知障碍检测方法、系统和相关装置,科大讯飞股份有限公司,2024108800456,CN118412120B,G16H50/20(2018.01);A61B5/00(2006.01);G16H50/30(2018.01);G06F18/2431(2023.01);G06F18/22(2023.01),授权发明,授权,2024-10-25,,False,人工智能
002230.SZ,科大讯飞,智能代理方法、装置及系统,科大讯飞股份有限公司,2024108858885,CN118426874B,G06F9/448(2018.01);G06F16/958(2019.01),授权发明,授权,2024-10-25,,False,人工智能
002230.SZ,科大讯飞,智能机器人,科大讯飞股份有限公司,2024300010898,CN308905543S,15-99(14),外观设计,授权,2024-10-25,,False,人工智能
002230.SZ,科大讯飞,包装盒（助听器）,科大讯飞股份有限公司,2024300030158,CN308903935S,09-03(14),外观设计,授权,2024-10-25,,False,人工智能
002230.SZ,科大讯飞,包装盒,科大讯飞股份有限公司,2024300030177,CN308903936S,09-03(14),外观设计,授权,2024-10-25,,False,人工智能
002230.SZ,科大讯飞,电子设备的体育项目测评图形用户界面,科大讯飞股份有限公司,2024300051506,CN308905286S,14-04(14),外观设计,授权,2024-10-25,,False,人工智能
002230.SZ,科大讯飞,无线麦克风接收器转接头,科大讯飞股份有限公司,2024300595454,CN308905167S,14-03(14),外观设计,授权,2024-10-25,,False,人工智能
002230.SZ,科大讯飞,录音笔,科大讯飞股份有限公司,2024300936478,CN308905031S,14-01(14),外观设计,授权,2024-10-25,,False,人工智能
002230.SZ,科大讯飞,语音合成模型训练方法、语音合成方法和装置,科大讯飞股份有限公司,2021112219471,CN113823260B,G10L13/08(2013.01);G10L13/02(2013.01);G10L15/02(2006.01);G10L15/06(2013.01);G10L15/26(2006.01);G10L25/51(2013.01),授权发明,授权,2024-10-29,,False,人工智能
002230.SZ,科大讯飞,主题聚类方法及知识抽取方法和相关装置、设备、介质,科大讯飞股份有限公司,2021115061192,CN114328914B,G06F16/35(2019.01);G06F40/194(2020.01),授权发明,授权,2024-10-29,,False,人工智能
002230.SZ,科大讯飞,一种知识图谱的构建方法、装置和计算机可读存储介质,科大讯飞股份有限公司,2021115365501,CN114238654B,G06F16/36(2019.01);G06F16/33(2019.01);G06F40/258(2020.01);G06F40/268(2020.01);G06F40/289(2020.01);G06F40/295(2020.01),授权发明,授权,2024-10-29,,False,人工智能
002230.SZ,科大讯飞,一种语音降噪方法、装置、存储介质及设备,科大讯飞股份有限公司,2021115469943,CN114155871B,G10L21/0216(2013.01);G10L21/0272(2013.01);H04B1/3827(2015.01),授权发明,授权,2024-10-29,,False,人工智能
002230.SZ,科大讯飞,长文本分类方法、装置、设备及存储介质,科大讯飞股份有限公司,2021116191225,CN114281996B,G06F16/35(2019.01);G06F40/30(2020.01),授权发明,授权,2024-10-29,,False,人工智能
002230.SZ,科大讯飞,一种文本匹配方法、装置、设备和存储介质,"科大讯飞股份有限公司,中国科学技术大学",2021116302124,CN114358016B,G06F40/30(2020.01);G06F40/194(2020.01);G06F40/126(2020.01),授权发明,授权,2024-10-29,,False,人工智能
002230.SZ,科大讯飞,目标检测方法及相关装置、电子设备、存储介质,科大讯飞股份有限公司,2022100325690,CN114529791B,G06V10/80(2022.01);G06V10/774(2022.01),授权发明,授权,2024-10-29,,False,人工智能
002230.SZ,科大讯飞,内容提取方法及相关装置、电子设备、存储介质,科大讯飞股份有限公司,2022100960104,CN114626364B,G06F40/221(2020.01);G06F3/04812(2022.01);G06F3/0483(2013.01);G06N20/00(2019.01),授权发明,授权,2024-10-29,,False,人工智能
002230.SZ,科大讯飞,一种清洁机器人及清洁系统,科大讯飞股份有限公司,2022114769220,CN115804546B,A47L11/282(2006.01);A47L11/40(2006.01),授权发明,授权,2024-10-29,,False,人工智能
002230.SZ,科大讯飞,智能眼镜,科大讯飞股份有限公司,2023230409144,CN221926840U,G02C11/00(2006.01); G02C5/14(2006.01),实用新型,授权,2024-10-29,,False,人工智能
002230.SZ,科大讯飞,手势检测系统及电子设备,科大讯飞股份有限公司,2023232655001,CN221926627U,G01S15/88(2006.01); G01S7/539(2006.01); G06F3/01(2006.01); G06F18/24(2023.01),实用新型,授权,2024-10-29,,False,人工智能
002230.SZ,科大讯飞,充电控制电路及充电系统,科大讯飞股份有限公司,2023234242569,CN221929337U,H02J7/00(2006.01); H02H7/18(2006.01),实用新型,授权,2024-10-29,,False,人工智能
002230.SZ,科大讯飞,智能笔及电子设备组件,科大讯飞股份有限公司,2023234675796,CN221927086U,G06F3/0354(2013.01); G06F3/038(2013.01); G06F3/044(2006.01); G10L15/22(2006.01),实用新型,授权,2024-10-29,,False,人工智能
002230.SZ,科大讯飞,充电盒,科大讯飞股份有限公司,2023307051470,CN308911982S,13-02(14),外观设计,授权,2024-10-29,,False,人工智能
002230.SZ,科大讯飞,助听器,科大讯飞股份有限公司,2023308073481,CN308914903S,24-99(14),外观设计,授权,2024-10-29,,False,人工智能
002230.SZ,科大讯飞,合成语音的调整方法、训练方法及相关装置,科大讯飞股份有限公司,2024108821240,CN118411979B,G10L13/08(2013.01);G10L13/10(2013.01);G10L25/30(2013.01),授权发明,授权,2024-10-29,,False,人工智能
002230.SZ,科大讯飞,清洁控制方法、清洁机器人和存储介质,科大讯飞股份有限公司,2024109249757,CN118452746B,A47L11/24(2006.01);A47L11/283(2006.01);A47L11/40(2006.01);G05D1/43(2024.01);G06T7/70(2017.01);G06N3/04(2023.01);G06T17/05(2011.01);G06T7/11(2017.01);G06V10/82(2022.01),授权发明,专利权转移,2024-10-29,,False,人工智能
002230.SZ,科大讯飞,问答交互方法及相关装置、电子设备和存储介质,科大讯飞股份有限公司,2024109478402,CN118484525B,G06F16/332(2019.01);G06F9/50(2006.01),授权发明,授权,2024-10-29,,False,人工智能
002230.SZ,科大讯飞,包装盒（AI手写笔）,科大讯飞股份有限公司,2024300030143,CN308910433S,09-03(14),外观设计,授权,2024-10-29,,False,人工智能
002230.SZ,科大讯飞,翻译机,科大讯飞股份有限公司,2024301006315,CN308912547S,14-02(14),外观设计,授权,2024-10-29,,False,人工智能
002230.SZ,科大讯飞,一种动画绘本生成方法、装置、设备和存储介质,科大讯飞股份有限公司,202111658559X,CN114359446B,G06T13/40(2011.01);G10L13/08(2013.01);G06V20/60(2022.01);G06V20/62(2022.01);G06V10/74(2022.01);G06V10/82(2022.01),授权发明,授权,2024-11-01,,False,人工智能
002230.SZ,科大讯飞,公式识别方法及相关装置、设备和存储介质,科大讯飞股份有限公司,2021116586234,CN114359925B,G06V30/40(2022.01);G06V20/62(2022.01);G06V10/82(2022.01);G06N3/0464(2023.01);G06V30/18(2022.01);G06N3/0455(2023.01);G06N3/0442(2023.01),授权发明,授权,2024-11-01,,False,人工智能
002230.SZ,科大讯飞,教师批改标记的检测方法、电子设备以及存储介质,科大讯飞股份有限公司,2021116656311,CN114359926B,G06V20/80(2022.01);G06V10/44(2022.01);G06V10/82(2022.01);G06V10/764(2022.01);G06V10/766(2022.01);G06V10/26(2022.01);G06N3/0464(2023.01);G06N3/09(2023.01),授权发明,授权,2024-11-01,,False,人工智能
002230.SZ,科大讯飞,文本输入法以及相关装置,科大讯飞股份有限公司,2021116665734,CN114356116B,G06F3/023(2006.01);G06F40/295(2020.01);G06F40/30(2020.01);G06N3/0455(2023.01);G06N3/0442(2023.01);G06N3/08(2023.01),授权发明,授权,2024-11-01,,False,人工智能
002230.SZ,科大讯飞,交互方法、交互装置、电子设备以及存储介质,科大讯飞股份有限公司,2021116723072,CN114357135B,G06F16/332(2019.01);G06F16/338(2019.01);G06F16/33(2019.01);G06V40/16(2022.01);G06F40/295(2020.01);G06T13/40(2011.01);G10L13/08(2013.01),授权发明,授权,2024-11-01,,False,人工智能
002230.SZ,科大讯飞,文本补全方法以及电子设备、存储装置,"科大讯飞股份有限公司,科大讯飞（北京）有限公司,河北省讯飞人工智能研究院",2020114496506,CN113158648B,G06F40/232(2020.01);G06F40/289(2020.01),授权发明,授权,2024-11-05,,False,人工智能
002230.SZ,科大讯飞,阅读能力评估方法及装置、存储介质及电子设备,科大讯飞股份有限公司,202111676931X,CN114496244B,G16H50/30(2018.01);G16H10/60(2018.01);G16H30/20(2018.01),授权发明,授权,2024-11-05,,False,人工智能
002230.SZ,科大讯飞,车辆识别方法及相关装置、电子设备和存储介质,"科大讯飞股份有限公司,讯飞智元信息科技有限公司,安徽大学",2022102097966,CN114782784B,G06V10/80(2022.01);G06V10/40(2022.01);G06V10/82(2022.01);G06N3/0464(2023.01);G06N3/084(2023.01),授权发明,授权,2024-11-05,,False,人工智能
002230.SZ,科大讯飞,一种作弊检测方法、装置、设备、存储介质及产品,科大讯飞股份有限公司,202411154397X,CN118658467B,G10L15/18(2013.01);G10L15/16(2006.01);G10L25/30(2013.01);G10L25/51(2013.01);G06N5/025(2023.01);G06Q50/20(2012.01),授权发明,授权,2024-11-05,,False,人工智能
002230.SZ,科大讯飞,一种冷却装置及汽车,科大讯飞股份有限公司,202420421342X,CN221962188U,H05K7/20(2006.01);H05K5/02(2006.01);F16F15/02(2006.01),实用新型,授权,2024-11-05,,False,人工智能
002230.SZ,科大讯飞,一种温度检测设备及信息科技箱,科大讯飞股份有限公司,2024205973213,CN221959641U,G01K1/08(2021.01);G09B19/00(2006.01);G01K1/00(2006.01),实用新型,授权,2024-11-05,,False,人工智能
002230.SZ,科大讯飞,知识图谱生成方法、系统、存储介质及电子设备,科大讯飞股份有限公司,2021114033975,CN114297399B,G06F16/36(2019.01);G06N5/02(2023.01);G06N3/08(2023.01);G06F18/214(2023.01);G06N3/0455(2023.01),授权发明,授权,2024-11-08,,False,人工智能
002230.SZ,科大讯飞,事件抽取、及其模型的训练方法，及其装置、设备和介质,科大讯飞股份有限公司,2021115723554,CN114328916B,G06F16/35(2019.01);G06F40/216(2020.01);G06F40/289(2020.01);G06F18/214(2023.01),授权发明,授权,2024-11-08,,False,人工智能
002230.SZ,科大讯飞,文本翻译方法、装置、电子设备和存储介质,"科大讯飞股份有限公司,中国科学技术大学",2021115777639,CN114254662B,G06F40/58(2020.01);G06F16/35(2019.01);G06F40/30(2020.01);G06F18/214(2023.01),授权发明,授权,2024-11-08,,False,人工智能
002230.SZ,科大讯飞,分子式识别方法及相关装置、设备和存储介质,科大讯飞股份有限公司,2021116301437,CN114359086B,G06V30/148(2022.01);G06V30/40(2022.01);G06V10/774(2022.01);G06F40/126(2020.01);G06T5/77(2024.01),授权发明,授权,2024-11-08,,False,人工智能
002230.SZ,科大讯飞,一种翻译方法、翻译装置和计算机可读存储介质,科大讯飞股份有限公司,2021116302035,CN114492469B,G06F40/58(2020.01);G06F40/30(2020.01);G06F40/289(2020.01);G06F18/214(2023.01),授权发明,授权,2024-11-08,,False,人工智能
002230.SZ,科大讯飞,图像校正、拼接方法及相关装置、设备、系统和存储介质,科大讯飞股份有限公司,2021116608553,CN114359322B,G06T7/187(2017.01);G06T7/90(2017.01);G06T7/11(2017.01);G06T5/70(2024.01);G06T3/4038(2024.01);G06V10/762(2022.01),授权发明,授权,2024-11-08,,False,人工智能
002230.SZ,科大讯飞,虚拟形象生成方法及相关装置、电子设备、存储介质,科大讯飞股份有限公司,2022103957419,CN114913303B,G06T17/20(2006.01);G06V10/80(2022.01),授权发明,授权,2024-11-08,,False,人工智能
002230.SZ,科大讯飞,语音增强方法、装置和系统,科大讯飞股份有限公司,2021115310778,CN114495959B,G10L21/0208(2013.01);G10L21/0216(2013.01);G06V40/16(2022.01);H04N7/18(2006.01),授权发明,授权,2024-11-29,,False,人工智能
002230.SZ,科大讯飞,用于麦克风设备的音频测试设备,科大讯飞股份有限公司,2023235398199,CN222089766U,H04R29/00(2006.01),实用新型,授权,2024-11-29,,False,人工智能
002230.SZ,科大讯飞,试题推荐方法、装置、设备、存储介质及产品,科大讯飞股份有限公司,2024110264705,CN118551120B,G06F16/9535(2019.01);G06F18/213(2023.01);G06F18/22(2023.01);G06Q50/20(2012.01),授权发明,授权,2024-11-29,,False,人工智能
002230.SZ,科大讯飞,视频通话方法及相关装置、设备和存储介质,科大讯飞股份有限公司,2021114561891,CN114339113B,H04N7/14(2006.01);G10L21/0216(2013.01);G10L25/51(2013.01);G01S5/20(2006.01);G06V40/16(2022.01),授权发明,授权,2024-12-03,,False,人工智能
002230.SZ,科大讯飞,按键输入方法及相关装置、设备和存储介质,科大讯飞股份有限公司,2021115093865,CN114356112B,G06F3/023(2006.01),授权发明,授权,2024-12-03,,False,人工智能
002230.SZ,科大讯飞,语义纠错方法及装置、电子设备和存储介质,科大讯飞股份有限公司,2021115298422,CN114330362B,G06F40/30(2020.01);G06F40/194(2020.01),授权发明,授权,2024-12-03,,False,人工智能
002230.SZ,科大讯飞,知识图谱辅助构建方法、装置、设备及存储介质,"科大讯飞股份有限公司,讯飞智元信息科技有限公司",2021112987832,CN113961721B,G06F16/36(2019.01);G06F16/35(2019.01);G06F40/253(2020.01);G06F40/30(2020.01);G06F18/213(2023.01);G06N3/042(2023.01);G06N3/08(2023.01);G06N5/022(2023.01),授权发明,授权,2024-12-06,,False,人工智能
002230.SZ,科大讯飞,训练深度学习模型的方法、数据处理方法及装置,科大讯飞股份有限公司,202111678978X,CN114462571B,G06N3/0464(2023.01);G06N3/08(2023.01);G06V10/764(2022.01),授权发明,授权,2024-12-06,,False,人工智能
002230.SZ,科大讯飞,关节模组的测试方法、装置、设备和存储介质,科大讯飞股份有限公司,2022109479374,CN115302506B,B25J9/16(2006.01);B25J19/00(2006.01),授权发明,授权,2024-12-06,,False,人工智能
002230.SZ,科大讯飞,一种菜单导航方法、装置、设备、存储介质及产品,科大讯飞股份有限公司,2024109410772,CN118468890B,G06F40/30(2020.01);G06F40/279(2020.01);G06F18/22(2023.01);G06F3/0482(2013.01),授权发明,授权,2024-12-06,,False,人工智能
002230.SZ,科大讯飞,文本纠错方法及相关装置、设备和存储介质,科大讯飞股份有限公司,2021116585585,CN114357981B,G06F40/232(2020.01);G06F40/284(2020.01);G06F40/268(2020.01);G06N3/0442(2023.01);G06N3/084(2023.01),授权发明,授权,2024-12-10,,False,人工智能
002230.SZ,科大讯飞,数据改写方法、装置、存储介质及计算机设备,"科大讯飞股份有限公司,中国科学技术大学",2021116654778,CN114357950B,G06F40/166(2020.01);G06F40/35(2020.01);G06F16/2458(2019.01);G06F16/23(2019.01),授权发明,授权,2024-12-10,,False,人工智能
002230.SZ,科大讯飞,一种纪要文本生成方法、投影装置和计算机可读存储介质,科大讯飞股份有限公司,2021110706196,CN113919299B,G06F40/166(2020.01);G06T11/60(2006.01);H04N9/31(2006.01),授权发明,授权,2024-12-13,,False,人工智能
002230.SZ,科大讯飞,一种翻译评分方法及其相关设备,科大讯飞股份有限公司,2021111369325,CN113850087B,G06F40/51(2020.01);G06F40/284(2020.01),授权发明,授权,2024-12-13,,False,人工智能
002230.SZ,科大讯飞,一种笔迹信息的获取方法和设备,科大讯飞股份有限公司,2021111876442,CN113971807B,G06V30/226(2022.01);G06V30/14(2022.01),授权发明,授权,2024-12-13,,False,人工智能
002230.SZ,科大讯飞,情感分析方法、相关设备及可读存储介质,科大讯飞股份有限公司,2021112846228,CN114005446B,G10L15/22(2006.01);G10L15/26(2006.01);G10L15/16(2006.01);G10L25/30(2013.01);G10L25/63(2013.01);G06F40/126(2020.01);G06F40/30(2020.01);G06N3/0455(2023.01);G06N3/0442(2023.01);G06N3/08(2023.01),授权发明,授权,2024-12-13,,False,人工智能
002230.SZ,科大讯飞,知识图谱构建方法、知识图谱构建系统和计算设备,科大讯飞股份有限公司,2021113965101,CN114817553B,G06F16/36(2019.01);G06F16/35(2019.01);G06F40/211(2020.01);G06F40/295(2020.01);G06F40/30(2020.01);G06N3/02(2006.01),授权发明,授权,2024-12-13,,False,人工智能
002230.SZ,科大讯飞,资源调度方法及相关装置、设备和存储介质,科大讯飞股份有限公司,2021115927458,CN114356516B,G06F9/48(2006.01);G06F9/50(2006.01),授权发明,授权,2024-12-13,,False,人工智能
002230.SZ,科大讯飞,音频识别方法、系统和相关装置,科大讯飞股份有限公司,2024110229716,CN118553249B,G10L15/26(2006.01);G10L15/06(2013.01);G10L15/08(2006.01),授权发明,授权,2024-12-13,,False,人工智能
002230.SZ,科大讯飞,天线耦合测试装置,科大讯飞股份有限公司,2024202385455,CN222167128U,G01R29/10(2006.01);G01R1/04(2006.01),实用新型,授权,2024-12-13,,False,人工智能
002230.SZ,科大讯飞,一种扫描笔,科大讯飞股份有限公司,2024202668399,CN222167635U,G06V30/142(2022.01),实用新型,授权,2024-12-13,,False,人工智能
002230.SZ,科大讯飞,一种耳机盒,科大讯飞股份有限公司,2024202684141,CN222169981U,H04R1/10(2006.01),实用新型,授权,2024-12-13,,False,人工智能
002230.SZ,科大讯飞,音频功放设备测试系统,科大讯飞股份有限公司,2024202685322,CN222170015U,H04R29/00(2006.01),实用新型,授权,2024-12-13,,False,人工智能
002230.SZ,科大讯飞,车载电路板和车载产品,科大讯飞股份有限公司,202420356715X,CN222170076U,H05K1/02(2006.01);H05K1/11(2006.01),实用新型,授权,2024-12-13,,False,人工智能
002230.SZ,科大讯飞,机柜,科大讯飞股份有限公司,2024203738026,CN222170262U,H05K7/20(2006.01);H05K5/02(2006.01),实用新型,授权,2024-12-13,,False,人工智能
002230.SZ,科大讯飞,助听器充电仓、助听器及助听器组件,科大讯飞股份有限公司,2024203751321,CN222170009U,H04R25/00(2006.01);H02J7/00(2006.01),实用新型,授权,2024-12-13,,False,人工智能
002230.SZ,科大讯飞,包装盒,科大讯飞股份有限公司,2024300030196,CN309001917S,09-03(14),外观设计,授权,2024-12-13,,False,人工智能
002230.SZ,科大讯飞,对话路径构建方法、对话路径生成方法及相关设备,"科大讯飞股份有限公司,讯飞医疗科技股份有限公司",202111234994X,CN113887247B,G06F40/35(2020.01);G06N20/00(2019.01),授权发明,授权,2024-12-17,,False,人工智能
002230.SZ,科大讯飞,触碰检测方法、装置、设备和计算机可读存储介质,科大讯飞股份有限公司,2021114914535,CN114419148B,G06T7/73(2017.01);G06T7/11(2017.01);G06T7/00(2017.01);G06T5/30(2006.01);G06N3/08(2023.01);G06V10/74(2022.01);G06V10/82(2022.01);G06N3/0464(2023.01),授权发明,授权,2024-12-17,,False,人工智能
002230.SZ,科大讯飞,用户意图识别方法、识别装置和电子设备,"科大讯飞股份有限公司,联通在线信息科技有限公司",2021115058429,CN114238601B,G06F16/332(2019.01);G06F16/36(2019.01),授权发明,授权,2024-12-17,,False,人工智能
002230.SZ,科大讯飞,一种书写显示方法、装置、设备、系统及存储介质,科大讯飞股份有限公司,2021116199227,CN114217730B,G06F3/04883(2022.01);G06F3/0354(2013.01);G06F3/14(2006.01),授权发明,授权,2024-12-17,,False,人工智能
002230.SZ,科大讯飞,图像识别方法、答题批改方法及相关装置、设备和介质,科大讯飞股份有限公司,2022105569297,CN115063805B,G06V30/148(2022.01);G06F40/169(2020.01),授权发明,授权,2024-12-17,,False,人工智能
002230.SZ,科大讯飞,一种电子设备,科大讯飞股份有限公司,2024202178506,CN222192513U,H04R1/08(2006.01);H04R9/06(2006.01);H04R1/02(2006.01);H04R9/02(2006.01);H01H13/14(2006.01),实用新型,授权,2024-12-17,,False,人工智能
002230.SZ,科大讯飞,下肢康复运动器,科大讯飞股份有限公司,2024300704447,CN309013984S,24-01(14),外观设计,授权,2024-12-17,,False,人工智能
002230.SZ,科大讯飞,目的地预判方法、装置、电子设备和存储介质,科大讯飞股份有限公司,2021104293092,CN113128766B,G06Q10/04(2023.01);G06N3/04(2023.01);G06N3/096(2023.01),授权发明,授权,2024-12-20,,False,人工智能
002230.SZ,科大讯飞,麦克风模组和电子设备,科大讯飞股份有限公司,2024203329950,CN222215917U,H04R1/08(2006.01),实用新型,授权,2024-12-20,,False,人工智能
002230.SZ,科大讯飞,域控制器,科大讯飞股份有限公司,2024203356144,CN222216241U,H05K7/14(2006.01);H05K5/02(2006.01);H05K5/03(2006.01),实用新型,授权,2024-12-20,,False,人工智能
002230.SZ,科大讯飞,积木车,科大讯飞股份有限公司,2023231724729,CN222238764U,A63H17/00(2006.01);A63H17/26(2006.01),实用新型,授权,2024-12-27,,False,人工智能
002230.SZ,科大讯飞,一种文档审核方法及其相关设备,科大讯飞股份有限公司,2021114172959,CN114254607B,G06F40/186(2020.01);G06Q10/10(2023.01);G06F16/93(2019.01),授权发明,授权,2024-12-31,,False,人工智能
002230.SZ,科大讯飞,一种字符识别方法、装置、设备及存储介质,科大讯飞股份有限公司,2021116712769,CN114332871B,G06V30/148(2022.01);G06V10/74(2022.01);G06V10/774(2022.01);G06V30/19(2022.01),授权发明,授权,2024-12-31,,False,人工智能
002230.SZ,科大讯飞,目标检测模型训练方法、装置、设备及可读存储介质,"科大讯飞股份有限公司,讯飞智元信息科技有限公司",2022108198585,CN115115922B,G06V10/82(2022.01);G06V10/25(2022.01);G06V10/764(2022.01);G06V10/766(2022.01);G06N3/045(2023.01),授权发明,授权,2024-12-31,,False,人工智能
002230.SZ,科大讯飞,一种音频作答评分方法、装置、设备、存储介质及产品,科大讯飞股份有限公司,2024113196907,CN118841002B,G10L15/01(2013.01);G10L15/06(2013.01);G10L15/18(2013.01);G10L15/16(2006.01);G10L15/22(2006.01);G10L15/26(2006.01),授权发明,授权,2024-12-31,,False,人工智能
002230.SZ,科大讯飞,一种坐姿检测装置及学习机,科大讯飞股份有限公司,2024209553447,CN222281257U,G06V10/12(2022.01);G06V10/94(2022.01);G06V40/00(2022.01),实用新型,授权,2024-12-31,,False,人工智能
002230.SZ,科大讯飞,一种收纳盒,科大讯飞股份有限公司,2024210845573,CN222283487U,H04R25/00(2006.01),实用新型,授权,2024-12-31,,False,人工智能
002230.SZ,科大讯飞,一种语法解析方法、装置、设备及存储介质,科大讯飞股份有限公司,2021111754407,CN113901798B,G06F40/253(2020.01),授权发明,授权,2025-01-03,,False,人工智能
002230.SZ,科大讯飞,一种文本识别方法、装置、终端设备和存储介质,科大讯飞股份有限公司,2021113951344,CN114359922B,G06V30/40(2022.01);G06V30/10(2022.01);G06V10/22(2022.01);G06V10/147(2022.01),授权发明,授权,2025-01-03,,False,人工智能
002230.SZ,科大讯飞,一种查询方法及其相关设备,科大讯飞股份有限公司,2021113978421,CN114356979B,G06F16/2455(2019.01);G06F16/2457(2019.01);G06F16/248(2019.01);G06F16/9535(2019.01),授权发明,授权,2025-01-03,,False,人工智能
002230.SZ,科大讯飞,增益补偿方法及相关装置、设备、系统和存储介质,科大讯飞股份有限公司,2021114078942,CN114333894B,G10L21/0232(2013.01);G10L21/0264(2013.01);H04R3/04(2006.01),授权发明,授权,2025-01-03,,False,人工智能
002230.SZ,科大讯飞,一种图谱构建方法及其相关设备,科大讯飞股份有限公司,2021114817427,CN114254121B,G06F16/36(2019.01),授权发明,授权,2025-01-03,,False,人工智能
002230.SZ,科大讯飞,一种多媒体数据的挖掘方法、装置、存储介质及设备,科大讯飞股份有限公司,202111529005X,CN114254634B,G06F40/289(2020.01);G06F40/40(2020.01);G06F40/194(2020.01),授权发明,授权,2025-01-03,,False,人工智能
002230.SZ,科大讯飞,话者分离方法、装置、电子设备和存储介质,科大讯飞股份有限公司,2021115303098,CN114187917B,G10L17/02(2013.01);G10L21/0216(2013.01);G10L21/0272(2013.01);G06V40/10(2022.01),授权发明,授权,2025-01-03,,False,人工智能
002230.SZ,科大讯飞,文本图像区域检测方法、相关设备及可读存储介质,科大讯飞股份有限公司,2021116161499,CN114283419B,G06V30/148(2022.01);G06T7/62(2017.01);G06T7/11(2017.01);G06V10/26(2022.01);G06V10/774(2022.01),授权发明,授权,2025-01-03,,False,人工智能
002230.SZ,科大讯飞,一种重音预测方法、装置、设备及存储介质,科大讯飞股份有限公司,2021116285896,CN114722807B,G06F40/289(2020.01);G06F40/253(2020.01);G10L13/08(2013.01),授权发明,授权,2025-01-03,,False,人工智能
002230.SZ,科大讯飞,一种对象模型的确定方法和相关装置,科大讯飞股份有限公司,2021116758796,CN114332377B,G06T17/00(2006.01),授权发明,授权,2025-01-03,,False,人工智能
002230.SZ,科大讯飞,车牌识别方法、相关设备及可读存储介质,科大讯飞股份有限公司,2022101765397,CN114529786B,G06V20/62(2022.01);G06V10/774(2022.01),授权发明,授权,2025-01-03,,False,人工智能
002230.SZ,科大讯飞,一种整句联想方法、装置、设备及存储介质,科大讯飞股份有限公司,2022103607186,CN114637411B,G06F3/023(2006.01);G06F40/274(2020.01);G06F40/30(2020.01),授权发明,授权,2025-01-03,,False,人工智能
002230.SZ,科大讯飞,数学题目批改方法、装置、设备及存储介质,科大讯飞股份有限公司,2022105680326,CN114926853B,G06V30/414(2022.01);G06V30/148(2022.01);G06F40/279(2020.01);G06V30/19(2022.01),授权发明,授权,2025-01-03,,False,人工智能
002230.SZ,科大讯飞,一种数据分析方法及其相关设备,科大讯飞股份有限公司,2022106235325,CN114970468B,G06F40/166(2020.01);G06F40/221(2020.01),授权发明,授权,2025-01-03,,False,人工智能
002230.SZ,科大讯飞,作业学情采集方法、装置、设备及存储介质,科大讯飞股份有限公司,2022109099394,CN115147859B,G06V30/42(2022.01);G06V30/142(2022.01);G06V30/148(2022.01),授权发明,授权,2025-01-03,,False,人工智能
002230.SZ,科大讯飞,一种助听器啸叫检测方法及相关装置、套件和存储介质,科大讯飞股份有限公司,2022110038423,CN115426604B,H04R25/00(2006.01),授权发明,授权,2025-01-03,,False,人工智能
002230.SZ,科大讯飞,一种测量扬声器阻抗的阻抗盒及系统,科大讯飞股份有限公司,2022111453423,CN115484539B,H04R29/00(2006.01);G01R27/08(2006.01),授权发明,授权,2025-01-03,,False,人工智能
002230.SZ,科大讯飞,减速机构、机动襟翼系统、控制方法、设备和介质,科大讯飞股份有限公司,2022111774354,CN115477003B,B64C9/16(2006.01);B64C9/32(2006.01),授权发明,授权,2025-01-03,,False,人工智能
002230.SZ,科大讯飞,引体向上测评方法、装置、电子设备及存储介质,科大讯飞股份有限公司,2022113643916,CN115738219B,A63B71/06(2006.01);A63B23/12(2006.01);G06V40/20(2022.01),授权发明,授权,2025-01-03,,False,人工智能
002230.SZ,科大讯飞,油门调节方法、装置、设备、系统和存储介质,科大讯飞股份有限公司,2022113791072,CN115573821B,F02D11/10(2006.01),授权发明,授权,2025-01-03,,False,人工智能
002230.SZ,科大讯飞,异常唤醒系统及车载导航设备,科大讯飞股份有限公司,2023229727220,CN222291684U,B60R25/25(2013.01);B60R25/30(2013.01);B60R25/40(2013.01),实用新型,授权,2025-01-03,,False,人工智能
002230.SZ,科大讯飞,带隐私保护的摄像装置,科大讯飞股份有限公司,2023234001810,CN222301885U,H04N23/50(2023.01);H04N23/51(2023.01);H04N23/55(2023.01),实用新型,授权,2025-01-03,,False,人工智能
002230.SZ,科大讯飞,电子设备与交互组件,科大讯飞股份有限公司,2023234460756,CN222299988U,G06F1/16(2006.01);G06F3/04817(2022.01);G06F3/04842(2022.01);G06F3/0486(2013.01),实用新型,授权,2025-01-03,,False,人工智能
002230.SZ,科大讯飞,扬声设备与音频组网系统,科大讯飞股份有限公司,2023236682737,CN222302004U,H04R3/04(2006.01),实用新型,授权,2025-01-03,,False,人工智能
002230.SZ,科大讯飞,电子设备的虚拟现实输入图形用户界面,科大讯飞股份有限公司,2023305853956,CN309050587S,14-04(14),外观设计,授权,2025-01-03,,False,人工智能
002230.SZ,科大讯飞,包装盒,科大讯飞股份有限公司,2023308692937,CN309048948S,09-03(14),外观设计,授权,2025-01-03,,False,人工智能
002230.SZ,科大讯飞,电子设备,科大讯飞股份有限公司,202420005730X,CN222300016U,G06F1/20(2006.01),实用新型,授权,2025-01-03,,False,人工智能
002230.SZ,科大讯飞,一种智能眼镜,科大讯飞股份有限公司,2024200152997,CN222299904U,G02C11/00(2006.01);G02C5/14(2006.01);H02J7/00(2006.01),实用新型,授权,2025-01-03,,False,人工智能
002230.SZ,科大讯飞,一种故障保护电路、车载功放装置及车辆,科大讯飞股份有限公司,2024200157882,CN222301414U,H02H7/12(2006.01);H03F1/52(2006.01);H03F3/20(2006.01),实用新型,授权,2025-01-03,,False,人工智能
002230.SZ,科大讯飞,一种功放电路及电子设备,科大讯飞股份有限公司,202420017847X,CN222301783U,H03F1/02(2006.01);H03F1/30(2006.01);H03F3/183(2006.01);H03F3/21(2006.01);H04R3/00(2006.01),实用新型,授权,2025-01-03,,False,人工智能
002230.SZ,科大讯飞,供电控制电路、音频功率放大器及音频系统,科大讯飞股份有限公司,202420037448X,CN222301787U,H03F3/183(2006.01);H03F3/21(2006.01),实用新型,授权,2025-01-03,,False,人工智能
002230.SZ,科大讯飞,天线接收模组与终端设备,科大讯飞股份有限公司,2024200404112,CN222301814U,H04B1/40(2015.01);H04B1/401(2015.01);H04B1/16(2006.01),实用新型,授权,2025-01-03,,False,人工智能
002230.SZ,科大讯飞,棋子与对弈装置,科大讯飞股份有限公司,2024200790057,CN222286354U,A63F3/02(2006.01),实用新型,授权,2025-01-03,,False,人工智能
002230.SZ,科大讯飞,振膜组件、扬声器及车辆,科大讯飞股份有限公司,2024201214257,CN222302008U,H04R9/06(2006.01);H04R9/02(2006.01),实用新型,授权,2025-01-03,,False,人工智能
002230.SZ,科大讯飞,功率放大器、音频信号输出装置及车载音响系统,科大讯飞股份有限公司,2024201214308,CN222302002U,H04R3/00(2006.01),实用新型,授权,2025-01-03,,False,人工智能
002230.SZ,科大讯飞,户外终端设备自动除尘系统与户外终端设备,科大讯飞股份有限公司,2024202473719,CN222302245U,H05K7/20(2006.01);B08B5/02(2006.01);B08B13/00(2006.01),实用新型,授权,2025-01-03,,False,人工智能
002230.SZ,科大讯飞,户外一体机,科大讯飞股份有限公司,2024203327387,CN222302141U,H05K5/02(2006.01),实用新型,授权,2025-01-03,,False,人工智能
002230.SZ,科大讯飞,一种电流检测电路以及电子设备,科大讯飞股份有限公司,2024204541320,CN222299701U,G01R19/00(2006.01),实用新型,授权,2025-01-03,,False,人工智能
002230.SZ,科大讯飞,学习机的后置摄像头,科大讯飞股份有限公司,2024300709328,CN309051102S,16-01(14),外观设计,授权,2025-01-03,,False,人工智能
002230.SZ,科大讯飞,电子设备的添加考试样卷图形用户界面,科大讯飞股份有限公司,202430079811X,CN309050612S,14-04(14),外观设计,授权,2025-01-03,,False,人工智能
002230.SZ,科大讯飞,电子设备的多科目同场次考试监考图形用户界面,科大讯飞股份有限公司,2024300798177,CN309050613S,14-04(14),外观设计,授权,2025-01-03,,False,人工智能
002230.SZ,科大讯飞,信息科技实验教具,科大讯飞股份有限公司,2024300908425,CN309051230S,19-07(14),外观设计,授权,2025-01-03,,False,人工智能
002230.SZ,科大讯飞,数据处理器前面板,科大讯飞股份有限公司,2024300936497,CN309050445S,14-02(14),外观设计,授权,2025-01-03,,False,人工智能
002230.SZ,科大讯飞,电子设备的科技教学图形用户界面,科大讯飞股份有限公司,2024301136056,CN309050631S,14-04(14),外观设计,授权,2025-01-03,,False,人工智能
002230.SZ,科大讯飞,用于电子设备的悬浮键盘输入图形用户界面,科大讯飞股份有限公司,2024301676340,CN309050671S,14-04(14),外观设计,授权,2025-01-03,,False,人工智能
002230.SZ,科大讯飞,用于电子设备的悬浮键盘输入图形用户界面,科大讯飞股份有限公司,2024301676355,CN309050672S,14-04(14),外观设计,授权,2025-01-03,,False,人工智能
002230.SZ,科大讯飞,录音笔,科大讯飞股份有限公司,2024302440246,CN309050363S,14-01(14),外观设计,授权,2025-01-03,,False,人工智能
002230.SZ,科大讯飞,录音笔,科大讯飞股份有限公司,2024302440250,CN309050364S,14-01(14),外观设计,授权,2025-01-03,,False,人工智能
002230.SZ,科大讯飞,录音笔,科大讯飞股份有限公司,202430244027X,CN309050365S,14-01(14),外观设计,授权,2025-01-03,,False,人工智能
002230.SZ,科大讯飞,录音笔,科大讯飞股份有限公司,2024302440284,CN309050366S,14-01(14),外观设计,授权,2025-01-03,,False,人工智能
002230.SZ,科大讯飞,录音笔,科大讯飞股份有限公司,2024302440299,CN309050367S,14-01(14),外观设计,授权,2025-01-03,,False,人工智能
002230.SZ,科大讯飞,录音笔,科大讯飞股份有限公司,2024302440301,CN309050368S,14-01(14),外观设计,授权,2025-01-03,,False,人工智能
002230.SZ,科大讯飞,录音笔,科大讯飞股份有限公司,2024302440316,CN309050369S,14-01(14),外观设计,授权,2025-01-03,,False,人工智能
002230.SZ,科大讯飞,录音笔,科大讯飞股份有限公司,2024302440462,CN309050370S,14-01(14),外观设计,授权,2025-01-03,,False,人工智能
002230.SZ,科大讯飞,AR眼镜,科大讯飞股份有限公司,2024302609432,CN309050460S,14-02(14),外观设计,授权,2025-01-03,,False,人工智能
002230.SZ,科大讯飞,朗读亭,科大讯飞股份有限公司,2024302648121,CN309052199S,25-03(14),外观设计,授权,2025-01-03,,False,人工智能
002230.SZ,科大讯飞,体育考试设备,科大讯飞股份有限公司,2024303057561,CN309049490S,10-05(14),外观设计,授权,2025-01-03,,False,人工智能
002230.SZ,科大讯飞,体育考试设备,科大讯飞股份有限公司,2024303058070,CN309049491S,10-05(14),外观设计,授权,2025-01-03,,False,人工智能
002230.SZ,科大讯飞,体育考试设备,科大讯飞股份有限公司,2024303061228,CN309049492S,10-05(14),外观设计,授权,2025-01-03,,False,人工智能
002230.SZ,科大讯飞,录音笔,科大讯飞股份有限公司,2024303091929,CN309050385S,14-01(14),外观设计,授权,2025-01-03,,False,人工智能
002230.SZ,科大讯飞,用于基于题目识别手写作答内容的方法、系统和计算设备,科大讯飞股份有限公司,202111334413X,CN114299513B,G06V30/32(2022.01);G06N3/0464(2023.01);G06V10/774(2022.01);G06V10/82(2022.01);G06V10/764(2022.01);G06V30/19(2022.01),授权发明,授权,2025-01-07,,False,人工智能
002230.SZ,科大讯飞,一种文本生成方法、装置、设备及存储介质,科大讯飞股份有限公司,2021115272691,CN114254595B,G06F40/166(2020.01);G06F40/211(2020.01);G06F40/216(2020.01);G06F40/242(2020.01);G06F16/332(2025.01);G06F40/16(2020.01),授权发明,授权,2025-01-07,,False,人工智能
002230.SZ,科大讯飞,一种纪要生成方法、装置、设备及存储介质,科大讯飞股份有限公司,2021115748000,CN114254637B,G06F40/289(2020.01);G06F40/211(2020.01);G06F16/34(2025.01),授权发明,授权,2025-01-07,,False,人工智能
002230.SZ,科大讯飞,表格图像处理方法、相关设备及可读存储介质,科大讯飞股份有限公司,2021116460607,CN114255346B,G06V30/412(2022.01);G06V30/414(2022.01);G06F40/30(2020.01),授权发明,授权,2025-01-07,,False,人工智能
002230.SZ,科大讯飞,面部动作识别及模型训练的方法、装置、设备和存储介质,科大讯飞股份有限公司,2021116460700,CN114332711B,G06V20/40(2022.01);G06V40/16(2022.01);G06V40/20(2022.01);G06N3/0895(2023.01);G06V10/82(2022.01),授权发明,授权,2025-01-07,,False,人工智能
002230.SZ,科大讯飞,一种自动填充信息的方法、装置、存储介质及设备,科大讯飞股份有限公司,2021116758349,CN114357955B,G06F40/174(2020.01);G06F40/279(2020.01);G06F40/30(2020.01);G06F16/353(2025.01);G06N3/0442(2023.01);G06N3/045(2023.01);G06N3/0455(2023.01);G06N3/084(2023.01),授权发明,授权,2025-01-07,,False,人工智能
002230.SZ,科大讯飞,一种数字正则化方法、装置、设备及存储介质,科大讯飞股份有限公司,2022102025173,CN114548049B,G06F40/16(2020.01);G06N3/08(2023.01),授权发明,授权,2025-01-07,,False,人工智能
002230.SZ,科大讯飞,试题讲解生成方法及相关装置、电子设备、存储介质,科大讯飞股份有限公司,2022103077033,CN114662501B,G06F40/30(2020.01);G06F40/216(2020.01);G06F16/35(2025.01);G06N3/045(2023.01);G06Q10/04(2023.01);G06N3/0442(2023.01);G06N3/047(2023.01),授权发明,授权,2025-01-07,,False,人工智能
002230.SZ,科大讯飞,一种输入法联动方法、装置、设备及存储介质,科大讯飞股份有限公司,2021116718619,CN114356605B,G06F9/54(2006.01);G06Q50/00(2024.01);G06F3/023(2006.01),授权发明,授权,2025-01-10,,False,人工智能
002230.SZ,科大讯飞,人名纠正方法、装置、电子设备和存储介质,"科大讯飞股份有限公司,科大讯飞（北京）有限公司,河北省讯飞人工智能研究院",2021112109467,CN113947073B,G06F40/232(2020.01);G06F40/242(2020.01);G06F40/30(2020.01);G06V10/74(2022.01);G06V30/24(2022.01),授权发明,授权,2025-01-14,,False,人工智能
002230.SZ,科大讯飞,一种修订条款的方法、装置、计算设备及存储介质,科大讯飞股份有限公司,2021115650163,CN114254617B,G06F40/194(2020.01);G06F40/30(2020.01);G06Q10/10(2023.01);G06F16/35(2025.01),授权发明,授权,2025-01-17,,False,人工智能
002230.SZ,科大讯飞,一种扫地机器人,科大讯飞股份有限公司,2024207845510,CN222367624U,A47L11/24(2006.01);A47L11/40(2006.01),实用新型,专利权转移,2025-01-21,,False,人工智能
002230.SZ,科大讯飞,一种被填涂选项识别方法和相关装置,科大讯飞股份有限公司,2021114152156,CN114255243B,G06T7/11(2017.01);G06T7/136(2017.01);G06T7/90(2017.01);G06V30/40(2022.01);G06V30/412(2022.01),授权发明,授权,2025-01-24,,False,人工智能
002230.SZ,科大讯飞,一种虚拟形象生成方法及其相关设备,科大讯飞股份有限公司,2021116790999,CN114332318B,G06T13/40(2011.01);G06T19/20(2011.01);G06V40/16(2022.01);G10L25/24(2013.01),授权发明,授权,2025-01-24,,False,人工智能
002230.SZ,科大讯飞,汽车座舱监控方法、装置、相关设备及计算机程序产品,科大讯飞股份有限公司,2024111052338,CN118618231B,B60R16/023(2006.01);B60W50/08(2020.01);G06N5/04(2023.01);G06N3/0455(2023.01);G06F18/241(2023.01);G06F18/25(2023.01);G06F18/27(2023.01),授权发明,授权,2025-01-24,,False,人工智能
002230.SZ,科大讯飞,带课堂上人机对话应用展示图形用户界面的电子设备,科大讯飞股份有限公司,2024301829187,CN309086064S,14-04(14),外观设计,授权,2025-01-24,,False,人工智能
002230.SZ,科大讯飞,一种停顿位置预测方法、语音合成方法及相关设备,科大讯飞股份有限公司,2021113395485,CN114170998B,G10L13/06(2013.01);G10L13/07(2013.01);G10L13/08(2013.01);G06F40/242(2020.01);G06F40/289(2020.01),授权发明,授权,2025-01-28,,False,人工智能
002230.SZ,科大讯飞,一种语音评价方法、装置、介质及设备,科大讯飞股份有限公司,2021116791510,CN114220419B,G10L15/02(2006.01);G10L15/06(2013.01);G10L15/08(2006.01);G10L15/26(2006.01);G10L25/18(2013.01);G10L25/69(2013.01);G06F40/189(2020.01),授权发明,授权,2025-01-28,,False,人工智能
002230.SZ,科大讯飞,一种英语固定搭配识别方法及相关装置,科大讯飞股份有限公司,2024111739186,CN118690748B,G06F40/284(2020.01);G06F40/242(2020.01);G06F40/30(2020.01),授权发明,授权,2025-01-28,,False,人工智能
002230.SZ,科大讯飞,一种文字笔画书写顺序评估方法、装置、设备及存储介质,科大讯飞股份有限公司,2022104800551,CN114913532B,G06V30/18(2022.01);G06V30/19(2022.01);G06T7/73(2017.01),授权发明,授权,2025-02-07,,False,人工智能
002230.SZ,科大讯飞,智慧体育算力盒子,科大讯飞股份有限公司,202430383400X,CN309099461S,14-02(14),外观设计,授权,2025-02-07,,False,人工智能
002230.SZ,科大讯飞,一种句子分类方法、装置、设备及存储介质,科大讯飞股份有限公司,2021111790761,CN113901217B,G06F16/35(2025.01);G06F40/211(2020.01);G06F40/253(2020.01),授权发明,授权,2025-02-11,,False,人工智能
002230.SZ,科大讯飞,输入方式识别方法、相关设备及可读存储介质,科大讯飞股份有限公司,2021115356625,CN114265509B,G06F3/023(2006.01);G06F16/21(2019.01),授权发明,授权,2025-02-11,,False,人工智能
002230.SZ,科大讯飞,一种车载声源定位方法、装置、设备、介质及产品,科大讯飞股份有限公司,2021116199918,CN114267343B,G10L15/06(2013.01);G10L15/16(2006.01);G10L15/26(2006.01);G10L21/0224(2013.01);G10L21/0232(2013.01);G10L21/0264(2013.01);G10L25/51(2013.01);G01S5/20(2006.01),授权发明,授权,2025-02-11,,False,人工智能
002230.SZ,科大讯飞,语音识别、网络模型的训练方法、装置、设备和存储介质,科大讯飞股份有限公司,2021116604656,CN114283831B,G10L21/0208(2013.01);G10L15/26(2006.01);G10L15/065(2013.01);G10L15/06(2013.01);G10L25/21(2013.01);G10L25/06(2013.01),授权发明,授权,2025-02-11,,False,人工智能
002230.SZ,科大讯飞,方言语音识别方法、装置、设备及存储介质,科大讯飞股份有限公司,2022108521251,CN115240640B,G10L15/00(2013.01);G10L15/02(2006.01);G10L15/06(2013.01);G06F40/211(2020.01);G06F40/242(2020.01);G06F40/263(2020.01),授权发明,授权,2025-02-11,,False,人工智能
002230.SZ,科大讯飞,一种位置校准装置及测试仪,科大讯飞股份有限公司,2024201289925,CN222461300U,G01N21/01(2006.01);G01N21/84(2006.01);G05D3/12(2006.01),实用新型,授权,2025-02-11,,False,人工智能
002230.SZ,科大讯飞,一种辅助转向装置及骑行车,科大讯飞股份有限公司,2024203633912,CN222452319U,B62B9/00(2006.01);B62B7/04(2006.01),实用新型,授权,2025-02-11,,False,人工智能
002230.SZ,科大讯飞,一种对话交互方法、装置、设备及存储介质,科大讯飞股份有限公司,2021115722848,CN114254125B,G06F16/36(2019.01);G06F16/3329(2025.01),授权发明,授权,2025-02-14,,False,人工智能
002230.SZ,科大讯飞,书写文字的识别方法、计算机设备及存储介质,科大讯飞股份有限公司,2021116602561,CN114359919B,G06V30/32(2022.01);G06T7/73(2017.01);G06T7/70(2017.01),授权发明,授权,2025-02-14,,False,人工智能
002230.SZ,科大讯飞,一种文本纪要生成方法、装置、设备及存储介质,科大讯飞股份有限公司,202111667181X,CN114328899B,G06F16/34(2025.01);G06F16/335(2019.01);G06F40/194(2020.01),授权发明,授权,2025-02-14,,False,人工智能
002230.SZ,科大讯飞,语音唤醒方法及装置、语音唤醒模块的训练方法及装置,"科大讯飞股份有限公司,中国科学技术大学",2021116747838,CN114242065B,G10L15/22(2006.01);G10L15/16(2006.01);G10L15/06(2013.01),授权发明,授权,2025-02-14,,False,人工智能
002230.SZ,科大讯飞,技能类别分析方法、装置、设备及可读存储介质,"科大讯飞股份有限公司,吉林科讯信息科技有限公司,合肥智能语音创新发展有限公司",2023108408709,CN116775886B,G06F16/35(2025.01);G06F18/241(2023.01);G06F40/205(2020.01),授权发明,授权,2025-02-14,,False,人工智能
002230.SZ,科大讯飞,第一电子设备与电子设备组件,科大讯飞股份有限公司,2023236659571,CN222482692U,G06F1/26(2006.01);G06F13/38(2006.01),实用新型,授权,2025-02-14,,False,人工智能
002230.SZ,科大讯飞,一种跨模态情绪因果追踪方法,"科大讯飞股份有限公司,浙江师范大学",2024112371218,CN118779725B,G06F18/241(2023.01);G06F18/25(2023.01);G06F18/21(2023.01);G06N3/045(2023.01);G06N3/096(2023.01);A61B5/16(2006.01),授权发明,授权,2025-02-14,,False,人工智能
002230.SZ,科大讯飞,耳机,科大讯飞股份有限公司,2024200152484,CN222484874U,H04R1/10(2006.01),实用新型,授权,2025-02-14,,False,人工智能
002230.SZ,科大讯飞,一种防反接电路、电源电路以及电子装置,科大讯飞股份有限公司,2024200157948,CN222484303U,H02H11/00(2006.01),实用新型,授权,2025-02-14,,False,人工智能
002230.SZ,科大讯飞,智能遥控器及电视机设备,科大讯飞股份有限公司,2024203412835,CN222484778U,H04N21/422(2011.01);H04N21/426(2011.01),实用新型,授权,2025-02-14,,False,人工智能
002230.SZ,科大讯飞,学习机的上翻盖,科大讯飞股份有限公司,2024300709008,CN309114108S,14-01(14),外观设计,授权,2025-02-14,,False,人工智能
002230.SZ,科大讯飞,电子设备的科技教学图形用户界面,科大讯飞股份有限公司,2024301136060,CN309114554S,14-04(14),外观设计,授权,2025-02-14,,False,人工智能
002230.SZ,科大讯飞,AR眼镜,科大讯飞股份有限公司,2024302986414,CN309114274S,14-02(14),外观设计,授权,2025-02-14,,False,人工智能
002230.SZ,科大讯飞,一种营销策略的更新方法、装置和计算机可读存储介质,科大讯飞股份有限公司,2021111290421,CN113902471B,G06Q30/02(2023.01);G06F40/30(2020.01),授权发明,授权,2025-02-18,,False,人工智能
002230.SZ,科大讯飞,语音唤醒方法、装置、电子设备及存储介质,"科大讯飞股份有限公司,中国科学技术大学",2021115321289,CN114155838B,G10L15/02(2006.01);G10L15/06(2013.01);G10L15/08(2006.01);G10L15/26(2006.01),授权发明,授权,2025-02-18,,False,人工智能
002230.SZ,科大讯飞,答题卡填涂识别方法、模型构建方法、设备及存储介质,科大讯飞股份有限公司,2021116776671,CN114359936B,G06V30/412(2022.01);G06V10/764(2022.01);G06V10/774(2022.01);G06V10/56(2022.01);G06V10/40(2022.01),授权发明,授权,2025-02-18,,False,人工智能
002230.SZ,科大讯飞,组件分析方法及相关装置,科大讯飞股份有限公司,2022102554637,CN114675988B,G06F11/00(2006.01),授权发明,授权,2025-02-18,,False,人工智能
002230.SZ,科大讯飞,变体词识别方法、装置、设备和存储介质,科大讯飞股份有限公司,2024113573217,CN118886424B,G06F40/284(2020.01);G06N3/0455(2023.01);G06N3/08(2023.01),授权发明,授权,2025-02-18,,False,人工智能
002230.SZ,科大讯飞,一种音频控制电路和音频控制设备,科大讯飞股份有限公司,2024206720537,CN222509503U,H04R3/00(2006.01),实用新型,授权,2025-02-18,,False,人工智能
002230.SZ,科大讯飞,智能笔稳定性测试系统,科大讯飞股份有限公司,2024211093117,CN222506887U,G06F11/22(2006.01),实用新型,授权,2025-02-18,,False,人工智能
002230.SZ,科大讯飞,电子设备的智能体对话交互应用图形用户界面,科大讯飞股份有限公司,202430243753X,CN309124948S,14-04(14),外观设计,授权,2025-02-18,,False,人工智能
002230.SZ,科大讯飞,录音笔及其主体,科大讯飞股份有限公司,202430244034X,CN309124347S,14-01(14),外观设计,授权,2025-02-18,,False,人工智能
002230.SZ,科大讯飞,录音笔的拾音孔,科大讯飞股份有限公司,2024302440369,CN309124348S,14-01(14),外观设计,授权,2025-02-18,,False,人工智能
002230.SZ,科大讯飞,录音笔的头部,科大讯飞股份有限公司,2024302440388,CN309124349S,14-01(14),外观设计,授权,2025-02-18,,False,人工智能
002230.SZ,科大讯飞,录音笔中框,科大讯飞股份有限公司,2024302440405,CN309124350S,14-01(14),外观设计,授权,2025-02-18,,False,人工智能
002230.SZ,科大讯飞,电子设备的智能应用设计图形用户界面,科大讯飞股份有限公司,2024302950164,CN309124993S,14-04(14),外观设计,授权,2025-02-18,,False,人工智能
002230.SZ,科大讯飞,英语学习机,科大讯飞股份有限公司,202430356628X,CN309124361S,14-01(14),外观设计,授权,2025-02-18,,False,人工智能
002230.SZ,科大讯飞,学生能力画像方法、学习资源推荐方法及装置,科大讯飞股份有限公司,2021115827144,CN114254127B,G06F16/36(2019.01);G06F16/335(2019.01),授权发明,授权,2025-02-21,,False,人工智能
002230.SZ,科大讯飞,智能助眠机器人,科大讯飞股份有限公司,2023231765061,CN222510608U,A61M21/02(2006.01);A61B5/374(2021.01);A61B5/369(2021.01);A61B5/00(2006.01),实用新型,授权,2025-02-21,,False,人工智能
002230.SZ,科大讯飞,可穿戴设备,科大讯飞股份有限公司,2024201972847,CN222514668U,G02C11/06(2006.01),实用新型,授权,2025-02-21,,False,人工智能
002230.SZ,科大讯飞,一种车载音频播放装置、车载音响及车辆,科大讯飞股份有限公司,2024202806100,CN222515354U,H04R3/00(2006.01),实用新型,授权,2025-02-21,,False,人工智能
002230.SZ,科大讯飞,连接器组件及座舱电子设备,科大讯飞股份有限公司,2024203312790,CN222515076U,H01R13/6585(2011.01);H01R12/70(2011.01),实用新型,授权,2025-02-21,,False,人工智能
002230.SZ,科大讯飞,红外信号接收器性能检测装置,科大讯飞股份有限公司,2024205036352,CN222515300U,H04B17/29(2015.01),实用新型,授权,2025-02-21,,False,人工智能
002230.SZ,科大讯飞,一种快速放电电路及车载域控机,科大讯飞股份有限公司,2024206069673,CN222515183U,H02H9/04(2006.01),实用新型,授权,2025-02-21,,False,人工智能
002230.SZ,科大讯飞,一种粘合力测试组件,科大讯飞股份有限公司,2024207004214,CN222514543U,G01N19/04(2006.01),实用新型,授权,2025-02-21,,False,人工智能
002230.SZ,科大讯飞,助听器、充电盒和助听器系统,科大讯飞股份有限公司,2024211004931,CN222515365U,H04R25/00(2006.01),实用新型,授权,2025-02-21,,False,人工智能
002230.SZ,科大讯飞,电子设备的教学实录视频回看用户界面,"科大讯飞股份有限公司,安徽智慧皆成数字技术有限公司",2024300597892,CN309130919S,14-04(14),外观设计,授权,2025-02-21,,False,人工智能
002230.SZ,科大讯飞,录音笔及其主体,科大讯飞股份有限公司,2024302440320,CN309130804S,14-01(14),外观设计,授权,2025-02-21,,False,人工智能
002230.SZ,科大讯飞,一种排序电路以及芯片,科大讯飞股份有限公司,2021113996896,CN114356278B,G06F7/08(2006.01),授权发明,授权,2025-02-25,,False,人工智能
002230.SZ,科大讯飞,类案推荐方法及相关装置,科大讯飞股份有限公司,202111592766X,CN114398474B,G06F16/335(2019.01);G06F40/194(2020.01),授权发明,授权,2025-02-25,,False,人工智能
002230.SZ,科大讯飞,试题搜索方法、装置、存储介质及电子设备,科大讯飞股份有限公司,2021116319708,CN114281947B,G06F16/334(2025.01);G06F16/332(2025.01),授权发明,授权,2025-02-25,,False,人工智能
002230.SZ,科大讯飞,文本图像识别方法、装置、设备以及存储介质,科大讯飞股份有限公司,2021116261088,CN114220114B,G06V30/414(2022.01);G06V30/19(2022.01),授权发明,授权,2025-02-28,,False,人工智能
002230.SZ,科大讯飞,学习路径的确定方法、装置、设备及存储介质,科大讯飞股份有限公司,2022100511355,CN114493944B,G06Q50/20(2012.01),授权发明,授权,2025-02-28,,False,人工智能
002230.SZ,科大讯飞,数据分类和语音识别方法、装置、电子设备及存储介质,科大讯飞股份有限公司,2022102035334,CN114648980B,G10L15/02(2006.01);G10L15/06(2013.01);G10L15/26(2006.01);G10L15/08(2006.01);G10L25/06(2013.01);G10L25/51(2013.01);G06F18/24(2023.01);G06F18/25(2023.01);G06F40/211(2020.01),授权发明,授权,2025-02-28,,False,人工智能
002230.SZ,科大讯飞,语料库构建方法、装置、电子设备及存储介质,科大讯飞股份有限公司,2022105073639,CN115033687B,G06F16/35(2025.01);G06F40/247(2020.01),授权发明,授权,2025-02-28,,False,人工智能
002230.SZ,科大讯飞,查询语句推荐方法及相关装置、设备和存储介质,科大讯飞股份有限公司,2024115707894,CN119066184B,G06F16/3329(2025.01);G06F16/334(2025.01);G06F16/335(2019.01);G06F16/35(2025.01);G06F40/289(2020.01),授权发明,授权,2025-02-28,,False,人工智能
002230.SZ,科大讯飞,一种基于跨域图的异常评论用户检测方法及系统,"科大讯飞股份有限公司,浙江师范大学",2024116762121,CN119167899B,G06F40/169(2020.01);G06N3/045(2023.01);G06N3/08(2023.01),授权发明,授权,2025-02-28,,False,人工智能
002230.SZ,科大讯飞,一种语音识别方法、装置、存储介质及设备,科大讯飞股份有限公司,202211041439X,CN115410560B,G10L15/08(2006.01);G10L15/18(2013.01);G10L15/02(2006.01),授权发明,授权,2025-03-07,,False,人工智能
002230.SZ,科大讯飞,一种数据审核交互方法及相关装置,科大讯飞股份有限公司,2024117842867,CN119251652B,G06V10/94(2022.01);G06V20/70(2022.01);G06V20/64(2022.01);G06V10/774(2022.01);G06F3/04842(2022.01);G06F3/04855(2022.01),授权发明,授权,2025-03-07,,False,人工智能
002230.SZ,科大讯飞,电子设备的学习应用交互的图形用户界面,科大讯飞股份有限公司,2024303793936,CN309155054S,14-04(14),外观设计,授权,2025-03-07,,False,人工智能
002230.SZ,科大讯飞,用户词库的获取方法、候选词的生成方法及装置,科大讯飞股份有限公司,2021116677623,CN114296561B,G06F3/023(2006.01);G06F16/31(2019.01);G06F16/332(2025.01),授权发明,授权,2025-03-11,,False,人工智能
002230.SZ,科大讯飞,一种语音数据处理方法、装置、存储介质及设备,科大讯飞股份有限公司,2022106893495,CN115101058B,G10L15/06(2013.01);G10L15/02(2006.01);G10L15/08(2006.01);G10L15/16(2006.01);G10L17/02(2013.01);G10L17/04(2013.01);G10L17/18(2013.01);G06F18/23213(2023.01);G06F18/2415(2023.01),授权发明,授权,2025-03-11,,False,人工智能
002230.SZ,科大讯飞,电子设备,"北京京东尚科信息技术有限公司,科大讯飞股份有限公司",2018108596603,CN110781113B,G06F13/40(2006.01);G06F13/38(2006.01),授权发明,授权,2025-03-18,,False,人工智能
002230.SZ,科大讯飞,一种文本规整方法、装置、设备及存储介质,"科大讯飞股份有限公司,中国科学技术大学",2021111364641,CN113850071B,G06F40/205(2020.01);G06F40/30(2020.01),授权发明,授权,2025-03-28,,False,人工智能
002230.SZ,科大讯飞,语音评测方法、相关设备及可读存储介质,科大讯飞股份有限公司,2021114764843,CN114155831B,G10L15/00(2013.01);G10L15/02(2006.01);G10L15/04(2013.01);G10L15/06(2013.01);G10L15/26(2006.01);G10L25/60(2013.01);G06F40/30(2020.01);G09B19/06(2006.01),授权发明,授权,2025-03-28,,False,人工智能
002230.SZ,科大讯飞,游戏化学习系统、游戏化学习方法和计算设备,科大讯飞股份有限公司,2021115731048,CN114444768B,G06Q10/04(2023.01);G06Q50/20(2012.01);G09B5/14(2006.01);G09B19/22(2006.01),授权发明,授权,2025-03-28,,False,人工智能
002230.SZ,科大讯飞,一种评分方法、装置、计算设备及存储介质,科大讯飞股份有限公司,2021115752881,CN114155844B,G10L15/06(2013.01);G10L15/16(2006.01);G10L15/26(2006.01);G10L25/60(2013.01);G09B19/06(2006.01),授权发明,授权,2025-03-28,,False,人工智能
002230.SZ,科大讯飞,文本点读方法、计算机设备及存储介质,科大讯飞股份有限公司,2021116663211,CN114359910B,G06V30/148(2022.01);G06T7/73(2017.01);G06T7/11(2017.01),授权发明,授权,2025-03-28,,False,人工智能
002230.SZ,科大讯飞,一种机器人交互方法、装置、存储介质及设备,科大讯飞股份有限公司,2022111290981,CN115480511B,G05B19/042(2006.01);G06V40/18(2022.01),授权发明,授权,2025-03-28,,False,人工智能
002230.SZ,科大讯飞,一种认知障碍检测方法、系统和相关装置,科大讯飞股份有限公司,2024113152769,CN118841139B,G16H20/70(2018.01);G06F18/22(2023.01);G06F18/25(2023.01),授权发明,授权,2025-03-28,,False,人工智能
002230.SZ,科大讯飞,清洁控制方法及相关装置、清洁机器人和存储介质,科大讯飞股份有限公司,2024114882576,CN118986195B,A47L11/24(2006.01);A47L11/28(2006.01);A47L11/40(2006.01);G01N21/94(2006.01);G06V10/26(2022.01);G06V10/764(2022.01),授权发明,专利权转移,2025-03-28,,False,人工智能
002230.SZ,科大讯飞,声源定位准确度测试系统,科大讯飞股份有限公司,2024207630398,CN222689899U,G01S5/22(2006.01),实用新型,授权,2025-03-28,,False,人工智能
002230.SZ,科大讯飞,电子设备的打码相机参数设置图形用户界面,科大讯飞股份有限公司,2024301911641,CN309204751S,14-04(14),外观设计,授权,2025-03-28,,False,人工智能
002230.SZ,科大讯飞,电子设备的虚拟辅导教学图形用户界面,科大讯飞股份有限公司,2024302551588,CN309204785S,14-04(14),外观设计,授权,2025-03-28,,False,人工智能
002230.SZ,科大讯飞,打印机的托架,科大讯飞股份有限公司,2024303775919,CN309204545S,14-02(14),外观设计,授权,2025-03-28,,False,人工智能
002230.SZ,科大讯飞,智能眼镜,科大讯飞股份有限公司,2024304552049,CN309205300S,16-06(14),外观设计,授权,2025-03-28,,False,人工智能
002230.SZ,科大讯飞,一种命名实体识别方法及装置,科大讯飞股份有限公司,2021116793681,CN114330348B,G06F40/295(2020.01);G06F40/30(2020.01);G06F18/214(2023.01),授权发明,授权,2025-04-01,,False,人工智能
002230.SZ,科大讯飞,认知检测方法及相关装置、电子设备和存储介质,科大讯飞股份有限公司,2022104594291,CN114783464B,G10L25/66(2013.01);G10L15/02(2006.01);G10L15/06(2013.01);G10L15/16(2006.01);A61B5/00(2006.01),授权发明,授权,2025-04-01,,False,人工智能
002230.SZ,科大讯飞,错峰出行方案确定方法、装置、设备及可读存储介质,科大讯飞股份有限公司,2022117048977,CN115953899B,G08G1/01(2006.01),授权发明,授权,2025-04-01,,False,人工智能
002230.SZ,科大讯飞,一种调压电路及散热系统,科大讯飞股份有限公司,2024204841467,CN222706404U,H02M3/158(2006.01);H05K7/20(2006.01),实用新型,授权,2025-04-01,,False,人工智能
002230.SZ,科大讯飞,穿戴设备,科大讯飞股份有限公司,2024204873078,CN222704822U,G02B27/01(2006.01),实用新型,授权,2025-04-01,,False,人工智能
002230.SZ,科大讯飞,助听器充电盒和助听器系统,科大讯飞股份有限公司,2024212898490,CN222706634U,H04R25/00(2006.01),实用新型,授权,2025-04-01,,False,人工智能
002230.SZ,科大讯飞,电子设备的心理辅导教学图形用户界面,科大讯飞股份有限公司,2024302475955,CN309211029S,14-04(14),外观设计,授权,2025-04-01,,False,人工智能
002230.SZ,科大讯飞,电子设备的虚拟机器人定制图形用户界面,科大讯飞股份有限公司,2024302476002,CN309211030S,14-04(14),外观设计,授权,2025-04-01,,False,人工智能
002230.SZ,科大讯飞,电子设备的考试答题图形用户界面,科大讯飞股份有限公司,202430261318X,CN309211037S,14-04(14),外观设计,授权,2025-04-01,,False,人工智能
002230.SZ,科大讯飞,翻译机,科大讯飞股份有限公司,2024304246062,CN309210772S,14-02(14),外观设计,授权,2025-04-01,,False,人工智能
002230.SZ,科大讯飞,翻译机,科大讯飞股份有限公司,2024304246077,CN309210773S,14-02(14),外观设计,授权,2025-04-01,,False,人工智能
002230.SZ,科大讯飞,翻译机,科大讯飞股份有限公司,2024304246132,CN309210774S,14-02(14),外观设计,授权,2025-04-01,,False,人工智能
002230.SZ,科大讯飞,动作图像生成方法、模型构建方法、设备及存储介质,科大讯飞股份有限公司,2021115244691,CN114299225B,G06T17/00(2006.01);G06V20/40(2022.01);G06V40/20(2022.01);G06T7/40(2017.01),授权发明,授权,2025-04-04,,False,人工智能
002230.SZ,科大讯飞,学生能力诊断方法及相关设备、存储介质,科大讯飞股份有限公司,202111650091X,CN114358570B,G06Q10/0639(2023.01);G06Q50/20(2012.01);G06N3/04(2023.01);G06N3/08(2023.01);G06F40/289(2020.01),授权发明,授权,2025-04-04,,False,人工智能
002230.SZ,科大讯飞,说话者分离模型的训练方法和说话者分离方法及相关装置,科大讯飞股份有限公司,2021116601003,CN114360573B,G10L21/0272(2013.01);G10L21/0308(2013.01);G06F18/214(2023.01);G06F18/25(2023.01);G06N3/02(2006.01),授权发明,授权,2025-04-04,,False,人工智能
002230.SZ,科大讯飞,语音增强方法、计算机设备及存储介质,科大讯飞股份有限公司,2021116776510,CN114299916B,G10L13/033(2013.01);G10L21/02(2013.01);G10L21/0232(2013.01);G10L25/03(2013.01);G10L25/30(2013.01),授权发明,授权,2025-04-04,,False,人工智能
002230.SZ,科大讯飞,识别手写汉字的笔顺的方法、系统和计算设备,科大讯飞股份有限公司,2021107850859,CN113627260B,G06V30/32(2022.01);G06V30/18(2022.01);G06V30/19(2022.01);G06V10/82(2022.01);G06N3/0464(2023.01);G06N3/045(2023.01);G06N3/044(2023.01);G06N3/084(2023.01),授权发明,授权,2025-04-08,,False,人工智能
002230.SZ,科大讯飞,用于车辆的智能补妆提醒的方法、系统和计算设备,科大讯飞股份有限公司,2021114913176,CN114510986B,G06V10/80(2022.01);G06N3/084(2023.01);G06V40/16(2022.01);G08B21/24(2006.01);G01D21/02(2006.01);A45D44/00(2006.01);G06V10/774(2022.01);G06V10/82(2022.01);G06V10/764(2022.01),授权发明,授权,2025-04-08,,False,人工智能
002230.SZ,科大讯飞,试题处理方法及装置、计算机可读存储介质及电子设备,科大讯飞股份有限公司,2021115755907,CN114444493B,G06F40/284(2020.01);G06F40/205(2020.01);G06N3/0464(2023.01);G06N3/08(2023.01),授权发明,授权,2025-04-08,,False,人工智能
002230.SZ,科大讯飞,文本数据生成方法、计算机设备及存储介质,"科大讯飞股份有限公司,科大讯飞（北京）有限公司,河北省讯飞人工智能研究院",2021116477504,CN114357985B,G06F40/253(2020.01);G06F40/289(2020.01);G06F40/30(2020.01);G06F18/214(2023.01),授权发明,授权,2025-04-08,,False,人工智能
002230.SZ,科大讯飞,标点符号误用检测纠正方法、装置、设备及存储介质,"科大讯飞股份有限公司,科大讯飞（北京）有限公司,河北省讯飞人工智能研究院",2022104744570,CN115099222B,G06F40/226(2020.01);G06F40/216(2020.01);G06F40/232(2020.01);G06F16/353(2025.01);G06N3/045(2023.01),授权发明,授权,2025-04-08,,False,人工智能
002230.SZ,科大讯飞,扫地机器人基站洗布出水量测试装置,科大讯飞股份有限公司,2024212788306,CN222722926U,A47L11/40(2006.01);G01F15/061(2022.01);A47L11/24(2006.01),实用新型,授权,2025-04-08,,False,人工智能
002230.SZ,科大讯飞,电子设备传感器性能测试装置,科大讯飞股份有限公司,2024213792493,CN222733617U,G01D18/00(2006.01),实用新型,授权,2025-04-08,,False,人工智能
002230.SZ,科大讯飞,清洁机器人及其基站、清洗盘,科大讯飞股份有限公司,2024214054684,CN222722927U,A47L11/40(2006.01);A47L11/28(2006.01),实用新型,专利权转移,2025-04-08,,False,人工智能
002230.SZ,科大讯飞,眼镜,科大讯飞股份有限公司,2024214207302,CN222734344U,G02B27/01(2006.01);G02C11/00(2006.01),实用新型,授权,2025-04-08,,False,人工智能
002230.SZ,科大讯飞,体育测试机,科大讯飞股份有限公司,2024303056643,CN309223718S,10-05(15),外观设计,授权,2025-04-08,,False,人工智能
002230.SZ,科大讯飞,区域检测方法及其相关装置、设备和介质,"科大讯飞股份有限公司,讯飞智元信息科技有限公司,安徽大学",202210365268X,CN114998902B,G06V20/62(2022.01);G06V10/82(2022.01);G06T7/62(2017.01);G06T7/11(2017.01);G06V10/774(2022.01);G06V10/22(2022.01),授权发明,授权,2025-04-11,,False,人工智能
002230.SZ,科大讯飞,一种试题标签预测方法、装置、存储介质及设备,科大讯飞股份有限公司,2025101716977,CN119621974B,G06F16/35(2025.01);G06N5/04(2023.01);G06N3/0499(2023.01),授权发明,授权,2025-04-11,,False,人工智能
002230.SZ,科大讯飞,一种语音识别系统的测试方法、装置、设备及存储介质,科大讯飞股份有限公司,2021106270451,CN115440192B,G10L15/01(2013.01);G10L15/26(2006.01),授权发明,授权,2025-04-18,,False,人工智能
002230.SZ,科大讯飞,答题卡模板生成方法、答题卡识别方法、装置和电子设备,科大讯飞股份有限公司,2021113288657,CN114254605B,G06F40/186(2020.01);G06T7/11(2017.01);G06T7/70(2017.01),授权发明,授权,2025-04-18,,False,人工智能
002230.SZ,科大讯飞,听障用户语音合成方法、装置、设备及存储介质,科大讯飞股份有限公司,2022109226525,CN115132167B,G10L13/02(2013.01);G10L13/08(2013.01);G10L13/10(2013.01);G10L21/003(2013.01),授权发明,授权,2025-04-18,,False,人工智能
002230.SZ,科大讯飞,语音信号处理方法、装置、设备、介质及产品,科大讯飞股份有限公司,2024116408565,CN119152874B,G10L21/0232(2013.01),授权发明,授权,2025-04-18,,False,人工智能
002230.SZ,科大讯飞,一种自主移动设备控制方法及自主移动设备,科大讯飞股份有限公司,2022109303521,CN115167455B,G05D1/43(2024.01);G05D1/243(2024.01);G05D1/242(2024.01);G05D1/644(2024.01);G05D1/648(2024.01);G05D105/10(2024.01),授权发明,授权,2025-04-22,,False,人工智能
002230.SZ,科大讯飞,点云重建方法、装置、电子设备和存储介质,科大讯飞股份有限公司,2021116560997,CN114332125B,G06T7/11(2017.01);G06T7/70(2017.01);G06T17/00(2006.01);G06V10/74(2022.01),授权发明,授权,2025-04-25,,False,人工智能
002230.SZ,科大讯飞,一种摄像头组件、电子设备和控制方法,科大讯飞股份有限公司,2022105508842,CN114827425B,H04N23/50(2023.01);H04N23/57(2023.01);H04N23/695(2023.01),授权发明,授权,2025-04-25,,False,人工智能
002230.SZ,科大讯飞,电子设备的学段辅导教学图形用户界面,科大讯飞股份有限公司,2024303087444,CN309257487S,14-04(14),外观设计,授权,2025-04-25,,False,人工智能
002230.SZ,科大讯飞,电子工牌,科大讯飞股份有限公司,2024304176642,CN309258325S,20-03(14),外观设计,授权,2025-04-25,,False,人工智能
002230.SZ,科大讯飞,扫地机基站,科大讯飞股份有限公司,2024304552034,CN309257872S,15-05(14),外观设计,授权,2025-04-25,,False,人工智能
002230.SZ,科大讯飞,电脑（超脑一体机）,科大讯飞股份有限公司,2024304724238,CN309257282S,14-02(14),外观设计,授权,2025-04-25,,False,人工智能
002230.SZ,科大讯飞,主题段落划分方法、装置、电子设备及存储介质,科大讯飞股份有限公司,2021115382973,CN114254587B,G06F40/117(2020.01);G10L15/04(2013.01);G10L15/16(2006.01);G10L15/26(2006.01),授权发明,授权,2025-04-29,,False,人工智能
002230.SZ,科大讯飞,健康监测方法、装置、电子设备和存储介质,科大讯飞股份有限公司,2024117655146,CN119252514B,G16H80/00(2018.01);G06V40/16(2022.01);G06V40/40(2022.01),授权发明,授权,2025-04-29,,False,人工智能
002230.SZ,科大讯飞,作业批改机,科大讯飞股份有限公司,2024304965179,CN309263046S,14-02(14),外观设计,授权,2025-04-29,,False,人工智能
002230.SZ,科大讯飞,遥控器,科大讯飞股份有限公司,2024304968779,CN309263124S,14-03(14),外观设计,授权,2025-04-29,,False,人工智能
002230.SZ,科大讯飞,数据备份方法、装置、设备、系统及存储介质,科大讯飞股份有限公司,2021113978826,CN114356650B,G06F11/14(2006.01),授权发明,授权,2025-05-02,,False,人工智能
002230.SZ,科大讯飞,语音合成方法及装置、电子设备和存储介质,"科大讯飞股份有限公司,中国科学技术大学",202111665515X,CN114283782B,G10L13/02(2013.01);G10L13/08(2013.01);G10L25/30(2013.01);G10L25/63(2013.01);G06F40/30(2020.01),授权发明,授权,2025-05-02,,False,人工智能
002230.SZ,科大讯飞,电子设备的AI画廊辅导教学图形用户界面,科大讯飞股份有限公司,2024302475974,CN309269092S,14-04(14),外观设计,授权,2025-05-02,,False,人工智能
002230.SZ,科大讯飞,麦克风,科大讯飞股份有限公司,2024305026727,CN309268827S,14-01(14),外观设计,授权,2025-05-02,,False,人工智能
002230.SZ,科大讯飞,清洁系统的引导机构及清洁系统,科大讯飞股份有限公司,2024207864210,CN222828519U,A47L11/24(2006.01);A47L11/40(2006.01),实用新型,授权,2025-05-06,,False,人工智能
002230.SZ,科大讯飞,电子设备的课堂教学分析图形用户界面,科大讯飞股份有限公司,2024302206785,CN309275141S,14-04(14),外观设计,授权,2025-05-06,,False,人工智能
002230.SZ,科大讯飞,语音情感识别方法及相关装置、电子设备和存储介质,科大讯飞股份有限公司,2021113639846,CN114333786B,G10L15/06(2013.01);G10L15/08(2006.01);G10L15/25(2013.01);G10L25/63(2013.01),授权发明,授权,2025-05-09,,False,人工智能
002230.SZ,科大讯飞,音频识别方法、模型的训练方法、装置、设备及存储介质,科大讯飞股份有限公司,2022110961508,CN115497460B,G10L15/06(2013.01);G10L15/02(2006.01);G10L15/08(2006.01);G10L13/08(2013.01);G06N20/00(2019.01);G06N7/01(2023.01);G06N3/047(2023.01);G06F40/279(2020.01);G06F16/334(2025.01),授权发明,授权,2025-05-09,,False,人工智能
002230.SZ,科大讯飞,直播方法及装置、存储介质及电子设备,科大讯飞股份有限公司,2022114353766,CN115767195B,H04N21/4788(2011.01);H04N21/475(2011.01);H04N21/45(2011.01),授权发明,授权,2025-05-09,,False,人工智能
002230.SZ,科大讯飞,合成视频的方法、电子设备及计算机程序产品,科大讯飞股份有限公司,2024118667225,CN119323625B,G06T11/60(2006.01);G10L13/08(2013.01);G06V40/20(2022.01);G06F16/732(2019.01);G06F16/783(2019.01),授权发明,授权,2025-05-09,,False,人工智能
002230.SZ,科大讯飞,电子设备的虚拟辅导教学图形用户界面,科大讯飞股份有限公司,2024302437559,CN309281486S,14-04(14),外观设计,授权,2025-05-09,,False,人工智能
002230.SZ,科大讯飞,电子设备的虚拟辅导教学图形用户界面,科大讯飞股份有限公司,2024302437578,CN309281487S,14-04(14),外观设计,授权,2025-05-09,,False,人工智能
002230.SZ,科大讯飞,电子设备的拼音练习的图形用户界面,科大讯飞股份有限公司,2024304263532,CN309281560S,14-04(14),外观设计,授权,2025-05-09,,False,人工智能
002230.SZ,科大讯飞,录音笔,科大讯飞股份有限公司,2024305224592,CN309281164S,14-01(14),外观设计,授权,2025-05-09,,False,人工智能
002230.SZ,科大讯飞,步骤批改大模型训练方法、作业批改方法、装置及系统,科大讯飞股份有限公司,2025100320987,CN119416858B,G06N3/092(2023.01);G06N3/088(2023.01);G06N3/09(2023.01);G06N3/096(2023.01);G06N3/045(2023.01);G06N5/01(2023.01);G06N5/04(2023.01);G06N7/01(2023.01);G06Q50/20(2012.01),授权发明,授权,2025-05-09,,False,人工智能
002230.SZ,科大讯飞,一种文本纠错方法、装置、设备及存储介质,"科大讯飞股份有限公司,科大讯飞（北京）有限公司,河北省讯飞人工智能研究院",2021115270978,CN114254623B,G06F40/232(2020.01);G06F40/30(2020.01);G06F40/211(2020.01);G06F16/35(2025.01);G06N20/00(2019.01);G06N3/045(2023.01);G06N3/0464(2023.01);G06N3/0442(2023.01);G06N3/088(2023.01),授权发明,授权,2025-05-13,,False,人工智能
002230.SZ,科大讯飞,语音识别方法和装置、计算机可读存储介质,科大讯飞股份有限公司,202111592910X,CN114333795B,G10L15/06(2013.01);G10L15/18(2013.01);G10L15/183(2013.01);G10L15/26(2006.01);G06F40/30(2020.01),授权发明,授权,2025-05-13,,False,人工智能
002230.SZ,科大讯飞,语音合成方法、装置、电子设备和存储介质,"科大讯飞股份有限公司,中国科学技术大学",2021116591641,CN114267330B,G10L13/08(2013.01);G10L19/00(2013.01);G10L19/04(2013.01);G06F40/30(2020.01),授权发明,授权,2025-05-13,,False,人工智能
002230.SZ,科大讯飞,容错翻译方法、训练容错翻译模型的方法及装置,"科大讯飞股份有限公司,中国科学技术大学",2021116754371,CN114492467B,G06F40/42(2020.01);G06F40/58(2020.01);G10L15/18(2013.01);G10L15/16(2006.01);G06N3/08(2023.01),授权发明,授权,2025-05-13,,False,人工智能
002230.SZ,科大讯飞,一种认知预警方法、装置、存储介质及设备,科大讯飞股份有限公司,2022104390468,CN114864026B,G16H10/60(2018.01);G16H50/70(2018.01);G16H50/30(2018.01),授权发明,授权,2025-05-13,,False,人工智能
002230.SZ,科大讯飞,平行句对构建方法、装置、电子设备和存储介质,"科大讯飞股份有限公司,中国科学技术大学",2022106882363,CN115062633B,G06F40/58(2020.01);G06F40/30(2020.01);G06F40/289(2020.01),授权发明,授权,2025-05-13,,False,人工智能
002230.SZ,科大讯飞,悬浮装置控制方法、装置、设备及存储介质,科大讯飞股份有限公司,2022116784117,CN115946638B,B60R21/00(2006.01);B60R21/01(2006.01);G06V40/18(2022.01);G06V10/56(2022.01);G10L25/51(2013.01),授权发明,授权,2025-05-13,,False,人工智能
002230.SZ,科大讯飞,声源定位方法及相关装置、设备和存储介质,科大讯飞股份有限公司,2024117401296,CN119199741B,G01S5/18(2006.01);G01S5/22(2006.01),授权发明,授权,2025-05-13,,False,人工智能
002230.SZ,科大讯飞,一种计算机视觉处理方法、装置、设备和存储介质,科大讯飞股份有限公司,2024118398089,CN119295896B,G06V10/82(2022.01);G06N3/0495(2023.01);G06N3/0464(2023.01);G06N3/084(2023.01);G06N3/0985(2023.01),授权发明,授权,2025-05-13,,False,人工智能
002230.SZ,科大讯飞,麦克风充电仓,科大讯飞股份有限公司,2024305263385,CN309287892S,13-02(14),外观设计,授权,2025-05-13,,False,人工智能
002230.SZ,科大讯飞,麦克风,科大讯飞股份有限公司,2024305263578,CN309288174S,14-01(14),外观设计,授权,2025-05-13,,False,人工智能
002230.SZ,科大讯飞,无线麦克风,科大讯飞股份有限公司,2024305263582,CN309288175S,14-01(14),外观设计,授权,2025-05-13,,False,人工智能
002230.SZ,科大讯飞,锁紧组件及电池仓,科大讯飞股份有限公司,2024212322895,CN222883761U,H01M50/262(2021.01);H01M50/258(2021.01);H01M50/244(2021.01),实用新型,授权,2025-05-16,,False,人工智能
002230.SZ,科大讯飞,距离确定方法及装置、护眼距离检测系统,科大讯飞股份有限公司,2022110125351,CN115469741B,G06F3/01(2006.01);G01B21/08(2006.01),授权发明,授权,2025-05-20,,False,人工智能
002230.SZ,科大讯飞,运动评测方法、装置、电子设备及存储介质,科大讯飞股份有限公司,2022112241361,CN115590504B,A61B5/11(2006.01),授权发明,授权,2025-05-20,,False,人工智能
002230.SZ,科大讯飞,图像处理方法、系统、存储介质和电子设备,科大讯飞股份有限公司,2022113989863,CN115866147B,H04N1/00(2006.01),授权发明,授权,2025-05-20,,False,人工智能
002230.SZ,科大讯飞,评阅方法、评阅装置、电子设备以及计算机可读存储介质,科大讯飞股份有限公司,2021116655200,CN114358579B,G06Q10/0639(2023.01);G06Q10/04(2023.01);G06Q50/20(2012.01);G06N3/0464(2023.01);G06N3/047(2023.01);G06N3/08(2023.01);G06F18/24(2023.01);G06F18/21(2023.01);G06F18/214(2023.01);G06F40/289(2020.01),授权发明,授权,2025-05-23,,False,人工智能
002230.SZ,科大讯飞,训练试题评分模型的方法、试题评分方法及装置,科大讯飞股份有限公司,2021116757007,CN114548398B,G06N3/08(2023.01);G06N3/0455(2023.01);G09B7/02(2006.01),授权发明,授权,2025-05-23,,False,人工智能
002230.SZ,科大讯飞,语音识别方法及相关装置、电子设备、存储介质,"科大讯飞股份有限公司,中国科学技术大学",202210089871X,CN114566153B,G10L15/06(2013.01);G10L15/16(2006.01);G10L15/22(2006.01);G10L15/26(2006.01),授权发明,授权,2025-05-23,,False,人工智能
002230.SZ,科大讯飞,语音分离方法、装置、电子设备与存储介质,科大讯飞股份有限公司,2022103017738,CN114613387B,G10L21/0272(2013.01);G10L17/02(2013.01);G10L17/04(2013.01);G10L17/18(2013.01);G10L25/30(2013.01),授权发明,授权,2025-05-23,,False,人工智能
002230.SZ,科大讯飞,编码电机组件,科大讯飞股份有限公司,2024305490158,CN309302504S,13-01(14),外观设计,授权,2025-05-23,,False,人工智能
002230.SZ,科大讯飞,问答处理方法、相关设备及可读存储介质,科大讯飞股份有限公司,2021115535273,CN114281942B,G06F16/334(2025.01);G06F16/3329(2025.01);G06F16/35(2025.01);G06F40/194(2020.01);G06F16/335(2019.01),授权发明,授权,2025-05-27,,False,人工智能
002230.SZ,科大讯飞,文本分块方法、装置、电子设备和存储介质,"科大讯飞股份有限公司,中国科学技术大学",2021115703762,CN114255466B,G06V30/148(2022.01);G06F40/30(2020.01);G06T7/11(2017.01);G06V20/62(2022.01),授权发明,授权,2025-05-27,,False,人工智能
002230.SZ,科大讯飞,音区调整方法及相关装置、设备、系统和介质,科大讯飞股份有限公司,2022102539923,CN114885273B,H04S7/00(2006.01);H04R5/027(2006.01);H04R3/04(2006.01);G10L15/22(2006.01);G10L19/02(2013.01);B60R11/02(2006.01),授权发明,授权,2025-05-27,,False,人工智能
002230.SZ,科大讯飞,一种清洗装置及清洁机器人基站,科大讯飞股份有限公司,2024214112406,CN222899020U,A47L11/293(2006.01);A47L11/40(2006.01),实用新型,授权,2025-05-27,,False,人工智能
002230.SZ,科大讯飞,一种基于多模态大模型的对话情感识别方法及设备,"科大讯飞股份有限公司,浙江师范大学",2025100182883,CN119416035B,G06F18/241(2023.01);G06F18/2415(2023.01);G06F40/30(2020.01);G06Q50/20(2012.01);G06N3/0442(2023.01);G06N3/0455(2023.01);G06N3/0464(2023.01);G06N3/042(2023.01),授权发明,授权,2025-05-27,,False,人工智能
002230.SZ,科大讯飞,语音合成方法及相关装置、电子设备和存储介质,"科大讯飞股份有限公司,中国科学技术大学",2021116500356,CN114283781B,G10L13/02(2013.01);G10L13/08(2013.01);G10L13/10(2013.01),授权发明,授权,2025-05-30,,False,人工智能
002230.SZ,科大讯飞,电子设备的相机拍摄打码加载图形用户界面,科大讯飞股份有限公司,2024302714833,CN309313966S,14-04(14),外观设计,授权,2025-05-30,,False,人工智能
002230.SZ,科大讯飞,电脑主机,科大讯飞股份有限公司,2024305062009,CN309313836S,14-02(14),外观设计,授权,2025-05-30,,False,人工智能
002230.SZ,科大讯飞,流式语音交互方法及相关装置、设备和存储介质,科大讯飞股份有限公司,2025100264101,CN119479620B,G10L15/02(2006.01);G10L15/07(2013.01);G10L15/16(2006.01);G10L15/18(2013.01);G10L15/26(2006.01);G10L25/45(2013.01);G10L25/87(2013.01),授权发明,授权,2025-05-30,,False,人工智能
002230.SZ,科大讯飞,文本审核方法及相关装置、设备和存储介质,科大讯飞股份有限公司,2025100265049,CN119416790B,G06F40/295(2020.01);G06F18/22(2023.01);G06F16/335(2019.01);G06F40/242(2020.01),授权发明,授权,2025-05-30,,False,人工智能
002230.SZ,科大讯飞,车身坐标系标定方法、装置、电子设备及存储介质,科大讯飞股份有限公司,2021114336817,CN114255273B,G06T7/70(2017.01),授权发明,授权,2025-06-03,,False,人工智能
002230.SZ,科大讯飞,手写识别方法、装置、电子设备和存储介质,科大讯飞股份有限公司,2021115718217,CN114255469B,G06V30/32(2022.01);G06V10/764(2022.01),授权发明,授权,2025-06-03,,False,人工智能
002230.SZ,科大讯飞,车内活体检测方法、检测装置和电子设备,科大讯飞股份有限公司,2021115748176,CN114236636B,G01V9/00(2006.01),授权发明,授权,2025-06-03,,False,人工智能
002230.SZ,科大讯飞,语义提取方法、报告生成方法、电子设备及存储介质,科大讯飞股份有限公司,2021116704368,CN114330368B,G06F40/30(2020.01);G06F40/194(2020.01);G06V30/148(2022.01),授权发明,授权,2025-06-03,,False,人工智能
002230.SZ,科大讯飞,基于联邦学习的数据匹配方法和装置,"科大讯飞股份有限公司,中国科学技术大学",202210108127X,CN114492852B,G06N20/20(2019.01),授权发明,授权,2025-06-03,,False,人工智能
002230.SZ,科大讯飞,语音识别方法、装置、电子设备和存储介质,科大讯飞股份有限公司,202210393911X,CN114783426B,G10L15/06(2013.01),授权发明,授权,2025-06-03,,False,人工智能
002230.SZ,科大讯飞,文件评审方法、装置、电子设备及存储介质,科大讯飞股份有限公司,2023109973547,CN117151100B,G06F40/295(2020.01);G06F40/30(2020.01);G06Q10/10(2023.01),授权发明,授权,2025-06-03,,False,人工智能
002230.SZ,科大讯飞,视角转换方法、装置、电子设备和存储介质,科大讯飞股份有限公司,2024119217343,CN119359533B,G06T3/06(2024.01);G06T7/73(2017.01);G06T1/20(2006.01),授权发明,授权,2025-06-03,,False,人工智能
002230.SZ,科大讯飞,测试治具及测试系统,科大讯飞股份有限公司,2024212011595,CN222939215U,G01R31/28(2006.01);G01R1/04(2006.01);G01R1/073(2006.01),实用新型,授权,2025-06-03,,False,人工智能
002230.SZ,科大讯飞,智能眼镜移动电源及智能眼镜组件,科大讯飞股份有限公司,2024214817816,CN222940557U,H02J7/00(2006.01);G02B27/01(2006.01);H01R13/02(2006.01);H01R24/00(2011.01),实用新型,授权,2025-06-03,,False,人工智能
002230.SZ,科大讯飞,电子设备,科大讯飞股份有限公司,2024219440303,CN222940836U,H04M1/02(2006.01),实用新型,授权,2025-06-03,,False,人工智能
002230.SZ,科大讯飞,学习机保护套,科大讯飞股份有限公司,2024302781772,CN309316751S,03-01(14),外观设计,授权,2025-06-03,,False,人工智能
002230.SZ,科大讯飞,电子设备的通用语言考试图形用户界面,科大讯飞股份有限公司,2024304247351,CN309319145S,14-04(14),外观设计,授权,2025-06-03,,False,人工智能
002230.SZ,科大讯飞,电子设备的AI教师助手生成教学卡片图形用户界面,科大讯飞股份有限公司,2024304273816,CN309319146S,14-04(14),外观设计,授权,2025-06-03,,False,人工智能
002230.SZ,科大讯飞,电子设备的叫号系统图形用户界面,科大讯飞股份有限公司,2024304306720,CN309319148S,14-04(14),外观设计,授权,2025-06-03,,False,人工智能
002230.SZ,科大讯飞,作业批改机,科大讯飞股份有限公司,202430496508X,CN309318945S,14-02(14),外观设计,授权,2025-06-03,,False,人工智能
002230.SZ,科大讯飞,智能工牌,科大讯飞股份有限公司,2024305458025,CN309319716S,20-03(14),外观设计,授权,2025-06-03,,False,人工智能
002230.SZ,科大讯飞,智能工牌,科大讯飞股份有限公司,202430545803X,CN309319717S,20-03(14),外观设计,授权,2025-06-03,,False,人工智能
002230.SZ,科大讯飞,作业批改机,科大讯飞股份有限公司,2024306324653,CN309318974S,14-02(14),外观设计,授权,2025-06-03,,False,人工智能
002230.SZ,科大讯飞,意图识别方法、装置、电子设备和存储介质,科大讯飞股份有限公司,2021114813549,CN114254647B,G06F40/30(2020.01);G06F40/289(2020.01);G06F40/194(2020.01);G06F40/186(2020.01);G06F16/35(2025.01),授权发明,授权,2025-06-06,,False,人工智能
002230.SZ,科大讯飞,天城文分词和识别方法、装置、电子设备和存储介质,科大讯飞股份有限公司,2021115803099,CN114254638B,G06F40/284(2020.01);G06V30/148(2022.01);G06F16/353(2025.01),授权发明,授权,2025-06-06,,False,人工智能
002230.SZ,科大讯飞,版面结构分析方法、装置、电子设备和存储介质,科大讯飞股份有限公司,2021116561311,CN114330234B,G06F40/106(2020.01);G06T7/70(2017.01);G06V30/148(2022.01);G06V30/413(2022.01);G06F16/35(2025.01),授权发明,授权,2025-06-06,,False,人工智能
002230.SZ,科大讯飞,麦克风组件及电子设备,科大讯飞股份有限公司,2024217604968,CN222954090U,H04R1/08(2006.01),实用新型,授权,2025-06-06,,False,人工智能
002230.SZ,科大讯飞,麦克风,科大讯飞股份有限公司,2024305819057,CN309324083S,14-01(14),外观设计,授权,2025-06-06,,False,人工智能
002230.SZ,科大讯飞,包装盒,科大讯飞股份有限公司,2024306590308,CN309322980S,09-03(14),外观设计,授权,2025-06-06,,False,人工智能
002230.SZ,科大讯飞,一种敏感信息处理方法及相关装置,科大讯飞股份有限公司,2025102872667,CN119808162B,G06F21/62(2013.01);G06F16/215(2019.01);G06F16/2457(2019.01),授权发明,授权,2025-06-06,,False,人工智能
002230.SZ,科大讯飞,组卷方法、装置、电子设备和存储介质,科大讯飞股份有限公司,2021115286444,CN114254615B,G06F40/194(2020.01);G06F16/35(2025.01);G06F16/334(2025.01),授权发明,授权,2025-06-10,,False,人工智能
002230.SZ,科大讯飞,图像色彩迁移方法、装置、电子设备和存储介质,科大讯飞股份有限公司,2021115399692,CN114494467B,G06T7/90(2017.01);G06T3/04(2024.01);G06T5/90(2024.01),授权发明,授权,2025-06-10,,False,人工智能
002230.SZ,科大讯飞,目标检测方法、装置、电子设备与存储介质,"科大讯飞股份有限公司,讯飞智元信息科技有限公司,安徽大学",2022101786764,CN114549825B,G06V10/25(2022.01);G06V10/24(2022.01);G06V10/44(2022.01);G06V10/764(2022.01);G06V10/82(2022.01),授权发明,授权,2025-06-10,,False,人工智能
002230.SZ,科大讯飞,事故检测方法、装置、电子设备和存储介质,"科大讯飞股份有限公司,讯飞智元信息科技有限公司,安徽大学",2022101945525,CN114677618B,G06V20/40(2022.01);G06N3/042(2023.01);G06N3/0464(2023.01);G06N3/0442(2023.01);G06N3/045(2023.01);G06N3/08(2023.01);G06V10/764(2022.01);G06V10/80(2022.01);G06V10/82(2022.01),授权发明,授权,2025-06-10,,False,人工智能
002230.SZ,科大讯飞,一种数据处理方法及系统,科大讯飞股份有限公司,2022112263110,CN115525779B,G06F16/40(2019.01);G06F16/48(2019.01),授权发明,授权,2025-06-10,,False,人工智能
002230.SZ,科大讯飞,动作数据生成方法、装置、设备、存储介质和程序产品,科大讯飞股份有限公司,2025102606334,CN119741405B,G06T13/00(2011.01);G06F40/30(2020.01);G06N3/006(2023.01);G10L21/10(2013.01),授权发明,授权,2025-06-10,,False,人工智能
002230.SZ,科大讯飞,语音检测方法、装置、电子设备及计算机可读存储介质,科大讯飞股份有限公司,2021114438331,CN114333771B,G10L15/02(2006.01);G10L15/08(2006.01);G10L15/16(2006.01);G10L25/24(2013.01),授权发明,授权,2025-06-13,,False,人工智能
002230.SZ,科大讯飞,口语问答的评分方法、训练方法、计算机设备及存储介质,科大讯飞股份有限公司,2021116182141,CN114360537B,G10L15/22(2006.01);G10L15/26(2006.01);G10L25/24(2013.01);G10L25/48(2013.01);G06F40/30(2020.01),授权发明,授权,2025-06-13,,False,人工智能
002230.SZ,科大讯飞,事件抽取方法、相关设备及可读存储介质,科大讯飞股份有限公司,202111646121X,CN114201608B,G06F16/35(2025.01);G06F18/25(2023.01);G06F18/214(2023.01),授权发明,授权,2025-06-13,,False,人工智能
002230.SZ,科大讯飞,语音合成方法、模型训练方法、设备及存储介质,"科大讯飞股份有限公司,中国科学技术大学",2021116741865,CN114283783B,G10L13/02(2013.01);G10L13/10(2013.01);G10L17/04(2013.01);G10L17/22(2013.01);G10L25/60(2013.01),授权发明,授权,2025-06-13,,False,人工智能
002230.SZ,科大讯飞,语音识别方法、语音识别设备及计算机可读存储介质,科大讯飞股份有限公司,2022104001436,CN114944149B,G10L15/02(2006.01);G10L15/06(2013.01);G10L15/22(2006.01);G10L15/26(2006.01);G10L25/03(2013.01);G10L25/30(2013.01),授权发明,授权,2025-06-13,,False,人工智能
002230.SZ,科大讯飞,混合语种语音识别方法、装置、系统及存储介质,科大讯飞股份有限公司,2022108928643,CN115394287B,G10L15/00(2013.01);G10L15/26(2006.01);G10L15/06(2013.01),授权发明,授权,2025-06-13,,False,人工智能
002230.SZ,科大讯飞,扫地机器人的测试方法、系统和相关装置,科大讯飞股份有限公司,202411886130X,CN119334674B,G01M99/00(2011.01);A47L11/24(2006.01);G06T7/246(2017.01);G06V20/40(2022.01);G06V10/44(2022.01);G06V10/62(2022.01);G06V10/764(2022.01);G06N5/04(2023.01),授权发明,授权,2025-06-13,,False,人工智能
002230.SZ,科大讯飞,AR眼镜,科大讯飞股份有限公司,2024305755549,CN309336003S,16-06(14),外观设计,授权,2025-06-13,,False,人工智能
002230.SZ,科大讯飞,音频优化方法及相关装置、电子设备、存储介质,科大讯飞股份有限公司,2021110889534,CN113990337B,G10L21/0208(2013.01);G10L21/0216(2013.01);G10L25/27(2013.01),授权发明,授权,2025-06-17,,False,人工智能
002230.SZ,科大讯飞,文本标点检测方法、计算机设备及存储介质,"科大讯飞股份有限公司,科大讯飞（北京）有限公司,河北省讯飞人工智能研究院",2021115474373,CN114298032B,G06F40/289(2020.01);G06F40/194(2020.01);G06F18/214(2023.01),授权发明,授权,2025-06-17,,False,人工智能
002230.SZ,科大讯飞,字幕制作方法及装置、计算机可读存储介质,科大讯飞股份有限公司,2021116722949,CN114357979B,G06F40/226(2020.01);G06F40/232(2020.01);G06F40/211(2020.01);G06F40/289(2020.01);G10L15/26(2006.01),授权发明,授权,2025-06-17,,False,人工智能
002230.SZ,科大讯飞,同传质量评测方法及相关装置、设备和存储介质,科大讯飞股份有限公司,2024118585051,CN119312818B,G06F40/51(2020.01);G10L15/26(2006.01),授权发明,授权,2025-06-17,,False,人工智能
002230.SZ,科大讯飞,电子设备的数学答疑助手图形用户界面,科大讯飞股份有限公司,2024303965383,CN309341696S,14-04(14),外观设计,授权,2025-06-17,,False,人工智能
002230.SZ,科大讯飞,电子设备的作答学习图形用户界面,科大讯飞股份有限公司,2024303965400,CN309341697S,14-04(14),外观设计,授权,2025-06-17,,False,人工智能
002230.SZ,科大讯飞,清洁机器人,科大讯飞股份有限公司,2024304552015,CN309341919S,15-05(14),外观设计,授权,2025-06-17,,False,人工智能
002230.SZ,科大讯飞,流式语音交互方法及相关装置、设备和存储介质,科大讯飞股份有限公司,2025102028654,CN119694304B,G10L15/18(2013.01);G10L15/22(2006.01);G10L15/26(2006.01);G10L25/51(2013.01),授权发明,授权,2025-06-17,,False,人工智能
002230.SZ,科大讯飞,回答生成方法及相关装置、设备和存储介质,科大讯飞股份有限公司,2025102052314,CN119691136B,G06F16/3329(2025.01);G06N20/00(2019.01),授权发明,授权,2025-06-17,,False,人工智能
002230.SZ,科大讯飞,语音合成方法及相关装置、设备和存储介质,科大讯飞股份有限公司,2025102240883,CN119724148B,G10L13/027(2013.01);G10L13/08(2013.01);G06F40/30(2020.01);G06N3/0455(2023.01);G06N3/0464(2023.01);G06N3/0475(2023.01);G06N3/094(2023.01),授权发明,授权,2025-06-17,,False,人工智能
002230.SZ,科大讯飞,流式语音交互方法及相关装置、设备和存储介质,科大讯飞股份有限公司,2025102919945,CN119811378B,G10L15/18(2013.01);G10L15/22(2006.01);G10L15/26(2006.01);G10L25/51(2013.01),授权发明,授权,2025-06-17,,False,人工智能
002230.SZ,科大讯飞,错字识别方法及装置,科大讯飞股份有限公司,2025103885236,CN119888763B,G06V30/244(2022.01);G06V30/19(2022.01);G06V10/82(2022.01);G06N3/0464(2023.01),授权发明,授权,2025-06-17,,False,人工智能
002230.SZ,科大讯飞,语音识别解码方法、装置、存储介质及计算机设备,"科大讯飞股份有限公司,中国科学技术大学",2021115296395,CN114155837B,G10L15/02(2006.01);G10L15/14(2006.01);G10L15/26(2006.01);G10L19/00(2013.01);G10L19/008(2013.01);G10L25/69(2013.01),授权发明,授权,2025-06-24,,False,人工智能
002230.SZ,科大讯飞,发音技巧检测方法、装置、存储介质及电子设备,科大讯飞股份有限公司,2021116207312,CN114170997B,G10L13/02(2013.01);G10L15/02(2006.01);G10L15/06(2013.01);G10L25/69(2013.01),授权发明,授权,2025-06-24,,False,人工智能
002230.SZ,科大讯飞,学生画像构建及学习资源分发方法、计算机设备及存储介质,科大讯飞股份有限公司,2021116663902,CN114357297B,G06F16/9535(2019.01);G06N20/00(2019.01);G06F18/214(2023.01);G06F16/21(2019.01),授权发明,授权,2025-06-24,,False,人工智能
002230.SZ,科大讯飞,声纹提取方法、身份识别方法及相关设备,科大讯飞股份有限公司,2022102394816,CN114783415B,G10L15/02(2006.01);G10L15/08(2006.01),授权发明,授权,2025-06-27,,False,人工智能
002230.SZ,科大讯飞,一种声纹特征提取方法、装置、设备及存储介质,科大讯飞股份有限公司,202310362146X,CN116312563B,G10L17/04(2013.01);G10L17/02(2013.01);G10L17/20(2013.01),授权发明,授权,2025-06-27,,False,人工智能
002230.SZ,科大讯飞,电子设备保护套,科大讯飞股份有限公司,202430455202X,CN309355455S,03-01(14),外观设计,授权,2025-06-27,,False,人工智能
002230.SZ,科大讯飞,一种语音翻译方法、系统和相关装置,科大讯飞股份有限公司,2025102052329,CN119692368B,G06F40/58(2020.01);G06F40/49(2020.01);G06F40/284(2020.01);G10L15/16(2006.01);G10L15/00(2013.01);G10L15/02(2006.01);G10L15/06(2013.01),授权发明,授权,2025-06-27,,False,人工智能
002230.SZ,科大讯飞,数据预测方法、预测大模型训练方法及相关装置,科大讯飞股份有限公司,2025102424340,CN119721215B,G06N5/022(2023.01),授权发明,授权,2025-06-27,,False,人工智能
002230.SZ,科大讯飞,答题内容批改方法、系统和相关装置,科大讯飞股份有限公司,202510278028X,CN119785366B,G06V30/19(2022.01);G06V30/148(2022.01),授权发明,授权,2025-06-27,,False,人工智能
002230.SZ,科大讯飞,语音交互方法及相关装置、设备、系统和存储介质,科大讯飞股份有限公司,2025102780294,CN119785791B,G10L15/22(2006.01);G10L15/26(2006.01);G06F40/30(2020.01),授权发明,授权,2025-06-27,,False,人工智能
002230.SZ,科大讯飞,语音识别评估方法、装置、电子设备和存储介质,科大讯飞股份有限公司,2025102799731,CN119785831B,G10L25/51(2013.01);G10L21/01(2013.01);G10L25/06(2013.01);G10L15/26(2006.01);G06F40/58(2020.01),授权发明,授权,2025-06-27,,False,人工智能
002230.SZ,科大讯飞,语音识别方法、相关设备及可读存储介质,科大讯飞股份有限公司,2021114796242,CN114155836B,G10L15/02(2006.01);G10L15/26(2006.01);G10L19/00(2013.01),授权发明,授权,2025-07-04,,False,人工智能
002230.SZ,科大讯飞,展示架,科大讯飞股份有限公司,2024305819038,CN309369361S,20-02(14),外观设计,授权,2025-07-04,,False,人工智能
002230.SZ,科大讯飞,展示架,科大讯飞股份有限公司,2024305819042,CN309369362S,20-02(14),外观设计,授权,2025-07-04,,False,人工智能
002230.SZ,科大讯飞,一种智能化伴学方法、装置、存储介质及设备,科大讯飞股份有限公司,2025104873486,CN120011612B,G06F16/9032(2019.01);G06F16/9535(2019.01);G06Q50/20(2012.01),授权发明,授权,2025-07-04,,False,人工智能
002230.SZ,科大讯飞,一种基于图表示学习的会话推荐方法、设备、介质及产品,"科大讯飞股份有限公司,浙江师范大学",2025105509942,CN120070014B,G06Q30/0601(2023.01);G06F18/22(2023.01);G06F18/25(2023.01);G06N3/042(2023.01);G06N3/0442(2023.01),授权发明,授权,2025-07-08,,False,人工智能
002230.SZ,科大讯飞,定位建图方法、装置、机器人、存储介质和程序产品,科大讯飞股份有限公司,2025105516857,CN120065170B,G01S7/48(2006.01);G01C21/00(2006.01),授权发明,授权,2025-07-08,,False,人工智能
002230.SZ,科大讯飞,事件聚类/脉络构建方法及其相关装置、设备和存储介质,科大讯飞股份有限公司,2021115094938,CN114357159B,G06F16/353(2025.01);G06F16/36(2019.01);G06F40/284(2020.01);G06F40/30(2020.01),授权发明,授权,2025-07-11,,False,人工智能
002230.SZ,科大讯飞,语音识别方法、语音识别模型的训练方法及相关装置,科大讯飞股份有限公司,2022101354385,CN114495914B,G10L15/06(2013.01);G10L15/02(2006.01);G10L15/01(2013.01);G10L25/30(2013.01);G10L25/45(2013.01);G10L25/48(2013.01),授权发明,授权,2025-07-11,,False,人工智能
002230.SZ,科大讯飞,语音合成方法及相关装置、电子设备、存储介质,科大讯飞股份有限公司,2022102890411,CN114664284B,G10L13/02(2013.01);G10L13/08(2013.01),授权发明,授权,2025-07-11,,False,人工智能
002230.SZ,科大讯飞,声纹提取方法、装置、设备及可读存储介质,科大讯飞股份有限公司,2022106168621,CN115019808B,G10L17/20(2013.01);G10L17/02(2013.01);G10L17/04(2013.01);G10L17/18(2013.01),授权发明,授权,2025-07-11,,False,人工智能
002230.SZ,科大讯飞,无线通信模组的测试方法、系统和测试设备,科大讯飞股份有限公司,2022111942858,CN115567123B,H04B17/15(2015.01);H04B17/29(2015.01);H04W24/08(2009.01),授权发明,授权,2025-07-11,,False,人工智能
002230.SZ,科大讯飞,一种智能眼镜和智能眼镜系统,科大讯飞股份有限公司,2024221714710,CN223093775U,H04B5/40(2024.01);G02C11/00(2006.01);H04W76/10(2018.01);H04W4/80(2018.01);H04W84/12(2009.01);H04B10/40(2013.01),实用新型,授权,2025-07-11,,False,人工智能
002230.SZ,科大讯飞,电子设备的AI口语对话图形用户界面,科大讯飞股份有限公司,2024303740144,CN309379743S,14-04(14),外观设计,授权,2025-07-11,,False,人工智能
002230.SZ,科大讯飞,电子设备的题目解析图形用户界面,科大讯飞股份有限公司,2024303965449,CN309379748S,14-04(14),外观设计,授权,2025-07-11,,False,人工智能
002230.SZ,科大讯飞,电子设备的录入解析问答引导学习图形用户界面,科大讯飞股份有限公司,2024303967779,CN309379749S,14-04(14),外观设计,授权,2025-07-11,,False,人工智能
002230.SZ,科大讯飞,作业批改机,科大讯飞股份有限公司,2024306350130,CN309379554S,14-02(14),外观设计,授权,2025-07-11,,False,人工智能
002230.SZ,科大讯飞,机器人,科大讯飞股份有限公司,2024306410220,CN309380221S,15-99(15),外观设计,授权,2025-07-11,,False,人工智能
002230.SZ,科大讯飞,录音笔,科大讯飞股份有限公司,2024306445215,CN309379470S,14-01(14),外观设计,授权,2025-07-11,,False,人工智能
002230.SZ,科大讯飞,录音笔,科大讯飞股份有限公司,2024306470522,CN309379471S,14-01(14),外观设计,授权,2025-07-11,,False,人工智能
002230.SZ,科大讯飞,录音笔,科大讯飞股份有限公司,2024306470715,CN309379472S,14-01(14),外观设计,授权,2025-07-11,,False,人工智能
002230.SZ,科大讯飞,智能转运机器人,科大讯飞股份有限公司,2024306668478,CN309378906S,12-05(14),外观设计,授权,2025-07-11,,False,人工智能
002230.SZ,科大讯飞,人工智能机器人,科大讯飞股份有限公司,2024306698859,CN309380225S,15-99(14),外观设计,授权,2025-07-11,,False,人工智能
002230.SZ,科大讯飞,扫地机器人主机,科大讯飞股份有限公司,2024306805066,CN309380098S,15-05(14),外观设计,授权,2025-07-11,,False,人工智能
002230.SZ,科大讯飞,AI计算主机,科大讯飞股份有限公司,2024306805085,CN309379567S,14-02(14),外观设计,授权,2025-07-11,,False,人工智能
002230.SZ,科大讯飞,智能录音笔,科大讯飞股份有限公司,2024307083090,CN309379487S,14-01(14),外观设计,授权,2025-07-11,,False,人工智能
002230.SZ,科大讯飞,智能录音笔,科大讯飞股份有限公司,2024307083122,CN309379488S,14-01(14),外观设计,授权,2025-07-11,,False,人工智能
002230.SZ,科大讯飞,多媒体一体机,科大讯飞股份有限公司,2024307191786,CN309379669S,14-03(15),外观设计,授权,2025-07-11,,False,人工智能
002230.SZ,科大讯飞,包装盒,科大讯飞股份有限公司,2024307191790,CN309378301S,09-03(14),外观设计,授权,2025-07-11,,False,人工智能
002230.SZ,科大讯飞,麦克风,科大讯飞股份有限公司,2024307219813,CN309379496S,14-01(14),外观设计,授权,2025-07-11,,False,人工智能
002230.SZ,科大讯飞,麦克风,科大讯飞股份有限公司,2024307219832,CN309379497S,14-01(14),外观设计,授权,2025-07-11,,False,人工智能
002230.SZ,科大讯飞,麦克风,科大讯飞股份有限公司,2024307255542,CN309379499S,14-01(14),外观设计,授权,2025-07-11,,False,人工智能
002230.SZ,科大讯飞,麦克风,科大讯飞股份有限公司,2024307299184,CN309379502S,14-01(14),外观设计,授权,2025-07-11,,False,人工智能
002230.SZ,科大讯飞,麦克风充电盒,科大讯飞股份有限公司,2024307605885,CN309379343S,13-02(15),外观设计,授权,2025-07-11,,False,人工智能
002230.SZ,科大讯飞,一种语音翻译方法、系统和相关装置,科大讯飞股份有限公司,2025102240898,CN119721071B,G06F40/58(2020.01);G10L15/16(2006.01);G10L15/00(2013.01);G10L15/02(2006.01);G10L15/06(2013.01);G06F40/49(2020.01);G06F40/284(2020.01),授权发明,授权,2025-07-11,,False,人工智能
002230.SZ,科大讯飞,音频语种转换方法、系统和相关装置,科大讯飞股份有限公司,2025102780326,CN119832897B,G10L15/02(2006.01);G10L15/04(2013.01);G10L15/18(2013.01);G10L21/007(2013.01);G06F40/58(2020.01),授权发明,授权,2025-07-11,,False,人工智能
002230.SZ,科大讯飞,同传翻译方法、电子设备和计算机可读存储介质,科大讯飞股份有限公司,202510304418X,CN119811419B,G10L25/27(2013.01);G10L15/26(2006.01);G10L25/48(2013.01);G06F40/58(2020.01),授权发明,授权,2025-07-11,,False,人工智能
002230.SZ,科大讯飞,文档识别方法及智能交互方法和相关装置、设备、介质,科大讯飞股份有限公司,2025104546677,CN119990112B,G06F40/258(2020.01);G06F40/151(2020.01);G06F40/205(2020.01);G06F40/30(2020.01),授权发明,授权,2025-07-11,,False,人工智能
002230.SZ,科大讯飞,语音识别方法及相关装置、设备和存储介质,科大讯飞股份有限公司,2025104546728,CN119993163B,G10L15/26(2006.01);G10L15/02(2006.01);G10L15/06(2013.01),授权发明,授权,2025-07-11,,False,人工智能
002230.SZ,科大讯飞,用户画像更新方法、装置、存储介质及电子设备,科大讯飞股份有限公司,2021111336406,CN113934612B,G06F11/34(2006.01),授权发明,授权,2025-07-15,,False,人工智能
002230.SZ,科大讯飞,语音处理方法、装置、计算机可读存储介质及计算机设备,"科大讯飞股份有限公司,中国科学技术大学",2021116202624,CN114267322B,G10L13/02(2013.01);G10L13/08(2013.01);G10L25/30(2013.01),授权发明,授权,2025-07-15,,False,人工智能
002230.SZ,科大讯飞,混合多语种导航语音指令处理方法、装置以及电子设备,"科大讯飞股份有限公司,合肥智能语音创新发展有限公司",2023100852231,CN116092492B,G10L15/22(2006.01);G01C21/00(2006.01);G10L15/00(2013.01);G10L15/04(2013.01);G10L25/51(2013.01),授权发明,授权,2025-07-15,,False,人工智能
002230.SZ,科大讯飞,语音增强方法、装置、电子设备及计算机可读存储介质,"科大讯飞股份有限公司,中国科学技术大学",2021115447766,CN114333863B,G10L21/007(2013.01);G10L21/0208(2013.01);G10L21/0232(2013.01);G10L25/21(2013.01);G06V10/80(2022.01),授权发明,授权,2025-07-18,,False,人工智能
002230.SZ,科大讯飞,麦克风,科大讯飞股份有限公司,2024307604276,CN309391271S,14-01(15),外观设计,授权,2025-07-18,,False,人工智能
002230.SZ,科大讯飞,麦克风,科大讯飞股份有限公司,2024307604295,CN309391272S,14-01(15),外观设计,授权,2025-07-18,,False,人工智能
002230.SZ,科大讯飞,一种图像渲染方法、装置、设备和存储介质,科大讯飞股份有限公司,2025100321871,CN119444955B,G06T15/00(2011.01);G06T15/50(2011.01);G06T15/06(2011.01),授权发明,授权,2025-07-18,,False,人工智能
002230.SZ,科大讯飞,一种语音合成方法、装置、设备和存储介质,科大讯飞股份有限公司,2025103044226,CN119811363B,G10L13/027(2013.01);G10L13/08(2013.01);G10L13/10(2013.01);G06F40/263(2020.01);G06F40/279(2020.01);G06F40/30(2020.01);G06N3/0455(2023.01);G06N3/088(2023.01);G06N3/094(2023.01),授权发明,授权,2025-07-18,,False,人工智能
002230.SZ,科大讯飞,语病识别方法、装置、电子设备和存储介质,科大讯飞股份有限公司,2021114679357,CN114154497B,G06F40/289(2020.01);G06F40/211(2020.01);G06F40/30(2020.01);G06F18/214(2023.01),授权发明,专利权转移,2025-07-22,,False,人工智能
002230.SZ,科大讯飞,表情识别方法、装置、电子设备和存储介质,科大讯飞股份有限公司,2022101009760,CN114495230B,G06V40/16(2022.01);G06V10/82(2022.01);G06N3/0464(2023.01);G06N3/08(2023.01),授权发明,授权,2025-07-22,,False,人工智能
002230.SZ,科大讯飞,翻译质量评估方法、装置、电子设备和存储介质,科大讯飞股份有限公司,2022101459512,CN114519358B,G06F40/51(2020.01);G06F40/58(2020.01),授权发明,授权,2025-07-22,,False,人工智能
002230.SZ,科大讯飞,图像传感器灵敏度测试方法和装置,科大讯飞股份有限公司,2022102555606,CN114697642B,H04N17/00(2006.01);G01J3/46(2006.01),授权发明,授权,2025-07-22,,False,人工智能
002230.SZ,科大讯飞,交互方法、装置、电子设备与存储介质,科大讯飞股份有限公司,2022104594268,CN114925679B,G06F40/279(2020.01);G06F40/284(2020.01),授权发明,授权,2025-07-22,,False,人工智能
002230.SZ,科大讯飞,实体链接的方法、装置、电子设备和存储介质,科大讯飞股份有限公司,2022104997748,CN114969358B,G06F16/36(2019.01);G06F40/279(2020.01);G06F40/30(2020.01);G06F18/22(2023.01),授权发明,授权,2025-07-22,,False,人工智能
002230.SZ,科大讯飞,音素识别方法、装置、电子设备和存储介质,科大讯飞股份有限公司,2022108552993,CN115359783B,G10L15/02(2006.01);G10L15/06(2013.01);G10L25/54(2013.01),授权发明,授权,2025-07-22,,False,人工智能
002230.SZ,科大讯飞,奖励模型的训练方法、答案评价方法、装置和设备,科大讯飞股份有限公司,2023118289710,CN117688158B,G06F16/3329(2025.01);G06N5/02(2023.01),授权发明,授权,2025-07-22,,False,人工智能
002230.SZ,科大讯飞,座舱域控制器组件,科大讯飞股份有限公司,2024219418386,CN223142314U,H05K7/14(2006.01);H05K5/02(2006.01),实用新型,授权,2025-07-22,,False,人工智能
002230.SZ,科大讯飞,汽车功放系统及车辆,科大讯飞股份有限公司,2024221666825,CN223142115U,H04R3/00(2006.01),实用新型,授权,2025-07-22,,False,人工智能
002230.SZ,科大讯飞,踝关节机构和仿人形机器人,"科大讯飞股份有限公司,科大讯飞（苏州）科技有限公司",2024223425081,CN223132212U,B62D57/032(2006.01);B25J17/00(2006.01);B25J18/00(2006.01),实用新型,授权,2025-07-22,,False,人工智能
002230.SZ,科大讯飞,电子设备的学习图形用户界面,科大讯飞股份有限公司,2024304374713,CN309398454S,14-04(14),外观设计,授权,2025-07-22,,False,人工智能
002230.SZ,科大讯飞,电子设备的智能助手交互图形用户界面,科大讯飞股份有限公司,2024304689056,CN309398462S,14-04(14),外观设计,授权,2025-07-22,,False,人工智能
002230.SZ,科大讯飞,图像生成方法、装置、电子设备和存储介质,科大讯飞股份有限公司,2025102799750,CN119784879B,G06T11/00(2006.01);G06V10/75(2022.01);G06V10/80(2022.01),授权发明,授权,2025-07-22,,False,人工智能
002230.SZ,科大讯飞,容器资源调度方法、装置、电子设备及存储介质,科大讯飞股份有限公司,2025103248401,CN119829221B,G06F9/455(2018.01);G06F9/48(2006.01),授权发明,授权,2025-07-22,,False,人工智能
002230.SZ,科大讯飞,图像增强方法、装置、电子设备和存储介质,科大讯飞股份有限公司,2025103777496,CN119904374B,G06T5/60(2024.01);G06T7/13(2017.01);G06N3/045(2023.01);G06N3/048(2023.01);G06N3/08(2023.01),授权发明,授权,2025-07-22,,False,人工智能
002230.SZ,科大讯飞,水印添加方法、水印检测方法及水印添加模型训练方法,科大讯飞股份有限公司,2025104375245,CN119962541B,G06F40/30(2020.01);G06F40/284(2020.01);G06F40/242(2020.01);G06N5/04(2023.01);G06N3/0455(2023.01),授权发明,授权,2025-07-22,,False,人工智能
002230.SZ,科大讯飞,数据校验方法、装置、电子设备及存储介质,科大讯飞股份有限公司,2025104389337,CN119961260B,G06F16/215(2019.01);G06F16/26(2019.01);G06F11/08(2006.01),授权发明,授权,2025-07-22,,False,人工智能
002230.SZ,科大讯飞,人体深度估计方法、装置、电子设备和存储介质,科大讯飞股份有限公司,2025104592270,CN119991764B,G06T7/593(2017.01);G06T3/06(2024.01);G06T17/00(2006.01),授权发明,授权,2025-07-22,,False,人工智能
002230.SZ,科大讯飞,一种序列推荐方法、设备及介质,"科大讯飞股份有限公司,浙江师范大学",2025105338370,CN120070872B,G06V10/25(2022.01);G06N3/0464(2023.01);G06N3/042(2023.01);G06V10/40(2022.01),授权发明,授权,2025-07-22,,False,人工智能
002230.SZ,科大讯飞,语音唤醒方法、装置、电子设备、存储介质和程序产品,科大讯飞股份有限公司,2025105937998,CN120126455B,G10L15/02(2006.01);G10L15/22(2006.01);G10L15/06(2013.01);G10L15/16(2006.01);G10L15/26(2006.01),授权发明,授权,2025-07-22,,False,人工智能
002230.SZ,科大讯飞,自动应答模型的构建方法和自动应答方法,科大讯飞股份有限公司,2021114777843,CN114254088B,G06F16/3329(2025.01);G06F40/194(2020.01);G06F16/35(2025.01),授权发明,授权,2025-07-25,,False,人工智能
002230.SZ,科大讯飞,语音识别方法、装置、电子设备和存储介质,科大讯飞股份有限公司,2021115509809,CN114171002B,G10L15/00(2013.01);G10L17/02(2013.01);G10L17/04(2013.01);G10L17/18(2013.01);G10L17/24(2013.01),授权发明,授权,2025-07-25,,False,人工智能
002230.SZ,科大讯飞,文档问答方法、装置、系统、电子设备及存储介质,科大讯飞股份有限公司,2022114301155,CN115934905B,G06F16/3329(2025.01);G06F16/334(2025.01);G06N3/04(2023.01);G06N3/0895(2023.01);G06N5/04(2023.01),授权发明,授权,2025-07-25,,False,人工智能
002230.SZ,科大讯飞,文本推荐方法、装置、电子设备和存储介质,科大讯飞股份有限公司,2022117144264,CN115858737B,G06F16/334(2025.01);G06F40/289(2020.01);G06F18/22(2023.01);G06F16/951(2019.01),授权发明,授权,2025-07-25,,False,人工智能
002230.SZ,科大讯飞,录音笔,科大讯飞股份有限公司,202422415811X,CN223155672U,G11C7/16(2006.01);G11B33/12(2006.01),实用新型,授权,2025-07-25,,False,人工智能
002230.SZ,科大讯飞,智能语音交互测试方法、装置、设备及存储介质,科大讯飞股份有限公司,2021106270502,CN115438670B,G06F40/30(2020.01);G10L15/01(2013.01),授权发明,授权,2025-08-01,,False,人工智能
002230.SZ,科大讯飞,发音词典构建方法、语音识别方法及相关装置,科大讯飞股份有限公司,2021112222084,CN113936642B,G10L15/02(2006.01);G10L15/06(2013.01);G10L15/08(2006.01);G10L15/18(2013.01);G10L15/26(2006.01),授权发明,授权,2025-08-01,,False,人工智能
002230.SZ,科大讯飞,一种语音识别方法、装置、设备及存储介质,"科大讯飞股份有限公司,中国科学技术大学",2021114321417,CN114155834B,G10L15/02(2006.01);G10L15/06(2013.01);G10L15/26(2006.01);G10L19/00(2013.01),授权发明,授权,2025-08-01,,False,人工智能
002230.SZ,科大讯飞,代码扫描、提交方法及代码扫描服务器、客户端和服务端,科大讯飞股份有限公司,2021114354660,CN114371870B,G06F8/72(2018.01);G06F8/70(2018.01);G06F8/658(2018.01),授权发明,授权,2025-08-01,,False,人工智能
002230.SZ,科大讯飞,文本识别方法、装置、电子设备和存储介质,科大讯飞股份有限公司,2021114665354,CN114255419B,G06V20/62(2022.01);G06V20/40(2022.01);G06V30/148(2022.01);G06V10/74(2022.01);G06V10/764(2022.01),授权发明,授权,2025-08-01,,False,人工智能
002230.SZ,科大讯飞,一种语音唤醒方法及其相关设备,科大讯飞股份有限公司,2021114937217,CN114141233B,G10L15/04(2013.01);G10L15/06(2013.01);G10L15/16(2006.01);G10L15/22(2006.01);G10L15/26(2006.01),授权发明,授权,2025-08-01,,False,人工智能
002230.SZ,科大讯飞,一种笔迹识别方法及其相关设备,科大讯飞股份有限公司,2021115260656,CN114255468B,G06V30/32(2022.01);G06T7/40(2017.01);G06T5/70(2024.01);G06V10/74(2022.01);G06V10/54(2022.01),授权发明,授权,2025-08-01,,False,人工智能
002230.SZ,科大讯飞,一种关键词抽取方法、装置、设备及存储介质,"科大讯飞股份有限公司,中国科学技术大学",202111527287X,CN114254633B,G06F40/289(2020.01);G06F40/216(2020.01);G06F18/214(2023.01),授权发明,授权,2025-08-01,,False,人工智能
002230.SZ,科大讯飞,文本情节抽取方法、装置、电子设备和存储介质,科大讯飞股份有限公司,2021115527243,CN114254590B,G06F40/126(2020.01);G06F40/289(2020.01);G06F40/30(2020.01);G06F18/25(2023.01),授权发明,授权,2025-08-01,,False,人工智能
002230.SZ,科大讯飞,知识点标注方法、模型的训练方法、计算机设备及存储介质,"科大讯飞股份有限公司,科大讯飞（北京）有限公司,河北省讯飞人工智能研究院",202111614301X,CN114417785B,G06F40/117(2020.01);G06F40/30(2020.01);G06F16/35(2025.01),授权发明,授权,2025-08-01,,False,人工智能
002230.SZ,科大讯飞,语音合成方法及相关装置、设备和存储介质,"科大讯飞股份有限公司,中国科学技术大学",2021116468331,CN114299912B,G10L13/02(2013.01);G10L19/02(2013.01);G10L19/08(2013.01);G10L19/16(2013.01);G10L25/60(2013.01),授权发明,授权,2025-08-01,,False,人工智能
002230.SZ,科大讯飞,阅读理解方法、装置、存储介质及计算机设备,"科大讯飞股份有限公司,科大讯飞（北京）有限公司",2021116555363,CN114238587B,G06F16/334(2025.01);G06F16/3329(2025.01);G06F16/56(2019.01);G06V10/80(2022.01);G06N7/00(2023.01),授权发明,授权,2025-08-01,,False,人工智能
002230.SZ,科大讯飞,语音识别方法、装置及计算机可读存储介质,科大讯飞股份有限公司,2021116697468,CN114283786B,G10L15/00(2013.01);G10L15/02(2006.01);G10L15/06(2013.01);G10L15/16(2006.01),授权发明,授权,2025-08-01,,False,人工智能
002230.SZ,科大讯飞,一种发音检错的方法、装置及电子设备,科大讯飞股份有限公司,2021116791385,CN114333780B,G10L15/02(2006.01);G10L15/06(2013.01);G10L15/183(2013.01);G10L15/26(2006.01);G10L25/24(2013.01),授权发明,授权,2025-08-01,,False,人工智能
002230.SZ,科大讯飞,基于知识图谱的实体查询方法、相关设备及可读存储介质,"科大讯飞股份有限公司,中国科学技术大学",2022100654984,CN114491067B,G06F16/36(2019.01);G06F16/334(2025.01),授权发明,授权,2025-08-01,,False,人工智能
002230.SZ,科大讯飞,同传延迟检测方法及相关装置、电子设备、存储介质,"科大讯飞股份有限公司,中国科学技术大学",2022101992738,CN114742514B,G06Q10/10(2023.01);G10L15/04(2013.01);G10L25/48(2013.01),授权发明,授权,2025-08-01,,False,人工智能
002230.SZ,科大讯飞,一种语音识别方法、装置、设备及存储介质,科大讯飞股份有限公司,2022102819303,CN114520001B,G10L15/197(2013.01);G10L15/18(2013.01);G10L15/26(2006.01);G10L15/30(2013.01);G10L15/06(2013.01),授权发明,授权,2025-08-01,,False,人工智能
002230.SZ,科大讯飞,一种图像检索方法、相关方法及相关设备,"科大讯飞股份有限公司,讯飞智元信息科技有限公司",2022104677097,CN114817592B,G06F16/53(2019.01);G06F16/532(2019.01);G06F16/583(2019.01);G06V10/74(2022.01),授权发明,授权,2025-08-01,,False,人工智能
002230.SZ,科大讯飞,一种词汇拆分模型构建方法、语音识别模型构建方法,科大讯飞股份有限公司,2022104933820,CN114974222B,G10L15/06(2013.01);G10L15/02(2006.01);G10L15/00(2013.01),授权发明,授权,2025-08-01,,False,人工智能
002230.SZ,科大讯飞,音频抵消算法验证方法和音频路径调整设备,科大讯飞股份有限公司,202210611850X,CN115101081B,G10L21/02(2013.01);G10L25/51(2013.01);G10K11/20(2006.01),授权发明,授权,2025-08-01,,False,人工智能
002230.SZ,科大讯飞,麦克风套件通信方法及相关装置、设备和存储介质,科大讯飞股份有限公司,2022112197975,CN115550383B,H04L67/1095(2022.01);H04M1/72427(2021.01);H04M1/72484(2021.01);H04W4/029(2018.01),授权发明,授权,2025-08-01,,False,人工智能
002230.SZ,科大讯飞,一种情绪识别方法、装置、存储介质及设备,科大讯飞股份有限公司,2023106513096,CN116682158B,G06V40/16(2022.01);G10L25/63(2013.01);G10L25/30(2013.01);G06V40/70(2022.01);G06V20/40(2022.01);G06V10/80(2022.01);G06V10/82(2022.01);G06N3/0464(2023.01);G06N3/084(2023.01),授权发明,授权,2025-08-01,,False,人工智能
002230.SZ,科大讯飞,一种情感识别方法、装置、存储介质及设备,科大讯飞股份有限公司,2023106518761,CN116612543B,G06V40/70(2022.01);G06V40/16(2022.01);G06F18/10(2023.01);G06F18/213(2023.01);G06V10/80(2022.01);G06V10/82(2022.01),授权发明,授权,2025-08-01,,False,人工智能
002230.SZ,科大讯飞,大模型解码系统、方法、相关设备及计算机程序产品,科大讯飞股份有限公司,2024108376242,CN118467207B,G06F9/54(2006.01);G06F8/60(2018.01);G06N20/00(2019.01);G06N5/04(2023.01),授权发明,授权,2025-08-01,,False,人工智能
002230.SZ,科大讯飞,一种关节驱动装置和康复医疗设备,科大讯飞股份有限公司,2024205707427,CN223169957U,A61H1/02(2006.01);A61H3/00(2006.01),实用新型,授权,2025-08-01,,False,人工智能
002230.SZ,科大讯飞,一种学习用的实验箱,科大讯飞股份有限公司,2024221870259,CN223180732U,G09B9/00(2006.01);H05K5/02(2006.01);H05K7/14(2006.01),实用新型,授权,2025-08-01,,False,人工智能
002230.SZ,科大讯飞,缓启动电路及电子设备,科大讯飞股份有限公司,2024223502213,CN223182022U,H02M1/36(2007.01),实用新型,授权,2025-08-01,,False,人工智能
002230.SZ,科大讯飞,一种录音装置,科大讯飞股份有限公司,2024224574026,CN223182252U,H04R1/08(2006.01);H04R3/00(2006.01),实用新型,授权,2025-08-01,,False,人工智能
002230.SZ,科大讯飞,电子设备的信息输入图形用户界面,科大讯飞股份有限公司,2024304449353,CN309416609S,14-04(14),外观设计,授权,2025-08-01,,False,人工智能
002230.SZ,科大讯飞,录音笔内芯,科大讯飞股份有限公司,2024307083175,CN309416296S,14-01(14),外观设计,授权,2025-08-01,,False,人工智能
002230.SZ,科大讯飞,人机交互智慧屏,科大讯飞股份有限公司,2024307647591,CN309416444S,14-02(15),外观设计,授权,2025-08-01,,False,人工智能
002230.SZ,科大讯飞,领域问答大模型训练及问答方法、相关设备及程序产品,科大讯飞股份有限公司,2025104470521,CN119961422B,G06F16/3329(2025.01);G06F16/334(2025.01);G06F16/338(2019.01),授权发明,授权,2025-08-01,,False,人工智能
002230.SZ,科大讯飞,一种答疑辅导方法及相关装置,科大讯飞股份有限公司,2025104736582,CN119992899B,G09B7/02(2006.01);G06F40/35(2020.01),授权发明,授权,2025-08-01,,False,人工智能
002230.SZ,科大讯飞,语音转写系统评测方法、装置、相关设备及程序产品,科大讯飞股份有限公司,2025105348620,CN120071903B,G10L15/06(2013.01);G10L15/18(2013.01);G10L15/26(2006.01);G10L25/30(2013.01),授权发明,授权,2025-08-01,,False,人工智能
002230.SZ,科大讯飞,在线手写文本合成方法、装置和存储介质,科大讯飞股份有限公司,2021114866584,CN114419174B,G06T11/60(2006.01);G06N3/0455(2023.01);G06N3/0442(2023.01);G06N3/09(2023.01),授权发明,授权,2025-08-05,,False,人工智能
002230.SZ,科大讯飞,文本处理方法、计算机设备及存储介质,"科大讯飞股份有限公司,科大讯飞（北京）有限公司,河北省讯飞人工智能研究院",2021115449333,CN114298031B,G06F40/289(2020.01);G06F40/247(2020.01);G06F18/214(2023.01);G06F40/166(2020.01),授权发明,授权,2025-08-05,,False,人工智能
002230.SZ,科大讯飞,歌曲质量评价方法、装置和存储介质,科大讯飞股份有限公司,2021116555202,CN114461885B,G06F16/683(2019.01);G06F16/951(2019.01);G06F40/211(2020.01);G06N3/0464(2023.01);G06N3/044(2023.01);G06N3/08(2023.01);G10L25/03(2013.01);G10H1/00(2006.01);G10L25/30(2013.01);G10L25/60(2013.01),授权发明,授权,2025-08-05,,False,人工智能
002230.SZ,科大讯飞,语音处理方法、语音处理模型的训练方法、设备及介质,"科大讯飞股份有限公司,中国科学技术大学",2021116751049,CN114242066B,G10L15/22(2006.01);G10L15/16(2006.01);G10L15/08(2006.01);G10L15/28(2013.01);G10L25/03(2013.01),授权发明,授权,2025-08-05,,False,人工智能
002230.SZ,科大讯飞,一种文本分类方法、装置、存储介质及设备,科大讯飞股份有限公司,2021116790626,CN114297389B,G06F16/35(2025.01),授权发明,授权,2025-08-05,,False,人工智能
002230.SZ,科大讯飞,目标行为的识别方法、装置、电子设备和存储介质,"科大讯飞股份有限公司,讯飞智元信息科技有限公司",2022105214853,CN115100558B,G06V20/40(2022.01);G06V20/52(2022.01);G06V10/80(2022.01);G10L25/51(2013.01);H04N7/18(2006.01),授权发明,授权,2025-08-05,,False,人工智能
002230.SZ,科大讯飞,文档要素抽取方法、装置、设备及存储介质,科大讯飞股份有限公司,2022106792460,CN114973286B,G06V30/413(2022.01);G06V30/414(2022.01);G06V30/14(2022.01);G06V30/19(2022.01);G06V30/148(2022.01);G06N3/042(2023.01);G06N3/0464(2023.01);G06N3/045(2023.01);G06N3/0455(2023.01),授权发明,授权,2025-08-05,,False,人工智能
002230.SZ,科大讯飞,一种语音评测方法、装置、电子设备及存储介质,科大讯飞股份有限公司,202211116577X,CN115295020B,G10L25/51(2013.01);G10L25/60(2013.01);G10L15/02(2006.01);G10L15/08(2006.01);G10L15/26(2006.01),授权发明,授权,2025-08-05,,False,人工智能
002230.SZ,科大讯飞,简历筛选方法、计算机设备及存储介质,科大讯飞股份有限公司,2022114575742,CN115730040B,G06F16/334(2025.01);G06F16/31(2019.01);G06F16/36(2019.01);G06F16/335(2019.01);G06Q10/1053(2023.01);G06N3/0464(2023.01);G06N3/048(2023.01),授权发明,授权,2025-08-05,,False,人工智能
002230.SZ,科大讯飞,向量检索方法、装置、设备及可读存储介质,科大讯飞股份有限公司,2022115486820,CN115757896B,G06F16/903(2019.01);G06F16/907(2019.01);G06F16/9035(2019.01);G06F16/9038(2019.01);G06F18/22(2023.01),授权发明,授权,2025-08-05,,False,人工智能
002230.SZ,科大讯飞,一种知识对话生成方法、装置、存储介质及设备,"科大讯飞股份有限公司,科大讯飞（北京）有限公司,河北省讯飞人工智能研究院",2022115811155,CN115878769B,G06F16/3329(2025.01);G06F40/35(2020.01);G06N3/0499(2023.01);G06N3/0455(2023.01);G06N3/08(2023.01);G06N3/047(2023.01),授权发明,授权,2025-08-05,,False,人工智能
002230.SZ,科大讯飞,一种翻译设备和翻译系统,科大讯飞股份有限公司,2024219195706,CN223193350U,G06F40/58(2020.01),实用新型,授权,2025-08-05,,False,人工智能
002230.SZ,科大讯飞,电源管理系统及电子设备,科大讯飞股份有限公司,2024223708659,CN223194440U,H02J7/00(2006.01);G06F9/22(2006.01),实用新型,授权,2025-08-05,,False,人工智能
002230.SZ,科大讯飞,一种灯光控制设备和车辆灯光系统,科大讯飞股份有限公司,2024224397021,CN223194878U,H05B47/12(2020.01);H05B47/165(2020.01);G10L21/0208(2013.01),实用新型,授权,2025-08-05,,False,人工智能
002230.SZ,科大讯飞,训练样本的获取方法和装置、计算机设备、存储介质,科大讯飞股份有限公司,2021116302567,CN114495940B,G10L15/26(2006.01);G10L15/06(2013.01);G10L15/02(2006.01),授权发明,授权,2025-08-08,,False,人工智能
002230.SZ,科大讯飞,一种基于句子的语义相似度获得方法、装置以及设备,科大讯飞股份有限公司,2021116526110,CN114330367B,G06F40/30(2020.01);G06F40/194(2020.01);G06F18/22(2023.01),授权发明,授权,2025-08-08,,False,人工智能
002230.SZ,科大讯飞,发音检错方法及装置、发音检错模型的训练方法及装置,科大讯飞股份有限公司,2021116609325,CN114373481B,G10L25/60(2013.01);G10L25/03(2013.01);G10L15/06(2013.01);G10L15/02(2006.01);G10L25/27(2013.01),授权发明,授权,2025-08-08,,False,人工智能
002230.SZ,科大讯飞,训练数据的评估方法、装置、电子设备和存储介质,科大讯飞股份有限公司,2023105057452,CN116628514B,G06F18/22(2023.01);G06F18/214(2023.01);G06F16/35(2025.01);G06F16/3329(2025.01);G06F40/194(2020.01),授权发明,授权,2025-08-08,,False,人工智能
002230.SZ,科大讯飞,图文内容生成方法、装置、设备及存储介质,科大讯飞股份有限公司,202311030903X,CN117032869B,G06F9/451(2018.01);G06T11/60(2006.01);G06F40/106(2020.01),授权发明,授权,2025-08-08,,False,人工智能
002230.SZ,科大讯飞,一种康复装置,科大讯飞股份有限公司,202421737523X,CN223196475U,A63B21/05(2006.01);B62K5/027(2013.01);B62J45/40(2020.01),实用新型,授权,2025-08-08,,False,人工智能
002230.SZ,科大讯飞,录音笔,科大讯飞股份有限公司,202430785188X,CN309428898S,14-01(15),外观设计,授权,2025-08-08,,False,人工智能
002230.SZ,科大讯飞,用于目标设备的语音识别方法、装置、设备及存储介质,"科大讯飞股份有限公司,中国科学技术大学",202111534483X,CN114171009B,G10L15/02(2006.01);G10L15/06(2013.01);G10L15/08(2006.01);G10L15/16(2006.01);G10L15/26(2006.01),授权发明,授权,2025-08-12,,False,人工智能
002230.SZ,科大讯飞,一种语音端点检测方法、装置、设备及存储介质,"科大讯飞股份有限公司,中国科学技术大学",2021115353326,CN114155839B,G10L15/02(2006.01);G10L15/26(2006.01);G10L25/78(2013.01),授权发明,授权,2025-08-12,,False,人工智能
002230.SZ,科大讯飞,语音识别方法、装置、计算机可读存储介质及计算机设备,"科大讯飞股份有限公司,中国科学技术大学",2022109396282,CN115312028B,G10L15/00(2013.01);G10L15/08(2006.01),授权发明,授权,2025-08-12,,False,人工智能
002230.SZ,科大讯飞,电子设备的信息输入图形用户界面的内容推荐框,科大讯飞股份有限公司,2024304448702,CN309443084S,14-04(14),外观设计,授权,2025-08-15,,False,人工智能
002230.SZ,科大讯飞,麦克风,科大讯飞股份有限公司,2024307160608,CN309442716S,14-01(14),外观设计,授权,2025-08-15,,False,人工智能
002230.SZ,科大讯飞,任务分配方法及任务分配装置,科大讯飞股份有限公司,2021116633466,CN114461386B,G06F9/50(2006.01);G06N3/126(2023.01),授权发明,授权,2025-08-19,,False,人工智能
002230.SZ,科大讯飞,一种用户意图识别方法、用户意图识别装置和存储介质,科大讯飞股份有限公司,2021111382813,CN113903335B,G10L15/22(2006.01);G10L15/18(2013.01),授权发明,授权,2025-08-22,,False,人工智能
002230.SZ,科大讯飞,语音唤醒方法、装置、电子设备和存储介质,"科大讯飞股份有限公司,中国科学技术大学",2021115748053,CN114333794B,G10L15/06(2013.01);G10L15/26(2006.01);G10L25/60(2013.01),授权发明,授权,2025-08-22,,False,人工智能
002230.SZ,科大讯飞,文案生成方法、装置、电子设备和存储介质,科大讯飞股份有限公司,202410847601X,CN118673136B,G06F16/34(2025.01);G06F40/211(2020.01);G06F40/289(2020.01);G06F40/284(2020.01);G06N3/045(2023.01);G06N3/0475(2023.01);G06N3/094(2023.01),授权发明,授权,2025-08-22,,False,人工智能
002230.SZ,科大讯飞,一种语音识别方法及相关装置,"科大讯飞股份有限公司,合肥智能语音创新发展有限公司",2024119818449,CN119724187B,G10L15/22(2006.01);G10L15/26(2006.01);G10L15/18(2013.01),授权发明,授权,2025-08-22,,False,人工智能
002230.SZ,科大讯飞,扫地机器人前撞板组件及扫地机器人,科大讯飞股份有限公司,2024224176226,CN223248115U,A47L11/40(2006.01);A47L11/24(2006.01),实用新型,授权,2025-08-22,,False,人工智能
002230.SZ,科大讯飞,机器人手臂及机器人,科大讯飞股份有限公司,202422579590X,CN223251710U,B25J18/00(2006.01);B25J17/00(2006.01),实用新型,授权,2025-08-22,,False,人工智能
002230.SZ,科大讯飞,安装结构、音箱及显示设备,科大讯飞股份有限公司,2024226049723,CN223261622U,H04R1/02(2006.01),实用新型,授权,2025-08-22,,False,人工智能
002230.SZ,科大讯飞,一种智教机器人,科大讯飞股份有限公司,2024226272374,CN223251670U,B25J11/00(2006.01),实用新型,授权,2025-08-22,,False,人工智能
002230.SZ,科大讯飞,智能眼镜,科大讯飞股份有限公司,2024226768702,CN223259972U,G02B27/01(2006.01),实用新型,授权,2025-08-22,,False,人工智能
002230.SZ,科大讯飞,真空泵,科大讯飞股份有限公司,2024227938096,CN223257015U,F04B37/14(2006.01);F04B39/00(2006.01);F04B39/12(2006.01);F04B39/14(2006.01);F04B49/00(2006.01),实用新型,授权,2025-08-22,,False,人工智能
002230.SZ,科大讯飞,电子设备的辅助教学动态图形用户界面,科大讯飞股份有限公司,2024305425394,CN309456397S,14-04(14),外观设计,授权,2025-08-22,,False,人工智能
002230.SZ,科大讯飞,电子设备的沉静训练图形用户界面,科大讯飞股份有限公司,2024305425407,CN309456398S,14-04(14),外观设计,授权,2025-08-22,,False,人工智能
002230.SZ,科大讯飞,电子设备的教案及课件辅助设计图形用户界面,科大讯飞股份有限公司,2024305425411,CN309456399S,14-04(14),外观设计,授权,2025-08-22,,False,人工智能
002230.SZ,科大讯飞,电子设备的考试制卷图形用户界面,科大讯飞股份有限公司,2024305595925,CN309456403S,14-04(14),外观设计,授权,2025-08-22,,False,人工智能
002230.SZ,科大讯飞,电子设备的云桌面管理图形用户界面,科大讯飞股份有限公司,2024305747129,CN309456412S,14-04(14),外观设计,授权,2025-08-22,,False,人工智能
002230.SZ,科大讯飞,电子设备的课堂场景功能应用入口图形用户界面,科大讯飞股份有限公司,2024306702036,CN309456431S,14-04(14),外观设计,授权,2025-08-22,,False,人工智能
002230.SZ,科大讯飞,智能教学主机,科大讯飞股份有限公司,2024307842645,CN309456915S,16-02(15),外观设计,授权,2025-08-22,,False,人工智能
002230.SZ,科大讯飞,语音交互方法、装置、电子设备、存储介质和程序产品,科大讯飞股份有限公司,2025106375305,CN120164465B,G10L15/22(2006.01);G10L15/05(2013.01);G10L15/18(2013.01),授权发明,授权,2025-08-22,,False,人工智能
002230.SZ,科大讯飞,水印嵌入方法及相关装置、设备和存储介质,科大讯飞股份有限公司,2025107589886,CN120278870B,G06T1/00(2006.01);G06N3/0464(2023.01);G06N3/0455(2023.01);G06N3/08(2023.01),授权发明,授权,2025-08-22,,False,人工智能
002230.SZ,科大讯飞,唤醒模型优化方法、唤醒方法、装置、设备、介质及产品,科大讯飞股份有限公司,2025108392930,CN120340466B,G10L15/02(2006.01);G10L15/06(2013.01);G10L15/16(2006.01);G06N3/0895(2023.01);G10L15/08(2006.01),授权发明,授权,2025-08-22,,False,人工智能
002230.SZ,科大讯飞,一种图像特征获取方法、图像检索方法及相关设备,"科大讯飞股份有限公司,讯飞智元信息科技有限公司",2022105817916,CN114926800B,G06V20/56(2022.01);G06V10/22(2022.01);G06V10/42(2022.01);G06V10/44(2022.01);G06V10/74(2022.01);G06V10/774(2022.01);G06V10/80(2022.01);G06F16/58(2019.01),授权发明,授权,2025-08-26,,False,人工智能
002230.SZ,科大讯飞,语音交互方法、装置、电子设备和计算机可读存储介质,科大讯飞股份有限公司,2023102684527,CN116403577B,G10L15/22(2006.01);G10L15/18(2013.01);G10L15/26(2006.01),授权发明,授权,2025-08-29,,False,人工智能
002230.SZ,科大讯飞,听音检测设备,科大讯飞股份有限公司,2024225335747,CN223285938U,H04R29/00(2006.01),实用新型,授权,2025-08-29,,False,人工智能
002230.SZ,科大讯飞,收纳包,科大讯飞股份有限公司,202430659710X,CN309465593S,03-01(14),外观设计,授权,2025-08-29,,False,人工智能
002230.SZ,科大讯飞,收纳包,科大讯飞股份有限公司,2024306632762,CN309465596S,03-01(14),外观设计,授权,2025-08-29,,False,人工智能
002230.SZ,科大讯飞,收纳袋,科大讯飞股份有限公司,2024306632781,CN309465597S,03-01(14),外观设计,授权,2025-08-29,,False,人工智能
002230.SZ,科大讯飞,电子设备的基于学情生成问题链的图形用户界面,科大讯飞股份有限公司,2024306701601,CN309468552S,14-04(14),外观设计,授权,2025-08-29,,False,人工智能
002230.SZ,科大讯飞,电子设备的语控交互答疑讲解助手图形用户界面,科大讯飞股份有限公司,2024306701620,CN309468554S,14-04(14),外观设计,授权,2025-08-29,,False,人工智能
002230.SZ,科大讯飞,翻译机保护套及其主体,科大讯飞股份有限公司,2024307255595,CN309465641S,03-01(14),外观设计,授权,2025-08-29,,False,人工智能
002230.SZ,科大讯飞,一种音频水印生成方法、装置，设备及计算机存储介质,科大讯飞股份有限公司,2025107073478,CN120236593B,G10L19/018(2013.01);G06N3/045(2023.01);G06F21/16(2013.01);G06N3/08(2023.01),授权发明,授权,2025-08-29,,False,人工智能
002230.SZ,科大讯飞,陪伴机器人,科大讯飞股份有限公司,2025300013674,CN309468265S,14-01(15),外观设计,授权,2025-08-29,,False,人工智能
002230.SZ,科大讯飞,录音笔,科大讯飞股份有限公司,2025300013710,CN309468267S,14-01(15),外观设计,授权,2025-08-29,,False,人工智能
002230.SZ,科大讯飞,录音笔,科大讯飞股份有限公司,2025300035885,CN309468276S,14-01(15),外观设计,授权,2025-08-29,,False,人工智能
002230.SZ,科大讯飞,录音笔,科大讯飞股份有限公司,202530003589X,CN309468277S,14-01(15),外观设计,授权,2025-08-29,,False,人工智能
002230.SZ,科大讯飞,录音笔,科大讯飞股份有限公司,2025300035902,CN309468278S,14-01(15),外观设计,授权,2025-08-29,,False,人工智能
002230.SZ,科大讯飞,语音识别方法、装置、设备及存储介质,"科大讯飞股份有限公司,中国科学技术大学",2021112748808,CN113920999B,G10L15/193(2013.01);G10L15/08(2006.01);G10L15/26(2006.01);G10L15/02(2006.01);G10L25/24(2013.01),授权发明,授权,2025-09-05,,False,人工智能
002230.SZ,科大讯飞,一种语音识别方法、装置、存储介质及设备,"科大讯飞股份有限公司,中国科学技术大学",2021116617887,CN114333778B,G10L15/02(2006.01);G10L15/06(2013.01);G10L15/16(2006.01);G10L15/26(2006.01);G10L19/00(2013.01),授权发明,授权,2025-09-05,,False,人工智能
002230.SZ,科大讯飞,一种发音评测方法、装置、存储介质及设备,科大讯飞股份有限公司,2023103871107,CN116403606B,G10L25/60(2013.01);G10L15/02(2006.01);G10L15/26(2006.01),授权发明,授权,2025-09-05,,False,人工智能
002230.SZ,科大讯飞,一种假音检测方法、假音检测模型获取方法及相关设备,科大讯飞股份有限公司,2023104927260,CN116403603B,G10L25/51(2013.01);G10L17/04(2013.01);G10L17/18(2013.01),授权发明,授权,2025-09-05,,False,人工智能
002230.SZ,科大讯飞,表格识别方法、装置、设备、存储介质和程序产品,科大讯飞股份有限公司,2025106015973,CN120148057B,G06V30/412(2022.01);G06V30/146(2022.01);G06V30/19(2022.01);G06N20/00(2019.01),授权发明,授权,2025-09-05,,False,人工智能
002230.SZ,科大讯飞,混合专家网络训练方法、问答方法、相关设备及程序产品,科大讯飞股份有限公司,2025107374314,CN120258046B,G06N3/045(2023.01);G06N3/084(2023.01),授权发明,授权,2025-09-05,,False,人工智能
002230.SZ,科大讯飞,负样本确定方法、相关设备及可读存储介质,"科大讯飞股份有限公司,科大讯飞（北京）有限公司,河北省讯飞人工智能研究院",202111129021X,CN113849603B,G06F16/3329(2025.01);G06F16/3331(2025.01);G06F18/214(2023.01);G06N3/0455(2023.01),授权发明,授权,2025-09-09,,False,人工智能
002230.SZ,科大讯飞,一种语音识别方法、装置、设备及存储介质,科大讯飞股份有限公司,2022109827033,CN115394294B,G10L15/25(2013.01);G10L15/02(2006.01);G10L15/06(2013.01),授权发明,授权,2025-09-09,,False,人工智能
002230.SZ,科大讯飞,相似用户预测方法、装置、设备及存储介质,科大讯飞股份有限公司,2022117407791,CN115982465B,G06F16/9535(2019.01);G06Q10/04(2023.01),授权发明,授权,2025-09-09,,False,人工智能
002230.SZ,科大讯飞,车载产品短路测试设备,科大讯飞股份有限公司,2024226768632,CN223320508U,G01R31/00(2006.01);G01R1/20(2006.01),实用新型,授权,2025-09-09,,False,人工智能
002230.SZ,科大讯飞,搜索排序方法、设备及问答系统,科大讯飞股份有限公司,2025106002386,CN120123500B,G06F16/338(2019.01);G06F16/335(2019.01);G06F16/334(2025.01),授权发明,授权,2025-09-09,,False,人工智能
002230.SZ,科大讯飞,语音识别方法、装置、设备及产品,科大讯飞股份有限公司,2025106528917,CN120183383B,G10L15/00(2013.01);G10L15/02(2006.01);G10L15/06(2013.01);G10L15/183(2013.01);G10L15/26(2006.01),授权发明,授权,2025-09-09,,False,人工智能
002230.SZ,科大讯飞,多语种免切换交互方法、装置以及电子设备,科大讯飞股份有限公司,202310081913X,CN116486784B,G10L15/00(2013.01);G10L15/02(2006.01);G10L15/06(2013.01);G10L15/26(2006.01),授权发明,授权,2025-09-12,,False,人工智能
002230.SZ,科大讯飞,一种音频转换装置,科大讯飞股份有限公司,202422750523X,CN223334784U,H04R3/00(2006.01),实用新型,授权,2025-09-12,,False,人工智能
002230.SZ,科大讯飞,电子设备的桌面组件个性化编辑图形用户界面,科大讯飞股份有限公司,2024306834425,CN309492101S,14-04(14),外观设计,授权,2025-09-12,,False,人工智能
002230.SZ,科大讯飞,电子设备的音乐伴奏调节图形用户界面,科大讯飞股份有限公司,2024306865118,CN309492102S,14-04(14),外观设计,授权,2025-09-12,,False,人工智能
002230.SZ,科大讯飞,文本去重方法及相关装置,科大讯飞股份有限公司,202510618518X,CN120144548B,G06F16/174(2019.01),授权发明,授权,2025-09-12,,False,人工智能
002230.SZ,科大讯飞,基于MLA的序列处理方法及相关装置、系统和存储介质,科大讯飞股份有限公司,2025107819854,CN120296366B,G06F18/20(2023.01);G06F18/213(2023.01);G06F18/25(2023.01);G06N3/045(2023.01);G06N3/08(2023.01),授权发明,授权,2025-09-12,,False,人工智能
002230.SZ,科大讯飞,图像水印生成方法，图像水印生成装置及计算机存储介质,科大讯飞股份有限公司,2025109167183,CN120410831B,G06T1/00(2006.01);G06V10/80(2022.01);G06V10/82(2022.01);G06N3/0464(2023.01);G06N3/084(2023.01),授权发明,授权,2025-09-12,,False,人工智能
002230.SZ,科大讯飞,电脑主机,科大讯飞股份有限公司,2025300265247,CN309491821S,14-02(15),外观设计,授权,2025-09-12,,False,人工智能
002230.SZ,科大讯飞,网络检测方法及相关装置、电子设备和存储介质,科大讯飞股份有限公司,2024110862179,CN119155213B,H04L43/0805(2022.01);H04L41/5041(2022.01),授权发明,授权,2025-09-19,,False,人工智能
002230.SZ,科大讯飞,弈棋机器人的校准方法、装置及弈棋机器人,科大讯飞股份有限公司,2024112585289,CN119347747B,B25J9/16(2006.01);B25J11/00(2006.01),授权发明,授权,2025-09-19,,False,人工智能
002230.SZ,科大讯飞,校准装置、弈棋机器人及其校准方法,科大讯飞股份有限公司,2024112585293,CN119077732B,B25J9/16(2006.01);B25J11/00(2006.01),授权发明,授权,2025-09-19,,False,人工智能
002230.SZ,科大讯飞,音频播报方法、装置、系统、电子设备和存储介质,科大讯飞股份有限公司,2024117541145,CN119728658B,H04L65/80(2022.01);H04L65/60(2022.01);G10L13/02(2013.01);G10L19/012(2013.01),授权发明,授权,2025-09-19,,False,人工智能
002230.SZ,科大讯飞,移动机器人盲区感知方法、装置、移动机器人及存储介质,科大讯飞股份有限公司,2024118220781,CN119550397B,B25J19/02(2006.01);B25J9/16(2006.01),授权发明,授权,2025-09-19,,False,人工智能
002230.SZ,科大讯飞,任务执行方法、装置及机器人,科大讯飞股份有限公司,2024118520112,CN119589677B,B25J9/16(2006.01),授权发明,授权,2025-09-19,,False,人工智能
002230.SZ,科大讯飞,语音解耦方法、装置、电子设备、存储介质和程序产品,科大讯飞股份有限公司,2024119404439,CN119785775B,G10L15/08(2006.01);G10L15/18(2013.01);G10L19/04(2013.01);G10L19/008(2013.01);G10L25/51(2013.01),授权发明,授权,2025-09-19,,False,人工智能
002230.SZ,科大讯飞,基于多智能体强化学习的机器人控制方法、装置和设备,科大讯飞股份有限公司,2024119718544,CN119458375B,B25J9/16(2006.01),授权发明,授权,2025-09-19,,False,人工智能
002230.SZ,科大讯飞,运动吸嘴装置和对弈机器人,科大讯飞股份有限公司,2024224935946,CN223354270U,B25J11/00(2006.01);B25J15/06(2006.01),实用新型,授权,2025-09-19,,False,人工智能
002230.SZ,科大讯飞,户外机,科大讯飞股份有限公司,202422608029X,CN223364366U,H05K5/02(2006.01);H05K7/20(2006.01);H02S40/30(2014.01);H02N1/04(2006.01),实用新型,授权,2025-09-19,,False,人工智能
002230.SZ,科大讯飞,测试装置,科大讯飞股份有限公司,2024226905381,CN223361774U,G01M17/007(2006.01);G01D21/02(2006.01),实用新型,授权,2025-09-19,,False,人工智能
002230.SZ,科大讯飞,一种录音笔,科大讯飞股份有限公司,2024227684850,CN223362827U,G11C7/16(2006.01),实用新型,授权,2025-09-19,,False,人工智能
002230.SZ,科大讯飞,移动终端外壳及翻译机,科大讯飞股份有限公司,2024227791284,CN223362629U,G06F40/58(2020.01),实用新型,授权,2025-09-19,,False,人工智能
002230.SZ,科大讯飞,翻译对讲装置,科大讯飞股份有限公司,202422780804X,CN223364131U,H04B1/40(2015.01);H04B5/48(2024.01),实用新型,授权,2025-09-19,,False,人工智能
002230.SZ,科大讯飞,电子工牌及电子设备组件,科大讯飞股份有限公司,2024228187164,CN223349732U,A44C3/00(2006.01);G09F9/30(2006.01);G09F3/16(2006.01);G09F3/20(2006.01);F16M13/04(2006.01),实用新型,授权,2025-09-19,,False,人工智能
002230.SZ,科大讯飞,通信接口的转换电路和通信装置,科大讯飞股份有限公司,2024228802089,CN223362622U,G06F13/42(2006.01);H03K19/0175(2006.01),实用新型,授权,2025-09-19,,False,人工智能
002230.SZ,科大讯飞,铰链机构和电子设备,科大讯飞股份有限公司,2024228923115,CN223359673U,F16C11/04(2006.01),实用新型,授权,2025-09-19,,False,人工智能
002230.SZ,科大讯飞,词典笔,科大讯飞股份有限公司,2024229219783,CN223362660U,G06V30/142(2022.01);G06V10/94(2022.01),实用新型,授权,2025-09-19,,False,人工智能
002230.SZ,科大讯飞,IMU传感器动态精度测试装置,科大讯飞股份有限公司,2024229837403,CN223361462U,G01C25/00(2006.01),实用新型,授权,2025-09-19,,False,人工智能
002230.SZ,科大讯飞,语言模型训练方法、文本处理方法、装置、设备及介质,科大讯飞股份有限公司,2025106174113,CN120146200B,G06N5/04(2023.01);G06N3/045(2023.01);G06N3/096(2023.01),授权发明,授权,2025-09-19,,False,人工智能
002230.SZ,科大讯飞,交互方法、系统、设备及介质,科大讯飞股份有限公司,2025106691196,CN120196214B,G06F3/01(2006.01);G06N3/006(2023.01);G06N5/04(2023.01),授权发明,授权,2025-09-19,,False,人工智能
002230.SZ,科大讯飞,提问答复方法、系统和相关装置,"科大讯飞股份有限公司,科大讯飞（北京）有限公司",2025108389618,CN120353905B,G06F16/3329(2025.01);G06F16/334(2025.01);G06N3/006(2023.01);G06N5/04(2023.01),授权发明,授权,2025-09-19,,False,人工智能
002230.SZ,科大讯飞,语音合成方法、语音合成模型训练方法及相关装置,科大讯飞股份有限公司,2025108488100,CN120356452B,G10L13/033(2013.01);G10L13/08(2013.01);G10L13/04(2013.01);G10L25/03(2013.01);G06N3/092(2023.01),授权发明,授权,2025-09-19,,False,人工智能
002230.SZ,科大讯飞,录音手环,科大讯飞股份有限公司,2025300444463,CN309505269S,14-01(15),外观设计,授权,2025-09-19,,False,人工智能
002230.SZ,科大讯飞,录音笔,科大讯飞股份有限公司,2025300528064,CN309505279S,14-01(15),外观设计,授权,2025-09-19,,False,人工智能
002230.SZ,科大讯飞,录音笔,科大讯飞股份有限公司,2025300528079,CN309505280S,14-01(15),外观设计,授权,2025-09-19,,False,人工智能
002230.SZ,科大讯飞,录音笔,科大讯飞股份有限公司,2025300563320,CN309505290S,14-01(15),外观设计,授权,2025-09-19,,False,人工智能
002230.SZ,科大讯飞,录音笔,科大讯飞股份有限公司,2025300563335,CN309505291S,14-01(15),外观设计,授权,2025-09-19,,False,人工智能
002230.SZ,科大讯飞,录音笔,科大讯飞股份有限公司,202530056334X,CN309505292S,14-01(15),外观设计,授权,2025-09-19,,False,人工智能
002230.SZ,科大讯飞,视频帧处理方法、装置及其相关设备和存储介质,"科大讯飞股份有限公司,讯飞聆智（江苏）科技有限公司",2021110763451,CN114120163B,G06V20/40(2022.01);G06V10/22(2022.01);G06V10/26(2022.01);G06T7/13(2017.01);G06T7/194(2017.01);G06T7/11(2017.01);G06T3/4038(2024.01);G06T5/90(2024.01);G06T5/60(2024.01);G06N3/0455(2023.01),授权发明,授权,2025-09-23,,False,人工智能
002230.SZ,科大讯飞,语音翻译方法、装置、设备和计算机可读存储介质,"科大讯飞股份有限公司,中国科学技术大学",2021115902681,CN114358026B,G06F40/58(2020.01);G06F40/289(2020.01);G06N3/0464(2023.01);G06N3/08(2023.01);G10L15/26(2006.01),授权发明,授权,2025-09-23,,False,人工智能
002230.SZ,科大讯飞,状态检测方法、装置、电子设备及存储介质,"科大讯飞股份有限公司,讯飞智元信息科技有限公司,安徽大学",2022101740652,CN114529890B,G06V20/59(2022.01);G06V10/40(2022.01);G06V10/774(2022.01);G06V10/764(2022.01);G06V10/82(2022.01);G06N3/0464(2023.01);G06N3/08(2023.01),授权发明,授权,2025-09-23,,False,人工智能
002230.SZ,科大讯飞,机械臂、机械臂加工方法和对弈机器人,科大讯飞股份有限公司,2024115041915,CN119188804B,B25J11/00(2006.01);B25J18/00(2006.01);B25J15/08(2006.01),授权发明,授权,2025-09-23,,False,人工智能
002230.SZ,科大讯飞,语音分离方法、装置、系统、设备、存储介质和程序产品,科大讯飞股份有限公司,2024116519093,CN119626248B,G10L21/0272(2013.01);G10L21/028(2013.01);G10L25/03(2013.01);G10L25/51(2013.01);G06F18/213(2023.01),授权发明,授权,2025-09-23,,False,人工智能
002230.SZ,科大讯飞,语音合成方法、装置、电子设备和存储介质,科大讯飞股份有限公司,2024117541130,CN119785766B,G10L13/08(2013.01);G10L13/02(2013.01),授权发明,授权,2025-09-23,,False,人工智能
002230.SZ,科大讯飞,音频分离方法、系统和相关装置,科大讯飞股份有限公司,2024117813775,CN119864047B,G10L21/0272(2013.01);G10L15/06(2013.01);G10L17/04(2013.01),授权发明,授权,2025-09-23,,False,人工智能
002230.SZ,科大讯飞,语音合成方法、装置、电子设备和存储介质,科大讯飞股份有限公司,2024119065336,CN119763545B,G10L13/08(2013.01);G10L13/027(2013.01);G10L25/63(2013.01);G10L13/04(2013.01),授权发明,授权,2025-09-23,,False,人工智能
002230.SZ,科大讯飞,音素对齐方法、系统、电子设备及存储介质,科大讯飞股份有限公司,2024119513597,CN119724147B,G10L13/02(2013.01);G10L13/08(2013.01);G10L25/30(2013.01);G10L25/03(2013.01);G10L25/24(2013.01);G06N3/045(2023.01),授权发明,授权,2025-09-23,,False,人工智能
002230.SZ,科大讯飞,录音笔,科大讯飞股份有限公司,2024227113159,CN223377915U,G11C7/16(2006.01);G11B33/12(2006.01),实用新型,授权,2025-09-23,,False,人工智能
002230.SZ,科大讯飞,音频转换设备,科大讯飞股份有限公司,2024227991435,CN223379287U,H04R3/00(2006.01),实用新型,授权,2025-09-23,,False,人工智能
002230.SZ,科大讯飞,录音设备,科大讯飞股份有限公司,2024229070514,CN223377916U,G11C7/16(2006.01);H04R1/08(2006.01),实用新型,授权,2025-09-23,,False,人工智能
002230.SZ,科大讯飞,开合测试装置,科大讯飞股份有限公司,202422972402X,CN223376890U,G01M11/00(2006.01),实用新型,授权,2025-09-23,,False,人工智能
002230.SZ,科大讯飞,录音笔,科大讯飞股份有限公司,202530041160X,CN309512454S,14-01(15),外观设计,授权,2025-09-23,,False,人工智能
002230.SZ,科大讯飞,录音笔,科大讯飞股份有限公司,2025300411614,CN309512455S,14-01(15),外观设计,授权,2025-09-23,,False,人工智能
002230.SZ,科大讯飞,语音唤醒方法、装置、电子设备和计算机可读存储介质,科大讯飞股份有限公司,2024119409184,CN119811384B,G10L15/22(2006.01);G10L15/02(2006.01);G10L19/00(2013.01),授权发明,授权,2025-09-26,,False,人工智能
002230.SZ,科大讯飞,语音合成方法、系统、电子设备及存储介质,科大讯飞股份有限公司,2024119512378,CN119763546B,G10L13/08(2013.01);G10L13/027(2013.01);G10L13/04(2013.01),授权发明,授权,2025-09-26,,False,人工智能
002230.SZ,科大讯飞,电子设备耐久性测试装置,科大讯飞股份有限公司,2024219946692,CN223389835U,G01R31/00(2006.01);G01R1/04(2006.01);G01R1/02(2006.01);G01M99/00(2011.01);G01M13/00(2019.01),实用新型,授权,2025-09-26,,False,人工智能
002230.SZ,科大讯飞,一种机器翻译方法、装置、设备及存储介质,"科大讯飞股份有限公司,中国科学技术大学",2022108719898,CN115238714B,G06F40/58(2020.01);G06N20/00(2019.01),授权发明,授权,2025-09-30,,False,人工智能
002230.SZ,科大讯飞,机器人控制方法、装置、相关设备及计算机程序产品,科大讯飞股份有限公司,202411385134X,CN119188750B,B25J9/16(2006.01);B25J13/00(2006.01),授权发明,授权,2025-09-30,,False,人工智能
002230.SZ,科大讯飞,韩语文本发音预测、语音合成方法、相关设备及程序产品,科大讯飞股份有限公司,2024115313657,CN119339704B,G10L13/02(2013.01);G10L13/047(2013.01),授权发明,授权,2025-09-30,,False,人工智能
002230.SZ,科大讯飞,一种语音评测方法及相关装置,科大讯飞股份有限公司,202411557445X,CN119296544B,G10L15/26(2006.01);G10L25/60(2013.01);G10L15/00(2013.01);G10L15/02(2006.01),授权发明,授权,2025-09-30,,False,人工智能
002230.SZ,科大讯飞,一种语音识别方法及相关装置,科大讯飞股份有限公司,2024116357690,CN119400181B,G10L15/26(2006.01);G10L15/16(2006.01);G10L15/08(2006.01),授权发明,授权,2025-09-30,,False,人工智能
002230.SZ,科大讯飞,一种语音识别方法、装置、存储介质及设备,科大讯飞股份有限公司,2024119386591,CN119832896B,G10L15/02(2006.01);G10L15/06(2013.01);G10L25/30(2013.01);G10L25/03(2013.01);G06F18/213(2023.01);G06F18/214(2023.01);G06F18/25(2023.01),授权发明,授权,2025-09-30,,False,人工智能
002230.SZ,科大讯飞,一种语音识别方法、装置、存储介质及设备,科大讯飞股份有限公司,2024119386623,CN119851664B,G10L15/22(2006.01);G10L15/20(2006.01);G10L25/30(2013.01);G06F18/213(2023.01);G06F18/214(2023.01);G06F18/25(2023.01),授权发明,授权,2025-09-30,,False,人工智能
002230.SZ,科大讯飞,一种说话题评测方法及相关装置,科大讯飞股份有限公司,2025100239345,CN119724243B,G10L25/51(2013.01);G10L15/26(2006.01);G10L15/18(2013.01);G10L15/04(2013.01);G10L25/24(2013.01);G10L25/87(2013.01),授权发明,授权,2025-09-30,,False,人工智能
002230.SZ,科大讯飞,一种朗读题评测方法及相关装置,科大讯飞股份有限公司,2025100756214,CN119811430B,G10L25/51(2013.01);G10L25/60(2013.01);G10L15/02(2006.01);G10L15/06(2013.01),授权发明,授权,2025-09-30,,False,人工智能
002230.SZ,科大讯飞,一种图像合成方法及相关装置,科大讯飞股份有限公司,2025106787339,CN120198547B,G06T11/60(2006.01);G06T11/40(2006.01);G06T5/90(2024.01);G06T5/50(2006.01);G06T7/90(2017.01),授权发明,授权,2025-09-30,,False,人工智能
002230.SZ,科大讯飞,化学反应路径推理方法、装置、相关设备及程序产品,科大讯飞股份有限公司,2025108094382,CN120340650B,G16C20/10(2019.01);G16C20/70(2019.01);G06N5/022(2023.01);G06N5/04(2023.01);G06F16/36(2019.01),授权发明,授权,2025-09-30,,False,人工智能
002230.SZ,科大讯飞,大模型推理方法、装置、相关设备及计算机程序产品,科大讯飞股份有限公司,2025109010365,CN120430418B,G06N5/04(2023.01),授权发明,授权,2025-09-30,,False,人工智能
002230.SZ,科大讯飞,低光照图像增强方法、相关设备及可读存储介质,"科大讯飞股份有限公司,讯飞智元信息科技有限公司,安徽大学",2022101921179,CN114549362B,G06T5/00(2024.01);G06T5/60(2024.01);G06T5/40(2006.01);G06N3/0464(2023.01);G06V10/774(2022.01);G06V10/82(2022.01),授权发明,授权,2025-10-03,,False,人工智能
002230.SZ,科大讯飞,一种文本处理方法、装置、存储介质及设备,科大讯飞股份有限公司,202210300744X,CN114676239B,G06F16/3329(2025.01);G06F16/35(2025.01);G06F40/20(2020.01),授权发明,授权,2025-10-03,,False,人工智能
002230.SZ,科大讯飞,知识问答方法、装置、设备及存储介质,科大讯飞股份有限公司,2023106820709,CN116680384B,G06F16/3329(2025.01);G06F16/334(2025.01);G06F16/36(2019.01);G06N3/0455(2023.01);G06N3/08(2023.01),授权发明,授权,2025-10-03,,False,人工智能
002230.SZ,科大讯飞,医学超声领域知识库构建方法、相关设备及程序产品,"科大讯飞股份有限公司,科大讯飞（北京）有限公司",2025108319901,CN120338078B,G06F16/36(2019.01);G06N5/022(2023.01);G16H70/00(2018.01);G06F18/213(2023.01);G06F18/25(2023.01),授权发明,授权,2025-10-03,,False,人工智能
002230.SZ,科大讯飞,模型调度处理方法、装置、设备及存储介质,"科大讯飞股份有限公司,中国科学技术大学",2021112996969,CN113935472B,G06N3/04(2023.01);G06N5/04(2023.01),授权发明,授权,2025-10-10,,False,人工智能
002230.SZ,科大讯飞,图文联合纠错方法、装置、存储介质及计算机设备,"科大讯飞股份有限公司,科大讯飞（北京）有限公司",2021116514965,CN114241279B,G06V10/80(2022.01);G06F16/56(2019.01);G06F16/36(2019.01);G06F16/334(2025.01),授权发明,授权,2025-10-10,,False,人工智能
002230.SZ,科大讯飞,语音识别方法及装置、语音识别模型的训练方法及装置,科大讯飞股份有限公司,2021116740646,CN114242064B,G10L15/22(2006.01);G10L15/02(2006.01);G10L15/06(2013.01),授权发明,授权,2025-10-10,,False,人工智能
002230.SZ,科大讯飞,发音检错方法及装置、语音评分方法及装置,科大讯飞股份有限公司,202111678431X,CN114495986B,G10L25/60(2013.01);G10L15/08(2006.01);G10L15/05(2013.01);G10L15/02(2006.01),授权发明,授权,2025-10-10,,False,人工智能
002230.SZ,科大讯飞,目标跟踪方法和装置、电子设备、计算机可读存储介质,科大讯飞股份有限公司,2021116787036,CN114463368B,G06T7/20(2017.01);G06T7/62(2017.01),授权发明,授权,2025-10-10,,False,人工智能
002230.SZ,科大讯飞,一种盲文扫描笔以及盲文扫描方法,科大讯飞股份有限公司,2022107875155,CN115171113B,G06V30/142(2022.01);G06V30/148(2022.01);G06T3/4007(2024.01);G06F13/42(2006.01),授权发明,授权,2025-10-10,,False,人工智能
002230.SZ,科大讯飞,一种语音生成方法、装置、设备及存储介质,"科大讯飞股份有限公司,中国科学技术大学",202210867412X,CN115472185B,G11B20/10(2006.01);G10L13/027(2013.01),授权发明,授权,2025-10-10,,False,人工智能
002230.SZ,科大讯飞,一种视频字幕翻译方法、装置以及设备,科大讯飞股份有限公司,2022110273033,CN115393765B,G06V20/40(2022.01);G10L15/26(2006.01);G10L15/18(2013.01),授权发明,授权,2025-10-10,,False,人工智能
002230.SZ,科大讯飞,一种语音识别方法、装置、电子设备及存储介质,科大讯飞股份有限公司,2022111102662,CN115410559B,G10L15/06(2013.01);G10L15/07(2013.01);G10L15/26(2006.01);G10L17/02(2013.01);G10L17/06(2013.01);G10L25/30(2013.01),授权发明,授权,2025-10-10,,False,人工智能
002230.SZ,科大讯飞,视频超分方法、装置、存储介质及电子设备,科大讯飞股份有限公司,2022115749188,CN116156243B,H04N21/44(2011.01);H04N21/4788(2011.01);H04N21/234(2011.01);H04L65/60(2022.01);H04L65/403(2022.01),授权发明,授权,2025-10-10,,False,人工智能
002230.SZ,科大讯飞,方言识别方法、装置、设备及程序产品,科大讯飞股份有限公司,2024114866183,CN119517006B,G10L15/00(2013.01);G10L15/18(2013.01);G10L25/51(2013.01);G10L15/06(2013.01);G06F16/334(2025.01),授权发明,授权,2025-10-10,,False,人工智能
002230.SZ,科大讯飞,方言识别方法、装置、设备及计算机程序产品,科大讯飞股份有限公司,2024114866215,CN119446119B,G10L15/00(2013.01);G10L15/02(2006.01);G10L15/18(2013.01);G10L25/51(2013.01);G06F40/263(2020.01);G06F18/2415(2023.01);G06F40/30(2020.01);G06N3/0455(2023.01),授权发明,授权,2025-10-10,,False,人工智能
002230.SZ,科大讯飞,人机交互方法、装置、相关设备及计算机程序产品,科大讯飞股份有限公司,2024118811724,CN119428733B,B60W50/08(2020.01);B60W40/08(2012.01);G06V40/18(2022.01);G06V20/56(2022.01);G10L15/22(2006.01),授权发明,授权,2025-10-10,,False,人工智能
002230.SZ,科大讯飞,音频分离方法、人声提取方法、音频处理系统、电子设备及计算机程序产品,科大讯飞股份有限公司,2024119546016,CN119785816B,G10L21/0272(2013.01);G10L21/028(2013.01),授权发明,授权,2025-10-10,,False,人工智能
002230.SZ,科大讯飞,一种语音合成方法、装置、设备、介质及产品,科大讯飞股份有限公司,2024119551457,CN119785760B,G10L13/02(2013.01);G10L13/08(2013.01);G10L13/10(2013.01);G10L19/16(2013.01),授权发明,授权,2025-10-10,,False,人工智能
002230.SZ,科大讯飞,语音识别方法、装置、设备、系统及程序产品,科大讯飞股份有限公司,2024119723260,CN119864026B,G10L15/22(2006.01);G10L15/18(2013.01);G10L25/87(2013.01),授权发明,授权,2025-10-10,,False,人工智能
002230.SZ,科大讯飞,一种滚刷、扫地机,科大讯飞股份有限公司,2024219557590,CN223416163U,A47L11/40(2006.01);A47L11/24(2006.01),实用新型,授权,2025-10-10,,False,人工智能
002230.SZ,科大讯飞,扫描设备的开机电路及扫描设备,科大讯飞股份有限公司,2024226302295,CN223428482U,H04N1/00(2006.01);H04N1/04(2006.01),实用新型,授权,2025-10-10,,False,人工智能
002230.SZ,科大讯飞,穿戴部件及可穿戴设备,科大讯飞股份有限公司,2024226356789,CN223428568U,H04R25/00(2006.01);H04R1/02(2006.01),实用新型,授权,2025-10-10,,False,人工智能
002230.SZ,科大讯飞,温升测试装置,科大讯飞股份有限公司,2024228200718,CN223426109U,G01K13/00(2021.01),实用新型,授权,2025-10-10,,False,人工智能
002230.SZ,科大讯飞,一种夹具,科大讯飞股份有限公司,2024228611255,CN223419417U,B25B11/02(2006.01),实用新型,授权,2025-10-10,,False,人工智能
002230.SZ,科大讯飞,模型移植和语音任务处理方法、装置、设备、介质及产品,科大讯飞股份有限公司,2025100433970,CN120015037B,G10L15/30(2013.01);G10L15/06(2013.01);G10L15/16(2006.01);G10L15/22(2006.01);G10L15/25(2013.01);G10L25/30(2013.01);G10L25/63(2013.01),授权发明,授权,2025-10-10,,False,人工智能
002230.SZ,科大讯飞,一种语音意图识别方法及相关装置,科大讯飞股份有限公司,202510312047X,CN120015036B,G10L15/26(2006.01);G10L15/18(2013.01);G10L15/02(2006.01);G10L15/06(2013.01);G06F40/30(2020.01),授权发明,授权,2025-10-10,,False,人工智能
002230.SZ,科大讯飞,一种任务处理方法、装置、设备及产品,科大讯飞股份有限公司,2025107988299,CN120317030B,G06F30/20(2020.01);G06F17/13(2006.01);G06N3/092(2023.01);G06N3/0499(2023.01);G06N3/0455(2023.01);G06N3/0895(2023.01);G06N3/048(2023.01);G06F119/14(2020.01);G06F119/08(2020.01);G06F119/12(2020.01);G06F119/02(2020.01);G06F111/04(2020.01);G06F111/10(2020.01),授权发明,授权,2025-10-10,,False,人工智能
002230.SZ,科大讯飞,一种知识图谱构建方法、装置、设备及产品,科大讯飞股份有限公司,2025108478931,CN120353940B,G06F16/36(2019.01);G06F16/31(2019.01);G06N5/02(2023.01),授权发明,授权,2025-10-10,,False,人工智能
002230.SZ,科大讯飞,信息展示方法及相关装置、设备、服务器、系统和介质,科大讯飞股份有限公司,2022105157795,CN115062245B,G06F16/9538(2019.01);G06F16/9535(2019.01),授权发明,授权,2025-10-14,,False,人工智能
002230.SZ,科大讯飞,语音识别方法及相关装置、电子设备、存储介质,"科大讯飞股份有限公司,中国科学技术大学",2022107466505,CN115019773B,G10L15/00(2013.01);G10L15/06(2013.01),授权发明,授权,2025-10-14,,False,人工智能
002230.SZ,科大讯飞,语音同传方法、装置、介质及设备,科大讯飞股份有限公司,2024119059388,CN119785778B,G10L15/18(2013.01);G10L25/87(2013.01);G10L25/45(2013.01);G10L25/03(2013.01);G10L15/02(2006.01);G10L15/16(2006.01);G06F40/58(2020.01),授权发明,授权,2025-10-14,,False,人工智能
002230.SZ,科大讯飞,一种大屏附属装置,科大讯飞股份有限公司,202422922016X,CN223436327U,G09F27/00(2006.01);H05K5/02(2006.01),实用新型,授权,2025-10-14,,False,人工智能
002230.SZ,科大讯飞,功率放大电路和车载系统,科大讯飞股份有限公司,2024229566628,CN223437064U,H03F3/21(2006.01);H02H9/02(2006.01);H03F1/52(2006.01),实用新型,授权,2025-10-14,,False,人工智能
002230.SZ,科大讯飞,基于焦点信息的语音合成方法、装置、设备和存储介质,"科大讯飞股份有限公司,中国科学技术大学",2021116776614,CN114299913B,G10L13/02(2013.01);G10L13/10(2013.01),授权发明,授权,2025-10-17,,False,人工智能
002230.SZ,科大讯飞,手势识别方法、手势交互方法及相关装置、设备和介质,科大讯飞股份有限公司,2022107024586,CN115223194B,G06V40/10(2022.01);G06V10/40(2022.01);G06V10/764(2022.01);G06F3/01(2006.01),授权发明,授权,2025-10-17,,False,人工智能
002230.SZ,科大讯飞,机器人建图方法及相关装置、机器人和存储介质,科大讯飞股份有限公司,2024117536452,CN119845246B,G01C21/00(2006.01),授权发明,授权,2025-10-17,,False,人工智能
002230.SZ,科大讯飞,音乐转换方法及相关装置、设备和存储介质,科大讯飞股份有限公司,2024118025632,CN119811403B,G10L21/013(2013.01);G10L25/18(2013.01);G10L25/24(2013.01);G10L25/30(2013.01);G10H1/00(2006.01),授权发明,授权,2025-10-17,,False,人工智能
002230.SZ,科大讯飞,解码网络的插词方法、装置、电子设备和存储介质,科大讯飞股份有限公司,2024119406063,CN119785771B,G10L15/04(2013.01);G06F9/50(2006.01);G06F9/445(2018.01);G10L15/26(2006.01);G10L15/28(2013.01),授权发明,授权,2025-10-17,,False,人工智能
002230.SZ,科大讯飞,安全回复生成方法及相关装置、设备和存储介质,科大讯飞股份有限公司,2025108389622,CN120408414B,G06F18/2431(2023.01);G06F18/2415(2023.01);G06F18/25(2023.01);G06F16/3329(2025.01);G06F16/334(2025.01);G06F16/353(2025.01);G06F18/21(2023.01);G06F40/30(2020.01);G06N5/022(2023.01);G06N5/04(2023.01);G06N3/0455(2023.01);G06N3/096(2023.01);G06N3/048(2023.01),授权发明,授权,2025-10-17,,False,人工智能
002230.SZ,科大讯飞,目标文本的音素定位方法及相关装置,科大讯飞股份有限公司,2025108488168,CN120375803B,G10L13/08(2013.01);G10L13/02(2013.01);G10L13/04(2013.01);G10L25/51(2013.01),授权发明,授权,2025-10-17,,False,人工智能
002230.SZ,科大讯飞,一种音频处理方法，音频处理装置以及计算机存储介质,科大讯飞股份有限公司,2025108730674,CN120390183B,G10L21/0216(2013.01);G10L21/0232(2013.01);H04R3/00(2006.01),授权发明,授权,2025-10-17,,False,人工智能
002230.SZ,科大讯飞,麦克风,科大讯飞股份有限公司,2025300893570,CN309547312S,14-01(15),外观设计,授权,2025-10-17,,False,人工智能
002230.SZ,科大讯飞,图像的处理方法、装置、电子设备、扫描笔和存储介质,科大讯飞股份有限公司,2022107165758,CN115187989B,G06V30/14(2022.01);G06V30/142(2022.01);G06V30/148(2022.01);G06T3/4038(2024.01);G06T5/50(2006.01),授权发明,授权,2025-10-21,,False,人工智能
002230.SZ,科大讯飞,语音增广方法及相关方法、装置、设备和存储介质,科大讯飞股份有限公司,202411272598X,CN119360824B,G10L13/08(2013.01);G10L13/033(2013.01);G10L17/02(2013.01),授权发明,授权,2025-10-21,,False,人工智能
002230.SZ,科大讯飞,语音翻译方法、电子设备及计算机可读存储介质,科大讯飞股份有限公司,2024114938139,CN119400169B,G10L15/22(2006.01);G10L15/26(2006.01);G10L15/02(2006.01);G10L15/06(2013.01);G10L15/18(2013.01);G06F40/58(2020.01),授权发明,授权,2025-10-21,,False,人工智能
002230.SZ,科大讯飞,麦克风,科大讯飞股份有限公司,2025301246328,CN309553801S,14-01(15),外观设计,授权,2025-10-21,,False,人工智能
002230.SZ,科大讯飞,麦克风,科大讯飞股份有限公司,2025301246332,CN309553802S,14-01(15),外观设计,授权,2025-10-21,,False,人工智能
002230.SZ,科大讯飞,设备破裂检测方法、装置、电子设备和存储介质,科大讯飞股份有限公司,2022117303082,CN116046888B,G01N29/04(2006.01);G01N29/12(2006.01);G01N29/22(2006.01),授权发明,授权,2025-10-24,,False,人工智能
002230.SZ,科大讯飞,制品追溯方法及相关装置、设备和存储介质,科大讯飞股份有限公司,2024116368943,CN119579191B,G06Q30/018(2023.01);G06Q50/04(2012.01),授权发明,授权,2025-10-24,,False,人工智能
002230.SZ,科大讯飞,基于多媒体数据的任务执行方法及相关装置、设备和介质,科大讯飞股份有限公司,2025110915217,CN120597239B,G06F18/27(2023.01);G06N3/045(2023.01);G06F18/25(2023.01),授权发明,授权,2025-10-28,,False,人工智能
002230.SZ,科大讯飞,录音笔,科大讯飞股份有限公司,2025300411582,CN309567358S,14-01(15),外观设计,授权,2025-10-28,,False,人工智能
002230.SZ,科大讯飞,一种基于先验位置信息的医学影像分析方法,"科大讯飞股份有限公司,安徽影联云享医疗科技有限公司,讯飞医疗科技股份有限公司,科大讯飞华南人工智能研究院（广州）有限公司",2024119741521,CN119941648B,G06T7/00(2017.01);G16H15/00(2018.01);G06V10/44(2022.01);G06V10/764(2022.01);G06V10/26(2022.01);G06V20/70(2022.01),授权发明,授权,2025-10-31,,False,人工智能
002230.SZ,科大讯飞,一种基于大模型的病灶定位方法,"科大讯飞股份有限公司,安徽影联云享医疗科技有限公司,讯飞医疗科技股份有限公司,科大讯飞华南人工智能研究院（广州）有限公司",2024119741610,CN119941649B,G06T7/00(2017.01);G06T7/11(2017.01);G06T7/73(2017.01);G06N3/045(2023.01);G06N5/04(2023.01);G06N5/022(2023.01);G06V20/70(2022.01);G06V10/42(2022.01);G06V10/82(2022.01),授权发明,授权,2025-10-31,,False,人工智能
002230.SZ,科大讯飞,语音指令的流式识别方法、装置、介质及设备,科大讯飞股份有限公司,2025100502913,CN119889316B,G10L15/22(2006.01);G10L15/18(2013.01);G10L15/183(2013.01),授权发明,授权,2025-11-04,,False,人工智能
002230.SZ,科大讯飞,一种语音识别方法及其相关产品,科大讯飞股份有限公司,2022109451006,CN115312041B,G10L15/08(2006.01);G10L15/02(2006.01),授权发明,授权,2025-11-07,,False,人工智能
002230.SZ,科大讯飞,消息发送方法、装置、设备、存储介质及消息传输系统,科大讯飞股份有限公司,202211096213X,CN115842797B,H04L51/214(2022.01),授权发明,授权,2025-11-07,,False,人工智能
002230.SZ,科大讯飞,语音识别方法、装置、设备及存储介质,科大讯飞股份有限公司,2022111341057,CN115512695B,G10L15/06(2013.01);G10L15/08(2006.01);G10L15/26(2006.01),授权发明,授权,2025-11-07,,False,人工智能
002230.SZ,科大讯飞,摄食强度检测方法及相关装置、设备和存储介质,"科大讯飞股份有限公司,南方海洋科学与工程广东省实验室（湛江）",2024112366474,CN119323970B,G10L25/03(2013.01);G10L25/30(2013.01);G10L25/51(2013.01),授权发明,授权,2025-11-07,,False,人工智能
002230.SZ,科大讯飞,一种大屏设备,科大讯飞股份有限公司,2024229220155,CN223528208U,H04R9/06(2006.01);H04R9/02(2006.01),实用新型,授权,2025-11-07,,False,人工智能
002230.SZ,科大讯飞,混合语音发音序列生成方法和模型训练方法、相关装置,科大讯飞股份有限公司,2025100369705,CN120071893B,G10L15/00(2013.01);G10L15/06(2013.01);G10L15/02(2006.01);G10L15/26(2006.01),授权发明,授权,2025-11-07,,False,人工智能
002230.SZ,科大讯飞,同传翻译训练数据生成方法、相关设备及程序产品,科大讯飞股份有限公司,2025109845707,CN120493956B,G06F40/58(2020.01);G06F40/194(2020.01),授权发明,授权,2025-11-07,,False,人工智能
002230.SZ,科大讯飞,录音笔,科大讯飞股份有限公司,2025301509499,CN309587910S,14-01(15),外观设计,授权,2025-11-07,,False,人工智能
002230.SZ,科大讯飞,一种日语全键盘输入方法、装置以及电子设备,"科大讯飞股份有限公司,中国科学技术大学",2021111621509,CN113867546B,G06F3/023(2006.01),授权发明,授权,2025-11-11,,False,人工智能
002230.SZ,科大讯飞,一种语音合成方法、装置、设备及存储介质,"科大讯飞股份有限公司,中国科学技术大学",2022102527042,CN114708847B,G10L13/02(2013.01);G10L13/08(2013.01),授权发明,授权,2025-11-11,,False,人工智能
002230.SZ,科大讯飞,一种语音翻译方法、装置、存储介质及设备,科大讯飞股份有限公司,2025103049713,CN120108399B,G10L15/26(2006.01);G10L15/16(2006.01);G06F40/58(2020.01),授权发明,授权,2025-11-11,,False,人工智能
002230.SZ,科大讯飞,公式识别及模型训练方法、装置、相关设备及程序产品,科大讯飞股份有限公司,2025110511567,CN120544225B,G06V30/42(2022.01);G06V30/24(2022.01);G06V10/82(2022.01);G06N3/045(2023.01);G06N3/09(2023.01),授权发明,授权,2025-11-11,,False,人工智能
002230.SZ,科大讯飞,用于识别图像中目标对象的方法、装置和设备,"科大讯飞股份有限公司,北京航空航天大学",2022107583161,CN115240135B,G06V20/52(2022.01);G06V10/80(2022.01);G06N3/0464(2023.01);G06N3/082(2023.01);G06V10/82(2022.01),授权发明,授权,2025-11-14,,False,人工智能
002230.SZ,科大讯飞,实体识别模型训练方法、实体识别方法、装置及相关设备,"科大讯飞股份有限公司,讯飞智元信息科技有限公司",2022107995072,CN114936558B,G06N3/0985(2023.01);G06N3/084(2023.01);G06F40/295(2020.01);G06N5/022(2023.01);G06N5/04(2023.01);G06N3/045(2023.01);G06F40/30(2020.01);G06F16/36(2019.01);G06F16/3329(2025.01),授权发明,授权,2025-11-14,,False,人工智能
002230.SZ,科大讯飞,知识问答方法、装置、设备及存储介质,科大讯飞股份有限公司,2023105063330,CN116561277B,G06F16/3329(2025.01);G06F3/0483(2013.01);G06F16/583(2019.01),授权发明,授权,2025-11-14,,False,人工智能
002230.SZ,科大讯飞,NPU测试方法及相关装置、设备和存储介质,"科大讯飞股份有限公司,合肥智能语音创新发展有限公司",2023109980860,CN117112328B,G06F11/22(2006.01);G06F11/26(2006.01),授权发明,授权,2025-11-14,,False,人工智能
002230.SZ,科大讯飞,户外设备,科大讯飞股份有限公司,202422228471X,CN223553619U,H05K7/20(2006.01);H05K5/02(2006.01),实用新型,授权,2025-11-14,,False,人工智能
002230.SZ,科大讯飞,教育大屏,科大讯飞股份有限公司,202422567445X,CN223552234U,G09F27/00(2006.01);H04R3/00(2006.01);G09F9/30(2006.01);G09B5/06(2006.01),实用新型,授权,2025-11-14,,False,人工智能
002230.SZ,科大讯飞,摄像机构及电子设备,科大讯飞股份有限公司,2024229666128,CN223553396U,H04N23/57(2023.01),实用新型,授权,2025-11-14,,False,人工智能
002230.SZ,科大讯飞,一种录音笔,科大讯飞股份有限公司,2024229816799,CN223552253U,G11C7/16(2006.01),实用新型,授权,2025-11-14,,False,人工智能
002230.SZ,科大讯飞,翻转摄像头及电子设备,科大讯飞股份有限公司,2024229926089,CN223553382U,H04N23/50(2023.01);H04N23/57(2023.01);H04N23/667(2023.01);H04N23/695(2023.01);H04M1/02(2006.01),实用新型,授权,2025-11-14,,False,人工智能
002230.SZ,科大讯飞,翻转摄像头及电子设备,科大讯飞股份有限公司,2024229934916,CN223553383U,H04N23/50(2023.01);H04N23/57(2023.01);H04N23/667(2023.01);H04N23/695(2023.01);H04M1/02(2006.01),实用新型,授权,2025-11-14,,False,人工智能
002230.SZ,科大讯飞,翻转摄像头及电子设备,科大讯飞股份有限公司,2024229934988,CN223553384U,H04N23/50(2023.01);H04N23/57(2023.01);H04N23/667(2023.01);H04N23/695(2023.01);H04M1/02(2006.01),实用新型,授权,2025-11-14,,False,人工智能
002230.SZ,科大讯飞,助听器充电仓及助听器组件,科大讯飞股份有限公司,2024230875336,CN223553464U,H04R25/00(2006.01),实用新型,授权,2025-11-14,,False,人工智能
002230.SZ,科大讯飞,电子设备装配夹具,科大讯飞股份有限公司,2024231165599,CN223545124U,B25B11/02(2006.01),实用新型,授权,2025-11-14,,False,人工智能
002230.SZ,科大讯飞,电子设备的辅助教学图形用户界面,科大讯飞股份有限公司,202430542538X,CN309603629S,14-04(14),外观设计,授权,2025-11-14,,False,人工智能
002230.SZ,科大讯飞,电子设备的阅读辅导图形用户界面,科大讯飞股份有限公司,202430670164X,CN309603653S,14-04(14),外观设计,授权,2025-11-14,,False,人工智能
002230.SZ,科大讯飞,模型训练数据的生成方法、装置、设备、介质和程序产品,科大讯飞股份有限公司,2025109636877,CN120447886B,G06F8/35(2018.01),授权发明,授权,2025-11-14,,False,人工智能
002230.SZ,科大讯飞,录音笔,科大讯飞股份有限公司,2025301737546,CN309603229S,14-01(15),外观设计,授权,2025-11-14,,False,人工智能
002230.SZ,科大讯飞,录音笔,科大讯飞股份有限公司,2025301737550,CN309603230S,14-01(15),外观设计,授权,2025-11-14,,False,人工智能
002230.SZ,科大讯飞,多模态生物识别设备,科大讯飞股份有限公司,2025301914199,CN309601984S,10-05(15),外观设计,授权,2025-11-14,,False,人工智能
002230.SZ,科大讯飞,电子笔及其主体及其笔帽,科大讯飞股份有限公司,202530191939X,CN309604474S,19-06(15),外观设计,授权,2025-11-14,,False,人工智能
002230.SZ,科大讯飞,智能笔,科大讯飞股份有限公司,2025301958229,CN309603466S,14-02(15),外观设计,授权,2025-11-14,,False,人工智能
002230.SZ,科大讯飞,录音手环,科大讯飞股份有限公司,2025302034459,CN309603313S,14-01(15),外观设计,授权,2025-11-14,,False,人工智能
002230.SZ,科大讯飞,发声者识别方法、装置、电子设备和存储介质,科大讯飞股份有限公司,2021116468384,CN114333846B,G10L17/02(2013.01);G10L17/04(2013.01);G10L17/18(2013.01),授权发明,授权,2025-11-18,,False,人工智能
002230.SZ,科大讯飞,数据处理方法、装置、电子设备和存储介质,科大讯飞股份有限公司,2022102728041,CN114936196B,G06F16/21(2019.01);G06F16/2458(2019.01);G06F16/28(2019.01),授权发明,授权,2025-11-18,,False,人工智能
002230.SZ,科大讯飞,通信配置方法、联邦学习方法、装置、电子设备和介质,科大讯飞股份有限公司,2022114361673,CN115913933B,H04L41/0803(2022.01);H04L41/08(2022.01);H04L61/4511(2022.01);H04L67/56(2022.01),授权发明,授权,2025-11-18,,False,人工智能
002230.SZ,科大讯飞,图像编解码方法、装置、电子设备和存储介质,科大讯飞股份有限公司,2023100921833,CN116112679B,H04N19/186(2014.01),授权发明,授权,2025-11-18,,False,人工智能
002230.SZ,科大讯飞,全时免唤醒方法、装置、设备及介质,科大讯飞股份有限公司,2024116030354,CN119832901B,G10L15/10(2006.01);G10L15/22(2006.01),授权发明,授权,2025-11-18,,False,人工智能
002230.SZ,科大讯飞,变压器状态识别方法、装置、电子设备和存储介质,"科大讯飞股份有限公司,合肥智能语音创新发展有限公司,浙江潮汐力科技有限公司",2024116107197,CN119763604B,G10L25/51(2013.01);G10L25/30(2013.01),授权发明,授权,2025-11-18,,False,人工智能
002230.SZ,科大讯飞,啸叫检测方法、装置、设备及介质,科大讯飞股份有限公司,2024117373421,CN119763598B,G10L21/0232(2013.01);G10L25/21(2013.01);G10L25/51(2013.01);G10L25/18(2013.01);G10L21/0264(2013.01),授权发明,授权,2025-11-18,,False,人工智能
002230.SZ,科大讯飞,离线个性化声纹学习方法及说话人分离方法,科大讯飞股份有限公司,2024117541075,CN119785801B,G10L17/04(2013.01);G10L17/18(2013.01),授权发明,授权,2025-11-18,,False,人工智能
002230.SZ,科大讯飞,碰撞检测方法、装置及车辆,科大讯飞股份有限公司,2024117541107,CN119773747B,B60W30/095(2012.01);G06T7/207(2017.01);G08G1/16(2006.01),授权发明,授权,2025-11-18,,False,人工智能
002230.SZ,科大讯飞,语音分离方法、装置、系统、电子设备和存储介质,科大讯飞股份有限公司,2024117594392,CN119785815B,G10L21/0272(2013.01),授权发明,授权,2025-11-18,,False,人工智能
002230.SZ,科大讯飞,声浪合成方法、装置、电子设备及存储介质,科大讯飞股份有限公司,2024117686820,CN119741907B,G10L13/02(2013.01);G10L13/047(2013.01),授权发明,授权,2025-11-18,,False,人工智能
002230.SZ,科大讯飞,视线估计方法、装置、电子设备和存储介质,科大讯飞股份有限公司,2024118216076,CN119850719B,G06T7/73(2017.01);G06V40/16(2022.01);G06V40/18(2022.01);G06V10/80(2022.01);G06V10/82(2022.01);G06N3/0455(2023.01),授权发明,授权,2025-11-18,,False,人工智能
002230.SZ,科大讯飞,车辆蛇形行驶检测方法、装置、电子设备和存储介质,科大讯飞股份有限公司,2024119139240,CN119821415B,B60W40/10(2012.01);B60W30/18(2012.01);G06V10/774(2022.01);G06V10/764(2022.01);G06V10/46(2022.01),授权发明,授权,2025-11-18,,False,人工智能
002230.SZ,科大讯飞,语音合成方法及装置,科大讯飞股份有限公司,2024119362898,CN119864008B,G10L13/02(2013.01);G10L13/06(2013.01);G10L13/08(2013.01);G10L25/27(2013.01);G06N3/0455(2023.01),授权发明,授权,2025-11-18,,False,人工智能
002230.SZ,科大讯飞,语音翻译同传方法、装置、翻译机及存储介质,科大讯飞股份有限公司,2024119718351,CN119811386B,G10L15/22(2006.01);G10L15/26(2006.01);G10L13/02(2013.01),授权发明,授权,2025-11-18,,False,人工智能
002230.SZ,科大讯飞,音频调音设备,科大讯飞股份有限公司,2024226202140,CN223567769U,H04R3/00(2006.01),实用新型,授权,2025-11-18,,False,人工智能
002230.SZ,科大讯飞,车载功放器及车载音响系统,科大讯飞股份有限公司,2024228187291,CN223567772U,H04R9/06(2006.01);H04R9/02(2006.01);H05K7/20(2006.01),实用新型,授权,2025-11-18,,False,人工智能
002230.SZ,科大讯飞,拾音设备语音交互测试系统,科大讯飞股份有限公司,2024228723570,CN223567795U,H04R29/00(2006.01),实用新型,授权,2025-11-18,,False,人工智能
002230.SZ,科大讯飞,音频测试设备及音频测试系统,科大讯飞股份有限公司,2024228723710,CN223567796U,H04R29/00(2006.01),实用新型,授权,2025-11-18,,False,人工智能
002230.SZ,科大讯飞,温升测试箱和温升测试系统,科大讯飞股份有限公司,202422958151X,CN223565806U,G01R31/00(2006.01);H04M1/24(2006.01);G01R1/04(2006.01);G01J5/48(2022.01),实用新型,授权,2025-11-18,,False,人工智能
002230.SZ,科大讯飞,功放支架测试治具,科大讯飞股份有限公司,2024230413055,CN223564886U,G01B5/00(2006.01);G01B5/28(2006.01),实用新型,授权,2025-11-18,,False,人工智能
002230.SZ,科大讯飞,电子设备,科大讯飞股份有限公司,2024231180211,CN223563885U,F16M11/06(2006.01);G09B5/00(2006.01);G09B5/06(2006.01);F16M11/18(2006.01);H04N23/695(2023.01),实用新型,授权,2025-11-18,,False,人工智能
002230.SZ,科大讯飞,一种天线模组及电子设备,科大讯飞股份有限公司,2024231180230,CN223566886U,H01Q1/44(2006.01);H01Q3/02(2006.01);H01Q1/50(2006.01);H01Q1/48(2006.01);H01Q1/22(2006.01);H01Q1/36(2006.01),实用新型,授权,2025-11-18,,False,人工智能
002230.SZ,科大讯飞,域控制器壳体和域控制器,科大讯飞股份有限公司,2024231180315,CN223567973U,H05K7/20(2006.01),实用新型,授权,2025-11-18,,False,人工智能
002230.SZ,科大讯飞,一种扫描笔,科大讯飞股份有限公司,2024231460975,CN223566173U,G06V30/142(2022.01);H04N23/695(2023.01),实用新型,授权,2025-11-18,,False,人工智能
002230.SZ,科大讯飞,声音转换模型训练方法、声音转换方法及装置,科大讯飞股份有限公司,2025100032890,CN119763590B,G10L21/013(2013.01);G10L15/06(2013.01);G10L15/02(2006.01),授权发明,授权,2025-11-18,,False,人工智能
002230.SZ,科大讯飞,扬声器语音增强方法、装置、电子设备及存储介质,科大讯飞股份有限公司,2025110546551,CN120564744B,G10L21/0232(2013.01);G10L21/0264(2013.01);G10L21/0332(2013.01);G10L25/30(2013.01);G10K11/178(2006.01),授权发明,授权,2025-11-18,,False,人工智能
002230.SZ,科大讯飞,折叠支架,科大讯飞股份有限公司,2025301958233,CN309612893S,14-06(15),外观设计,授权,2025-11-18,,False,人工智能
002230.SZ,科大讯飞,语义理解方法、装置、电子设备和存储介质,"科大讯飞股份有限公司,中国科学技术大学",2021115652830,CN114254656B,G06F40/35(2020.01);G06F16/3329(2025.01),授权发明,授权,2025-11-21,,False,人工智能
002230.SZ,科大讯飞,标签提取方法、装置、电子设备和存储介质,"科大讯飞股份有限公司,讯飞智元信息科技有限公司",2022105573343,CN115062621B,G06F40/30(2020.01);G06F16/355(2025.01),授权发明,授权,2025-11-21,,False,人工智能
002230.SZ,科大讯飞,手势识别方法、模型构建方法、设备及存储介质,科大讯飞股份有限公司,2022109575155,CN115457650B,G06V40/20(2022.01);G06V10/80(2022.01);G06V10/46(2022.01);G06V10/82(2022.01),授权发明,授权,2025-11-21,,False,人工智能
002230.SZ,科大讯飞,基于车载输入法的手写输入候选快速预判方法及电子设备,科大讯飞股份有限公司,202211228695X,CN115543100B,G06F3/023(2006.01);G06F40/274(2020.01),授权发明,授权,2025-11-21,,False,人工智能
002230.SZ,科大讯飞,远程运维方法及相关装置、设备、系统和存储介质,科大讯飞股份有限公司,2024116742151,CN119496688B,H04L41/046(2022.01);H04L41/28(2022.01);H04L43/12(2022.01);H04L41/0803(2022.01),授权发明,授权,2025-11-21,,False,人工智能
002230.SZ,科大讯飞,车辆降噪装置和车载系统,科大讯飞股份有限公司,2025202322376,CN223582685U,G10K11/178(2006.01),实用新型,授权,2025-11-21,,False,人工智能
002230.SZ,科大讯飞,目标程序压力测试装置,科大讯飞股份有限公司,2025202961929,CN223582474U,G06F11/3668(2025.01),实用新型,授权,2025-11-21,,False,人工智能
002230.SZ,科大讯飞,双轴铰链机构和电子设备,科大讯飞股份有限公司,2025204380605,CN223578520U,F16C11/12(2006.01);H05K5/02(2006.01);H04M1/02(2006.01);G06F1/16(2006.01),实用新型,授权,2025-11-21,,False,人工智能
002230.SZ,科大讯飞,耳机组件,科大讯飞股份有限公司,2025301737565,CN309622330S,14-01(15),外观设计,授权,2025-11-21,,False,人工智能
002230.SZ,科大讯飞,电子笔及其主体,科大讯飞股份有限公司,2025301919402,CN309623609S,19-06(15),外观设计,授权,2025-11-21,,False,人工智能
002230.SZ,科大讯飞,虚拟形象生成方法、虚拟形象生成系统和计算设备,科大讯飞股份有限公司,2021114044077,CN114359517B,G06T19/00(2011.01);G06V40/16(2022.01);G06F16/36(2019.01);G06N3/0442(2023.01);G06N3/045(2023.01);G06N3/0475(2023.01);G10L25/48(2013.01),授权发明,授权,2025-11-25,,False,人工智能
002230.SZ,科大讯飞,语音唤醒方法、声学模型的训练方法及相关装置,"科大讯飞股份有限公司,中国科学技术大学",2022106592939,CN115223555B,G10L15/22(2006.01);G10L15/08(2006.01);G10L15/06(2013.01);G10L15/02(2006.01);G06F18/24(2023.01);G06F9/4401(2018.01);G06F18/241(2023.01);G06N3/0464(2023.01);G06N3/084(2023.01);G06N3/096(2023.01),授权发明,授权,2025-11-25,,False,人工智能
002230.SZ,科大讯飞,一种基于大模型视频描述的多模态情感分析方法及系统,"科大讯飞股份有限公司,浙江师范大学",2023112158477,CN117237774B,G06V10/80(2022.01);G06V10/44(2022.01);G06V20/40(2022.01);G06V10/764(2022.01);G06N3/0455(2023.01);G06N3/0464(2023.01);G06N3/044(2023.01);G06N3/048(2023.01);G06N3/09(2023.01),授权发明,授权,2025-11-25,,False,人工智能
002230.SZ,科大讯飞,水印添加方法、水印检测方法、水印处理装置及存储介质,科大讯飞股份有限公司,202411753584X,CN119885118B,G06F21/16(2013.01);G06F17/16(2006.01);G06F17/18(2006.01),授权发明,授权,2025-11-28,,False,人工智能
002230.SZ,科大讯飞,一种车载功率放大器,科大讯飞股份有限公司,2024230728110,CN223613299U,H03F3/20(2006.01),实用新型,授权,2025-11-28,,False,人工智能
002230.SZ,科大讯飞,电子设备的客户服务图形用户界面的电话工具条,科大讯飞股份有限公司,2024306121042,CN309639483S,14-04(14),外观设计,授权,2025-11-28,,False,人工智能
002230.SZ,科大讯飞,评分方法、装置、设备及计算机介质,科大讯飞股份有限公司,2025101851409,CN120048292B,G10L25/69(2013.01);G10L15/00(2013.01);G10L15/187(2013.01),授权发明,授权,2025-11-28,,False,人工智能
002230.SZ,科大讯飞,测试工装和测试系统,科大讯飞股份有限公司,2025203307496,CN223611698U,G01S7/02(2006.01);G01S7/40(2006.01),实用新型,授权,2025-11-28,,False,人工智能
002230.SZ,科大讯飞,手语生成方法、装置、电子设备、存储介质及产品,科大讯飞股份有限公司,2024114859546,CN119418714B,G10L21/10(2013.01);G10L21/16(2013.01);G10L21/057(2013.01);G10L25/63(2013.01);G06V40/20(2022.01);G06V40/16(2022.01);G06N3/0455(2023.01);G06N3/098(2023.01);G06F18/24(2023.01);G10L21/06(2013.01),授权发明,授权,2025-12-05,,False,人工智能
002230.SZ,科大讯飞,生成问题答案的方法、电子设备及计算机程序产品,科大讯飞股份有限公司,2025102472221,CN119808962B,G06N5/04(2023.01);G06N5/01(2023.01),授权发明,授权,2025-12-05,,False,人工智能
002230.SZ,科大讯飞,电子设备的健康咨询图形用户界面,科大讯飞股份有限公司,2025300205335,CN309652651S,14-04(15),外观设计,授权,2025-12-05,,False,人工智能
002230.SZ,科大讯飞,电子设备的学段辅导教学图形用户界面,科大讯飞股份有限公司,2025300411597,CN309652659S,14-04(15),外观设计,授权,2025-12-05,,False,人工智能
002230.SZ,科大讯飞,电子设备的虚拟辅导教学图形用户界面,科大讯飞股份有限公司,2025300838338,CN309652680S,14-04(15),外观设计,授权,2025-12-05,,False,人工智能
002230.SZ,科大讯飞,一种电子设备,科大讯飞股份有限公司,2024227791231,CN223652348U,H04R1/08(2006.01),实用新型,授权,2025-12-09,,False,人工智能
002230.SZ,科大讯飞,一种传感器性能检测装置,科大讯飞股份有限公司,2024229697179,CN223650731U,G01S7/497(2006.01),实用新型,授权,2025-12-09,,False,人工智能
002230.SZ,科大讯飞,录音笔,科大讯飞股份有限公司,202423253027X,CN223651166U,G11C7/16(2006.01),实用新型,授权,2025-12-09,,False,人工智能
002230.SZ,科大讯飞,电子设备的云课堂教学管理图形用户界面,科大讯飞股份有限公司,2024308150444,CN309659813S,14-04(15),外观设计,授权,2025-12-09,,False,人工智能
002230.SZ,科大讯飞,音频分离方法、装置、设备、存储介质及程序产品,科大讯飞股份有限公司,2025100366092,CN119993190B,G10L21/028(2013.01);G10L17/02(2013.01);G10L17/18(2013.01),授权发明,授权,2025-12-09,,False,人工智能
002230.SZ,科大讯飞,模型质量评测方法、装置、电子设备和存储介质,科大讯飞股份有限公司,2025112049981,CN120748372B,G10L15/01(2013.01);G10L15/07(2013.01);G10L15/26(2006.01);G06F16/334(2025.01);G06F16/36(2019.01);G06N5/022(2023.01);G10L15/06(2013.01),授权发明,授权,2025-12-09,,False,人工智能
002230.SZ,科大讯飞,图表解析方法、装置、电子设备及存储介质,科大讯飞股份有限公司,2025112437667,CN120745603B,G06F40/205(2020.01);G06N3/0455(2023.01);G06N3/0499(2023.01);G06N3/0985(2023.01);G06N3/084(2023.01);G06N5/04(2023.01);G06F40/177(2020.01),授权发明,授权,2025-12-09,,False,人工智能
002230.SZ,科大讯飞,音频编解码方法、电子设备及程序产品,科大讯飞股份有限公司,2025112707967,CN120783775B,G10L19/24(2013.01);G10L19/02(2013.01);G10L25/18(2013.01);G10L25/24(2013.01);G10L25/30(2013.01);G06N3/0464(2023.01);G06N3/048(2023.01);G10L19/00(2013.01),授权发明,授权,2025-12-09,,False,人工智能
002230.SZ,科大讯飞,音频处理方法及装置,科大讯飞股份有限公司,2025114042652,CN120877749B,G10L21/013(2013.01);G10L21/01(2013.01);G10L21/0208(2013.01);G10L19/022(2013.01);G10L19/26(2013.01),授权发明,授权,2025-12-09,,False,人工智能
002230.SZ,科大讯飞,语音合成方法、装置、电子设备及存储介质,科大讯飞股份有限公司,2025114398347,CN120895024B,G10L13/10(2013.01);G10L13/027(2013.01);G10L13/033(2013.01);G10L19/16(2013.01),授权发明,授权,2025-12-09,,False,人工智能
002230.SZ,科大讯飞,版面分析方法及装置,科大讯飞股份有限公司,2025114534110,CN120932258B,G06V30/412(2022.01);G06V30/422(2022.01);G06V30/148(2022.01);G06V30/19(2022.01),授权发明,授权,2025-12-09,,False,人工智能
002230.SZ,科大讯飞,打印机,科大讯飞股份有限公司,2025201763348,CN223644511U,B41J13/10(2006.01);B41J11/00(2006.01),实用新型,授权,2025-12-09,,False,人工智能
002230.SZ,科大讯飞,电子设备的课堂教学分析图形用户界面,科大讯飞股份有限公司,2025300623957,CN309659913S,14-04(15),外观设计,授权,2025-12-09,,False,人工智能
002230.SZ,科大讯飞,智能笔,科大讯飞股份有限公司,2025301958214,CN309659554S,14-02(15),外观设计,授权,2025-12-09,,False,人工智能
002230.SZ,科大讯飞,配对方法、接收器、无线麦克风及无线麦克风系统,科大讯飞股份有限公司,2021113551411,CN114173240B,H04R1/08(2006.01);H04R3/12(2006.01),授权发明,授权,2025-12-12,,False,人工智能
002230.SZ,科大讯飞,语音检错方法、装置、电子设备及存储介质,科大讯飞股份有限公司,2022117128204,CN116052720B,G10L25/51(2013.01);G10L15/06(2013.01);G10L15/02(2006.01);G10L15/30(2013.01),授权发明,授权,2025-12-12,,False,人工智能
002230.SZ,科大讯飞,支架、电子设备组件及其控制方法,科大讯飞股份有限公司,2023103294307,CN116336323B,F16M11/04(2006.01);F16M11/10(2006.01);F16M11/16(2006.01);F16M11/18(2006.01),授权发明,授权,2025-12-12,,False,人工智能
002230.SZ,科大讯飞,手势识别方法、装置、电子设备及存储介质,科大讯飞股份有限公司,2023113203963,CN117275094B,G06V40/20(2022.01);G06V10/764(2022.01);G06V10/80(2022.01);G06V10/82(2022.01);G06N3/0455(2023.01);G06N3/0985(2023.01);G06N3/0464(2023.01),授权发明,授权,2025-12-12,,False,人工智能
002230.SZ,科大讯飞,助教系统及相关教学互动方法、装置、设备和存储介质,科大讯飞股份有限公司,2024111691666,CN119169886B,G09B5/06(2006.01);G06Q50/20(2012.01);G09B5/08(2006.01);G09B7/00(2006.01),授权发明,授权,2025-12-12,,False,人工智能
002230.SZ,科大讯飞,一种广告实验方法、装置、设备、存储介质、产品及系统,科大讯飞股份有限公司,2024113178595,CN119359372B,G06Q30/0242(2023.01);G06Q30/0251(2023.01),授权发明,授权,2025-12-12,,False,人工智能
002230.SZ,科大讯飞,电流检测电路及电流检测设备,科大讯飞股份有限公司,2024227835954,CN223664678U,G01R19/00(2006.01),实用新型,授权,2025-12-12,,False,人工智能
002230.SZ,科大讯飞,一种取放装置及机器人,科大讯飞股份有限公司,2024232530674,CN223657041U,B25J15/06(2006.01);B25J11/00(2006.01),实用新型,授权,2025-12-12,,False,人工智能
002230.SZ,科大讯飞,翻译设备和翻译系统,科大讯飞股份有限公司,2024233152076,CN223665002U,G06F40/58(2020.01);G06F3/16(2006.01),实用新型,授权,2025-12-12,,False,人工智能
002230.SZ,科大讯飞,语音交互方法、装置、设备、介质及程序产品,科大讯飞股份有限公司,2025100634151,CN119943071B,G10L21/02(2013.01);G10L21/0208(2013.01);G10L25/03(2013.01);G10L25/24(2013.01);G10L25/30(2013.01),授权发明,授权,2025-12-12,,False,人工智能
002230.SZ,科大讯飞,一种语言翻译处理方法、装置、设备、介质及产品,科大讯飞股份有限公司,2025109551296,CN120449902B,G06F40/58(2020.01);G06N3/0455(2023.01);G06N3/096(2023.01),授权发明,授权,2025-12-12,,False,人工智能
002230.SZ,科大讯飞,语种识别方法、装置、电子设备及产品,科大讯飞股份有限公司,2025110930594,CN120612922B,G10L15/00(2013.01);G10L15/04(2013.01);G10L15/06(2013.01),授权发明,授权,2025-12-12,,False,人工智能
002230.SZ,科大讯飞,电子设备保护套和电子设备组件,科大讯飞股份有限公司,2025200888191,CN223664965U,G06F1/16(2006.01);G06F3/041(2006.01),实用新型,授权,2025-12-12,,False,人工智能
002230.SZ,科大讯飞,电脑主机,科大讯飞股份有限公司,2025302875083,CN309667315S,14-02(15),外观设计,授权,2025-12-12,,False,人工智能
002230.SZ,科大讯飞,电脑主机,科大讯飞股份有限公司,2025302875098,CN309667316S,14-02(15),外观设计,授权,2025-12-12,,False,人工智能
002230.SZ,科大讯飞,集装箱标记识别方法、装置、计算机设备和存储介质,科大讯飞股份有限公司,2021105118300,CN115410105B,G06V20/40(2022.01);G06V20/52(2022.01);G06V20/62(2022.01);G06V30/224(2022.01);G06V30/146(2022.01);G06V30/19(2022.01);G06T7/246(2017.01),授权发明,授权,2025-12-16,,False,人工智能
002230.SZ,科大讯飞,语音合成方法及相关装置、电子设备和存储介质,"科大讯飞股份有限公司,中国科学技术大学",202111630204X,CN114299911B,G10L13/02(2013.01);G10L13/08(2013.01);G10L19/04(2013.01);G10L25/63(2013.01);G06F40/30(2020.01),授权发明,授权,2025-12-19,,False,人工智能
002230.SZ,科大讯飞,全景分割方法及相关装置、电子设备、存储介质,科大讯飞股份有限公司,2022109454822,CN115424264B,G06V20/70(2022.01);G06V10/26(2022.01);G06V10/94(2022.01),授权发明,授权,2025-12-19,,False,人工智能
002230.SZ,科大讯飞,语音识别方法、硬件调用方法及相关装置、处理器和介质,科大讯飞股份有限公司,2022116316776,CN116312534B,G10L15/26(2006.01);G10L15/16(2006.01),授权发明,授权,2025-12-19,,False,人工智能
002230.SZ,科大讯飞,潮汐车道车流确定方法及其装置,"科大讯飞股份有限公司,中国科学技术大学",2023108756707,CN119360634B,G06Q10/04(2023.01),授权发明,授权,2025-12-19,,False,人工智能
002230.SZ,科大讯飞,语音合成生成方法、电子设备和存储介质,科大讯飞股份有限公司,2024119046867,CN119864006B,G10L13/02(2013.01);G10L13/047(2013.01);G10L13/10(2013.01),授权发明,授权,2025-12-19,,False,人工智能
002230.SZ,科大讯飞,一种电磁屏蔽机构、设备及车辆,科大讯飞股份有限公司,2024232358245,CN223694204U,H05K9/00(2006.01);H05K5/06(2006.01);H05K7/02(2006.01);H05K7/18(2006.01),实用新型,授权,2025-12-19,,False,人工智能
002230.SZ,科大讯飞,电子设备的虚拟桌面图形用户界面,科大讯飞股份有限公司,2025300143199,CN309683794S,14-04(15),外观设计,授权,2025-12-19,,False,人工智能
002230.SZ,科大讯飞,电子设备的虚拟辅导教学图形用户界面,科大讯飞股份有限公司,2025300838304,CN309683874S,14-04(15),外观设计,授权,2025-12-19,,False,人工智能
002230.SZ,科大讯飞,试题评阅方法及相关装置、电子设备、存储介质,科大讯飞股份有限公司,2022115890072,CN115982351B,G06F16/353(2025.01);G06F18/214(2023.01);G06F18/2413(2023.01);G06F18/23(2023.01),授权发明,授权,2025-12-23,,False,人工智能
002230.SZ,科大讯飞,网格模型规整方法及相关装置、设备和介质,"科大讯飞股份有限公司,浙江潮汐力科技有限公司",2025114055648,CN120876748B,G06T17/00(2006.01),授权发明,授权,2025-12-23,,False,人工智能
002230.SZ,科大讯飞,运动评测方法、装置、电子设备及存储介质,科大讯飞股份有限公司,2024111772273,CN119097891B,A63B24/00(2006.01);A61B5/11(2006.01);A63B71/06(2006.01);G06V40/20(2022.01),授权发明,授权,2025-12-26,,False,人工智能
002230.SZ,科大讯飞,运动评测方法、装置、电子设备及存储介质,科大讯飞股份有限公司,202411209616X,CN119097892B,A63B24/00(2006.01);A63B71/06(2006.01);A63B5/16(2006.01);G06V40/20(2022.01),授权发明,授权,2025-12-26,,False,人工智能
002230.SZ,科大讯飞,基于增量学习的医学影像多模态大模型的应用更新方法,"科大讯飞股份有限公司,安徽影联云享医疗科技有限公司,讯飞医疗科技股份有限公司,科大讯飞华南人工智能研究院（广州）有限公司",2024119799024,CN119920423B,G16H40/20(2018.01);G06F8/658(2018.01),授权发明,授权,2025-12-26,,False,人工智能
002230.SZ,科大讯飞,降噪系统,科大讯飞股份有限公司,2025201372749,CN223729908U,H04R3/00(2006.01),实用新型,授权,2025-12-26,,False,人工智能
002230.SZ,科大讯飞,车辆控制系统以及车辆,科大讯飞股份有限公司,2025203801448,CN223720825U,B60R16/023(2006.01);B60R16/037(2006.01);B60R25/20(2013.01);B60R25/25(2013.01),实用新型,授权,2025-12-26,,False,人工智能
002230.SZ,科大讯飞,电子设备的装扮会员订阅图形用户界面,科大讯飞股份有限公司,2025300757415,CN309703084S,14-04(15),外观设计,授权,2025-12-26,,False,人工智能
002230.SZ,科大讯飞,电子笔,科大讯飞股份有限公司,2025302349321,CN309703187S,14-99(15),外观设计,授权,2025-12-26,,False,人工智能
002230.SZ,科大讯飞,耳机,科大讯飞股份有限公司,2025303252499,CN309702656S,14-01(15),外观设计,授权,2025-12-26,,False,人工智能
002230.SZ,科大讯飞,耳机,科大讯飞股份有限公司,2025303252520,CN309702657S,14-01(15),外观设计,授权,2025-12-26,,False,人工智能
002230.SZ,科大讯飞,耳机套件,科大讯飞股份有限公司,2025303253595,CN309702658S,14-01(15),外观设计,授权,2025-12-26,,False,人工智能
002230.SZ,科大讯飞,耳机套件,科大讯飞股份有限公司,2025303253716,CN309702659S,14-01(15),外观设计,授权,2025-12-26,,False,人工智能
002230.SZ,科大讯飞,录音笔,科大讯飞股份有限公司,202530329121X,CN309702664S,14-01(15),外观设计,授权,2025-12-26,,False,人工智能
002230.SZ,科大讯飞,翻译机,科大讯飞股份有限公司,202530341333X,CN309702809S,14-02(15),外观设计,授权,2025-12-26,,False,人工智能
002230.SZ,科大讯飞,翻译机,科大讯飞股份有限公司,2025303413344,CN309702810S,14-02(15),外观设计,授权,2025-12-26,,False,人工智能
002230.SZ,科大讯飞,翻译机,科大讯飞股份有限公司,2025303413486,CN309702811S,14-02(15),外观设计,授权,2025-12-26,,False,人工智能
002230.SZ,科大讯飞,翻译机,科大讯飞股份有限公司,2025303413715,CN309702812S,14-02(15),外观设计,授权,2025-12-26,,False,人工智能
002230.SZ,科大讯飞,意图识别方法、意图识别模型训练方法、系统及装置,科大讯飞股份有限公司,2022116673097,CN116049395B,G06F18/241(2023.01);G06F18/214(2023.01);G06F18/22(2023.01);G06F40/30(2020.01);G06N3/045(2023.01);G06N3/08(2023.01),授权发明,授权,2025-12-30,,False,人工智能
002230.SZ,科大讯飞,一种语音交互方法、装置、电子设备和存储介质,科大讯飞股份有限公司,202310268457X,CN116403578B,G10L15/22(2006.01);G10L15/10(2006.01);G10L15/26(2006.01),授权发明,授权,2025-12-30,,False,人工智能
002230.SZ,科大讯飞,一种电子设备,科大讯飞股份有限公司,2024225538455,CN223744847U,H04R1/10(2006.01),实用新型,授权,2025-12-30,,False,人工智能
002230.SZ,科大讯飞,作业批改设备,科大讯飞股份有限公司,2024228433027,CN223743176U,G09B7/00(2006.01);H04N1/04(2006.01);H04N1/00(2006.01);G06V20/62(2022.01);G06V10/147(2022.01),实用新型,授权,2025-12-30,,False,人工智能
002230.SZ,科大讯飞,电子设备,科大讯飞股份有限公司,2024228914671,CN223743014U,G06F1/16(2006.01);F16C11/04(2006.01);F16C11/10(2006.01);G06F40/58(2020.01),实用新型,授权,2025-12-30,,False,人工智能
002230.SZ,科大讯飞,电子设备的健康检测图形用户界面,科大讯飞股份有限公司,2024307128975,CN309709994S,14-04(15),外观设计,授权,2025-12-30,,False,人工智能
002230.SZ,科大讯飞,用于电子设备的任务显示图形用户界面,科大讯飞股份有限公司,2024307188622,CN309709997S,14-04(14),外观设计,授权,2025-12-30,,False,人工智能
002230.SZ,科大讯飞,摄像模组与电子设备,科大讯飞股份有限公司,2025201499951,CN223744813U,H04N23/55(2023.01);H04N23/51(2023.01);H04N23/57(2023.01),实用新型,授权,2025-12-30,,False,人工智能
002230.SZ,科大讯飞,手写笔测试设备,科大讯飞股份有限公司,202520174767X,CN223743074U,G06F11/22(2006.01);G01L5/00(2006.01);G01B7/00(2006.01);B25J9/00(2006.01);B07C5/34(2006.01);H04N23/50(2023.01);H02J50/80(2016.01);H02J50/90(2016.01);H02J50/00(2016.01),实用新型,授权,2025-12-30,,False,人工智能
002230.SZ,科大讯飞,风机性能测试设备,科大讯飞股份有限公司,2025202979208,CN223739689U,F04D27/00(2006.01),实用新型,授权,2025-12-30,,False,人工智能
002230.SZ,科大讯飞,电子设备的课堂教学分析图形用户界面,科大讯飞股份有限公司,2025300623976,CN309710117S,14-04(15),外观设计,授权,2025-12-30,,False,人工智能
002230.SZ,科大讯飞,辅听设备,科大讯飞股份有限公司,2025303187377,CN309709840S,14-02(15),外观设计,授权,2025-12-30,,False,人工智能
002230.SZ,科大讯飞,词典笔,科大讯飞股份有限公司,2025303237520,CN309709841S,14-02(15),外观设计,授权,2025-12-30,,False,人工智能
002230.SZ,科大讯飞,学习机,科大讯飞股份有限公司,2025303451670,CN309709770S,14-01(15),外观设计,授权,2025-12-30,,False,人工智能
002230.SZ,科大讯飞,多屏互动方法、装置、系统、车机系统和存储介质,科大讯飞股份有限公司,2022114263505,CN115686417B,G06F3/14(2006.01),授权发明,授权,2026-01-02,,False,人工智能
002230.SZ,科大讯飞,文档问答方法、系统、电子设备及存储介质,科大讯飞股份有限公司,2022114310239,CN115905487B,G06F16/3329(2025.01);G06F16/334(2025.01);G06F18/22(2023.01);G06N3/0455(2023.01);G06N3/08(2023.01),授权发明,授权,2026-01-02,,False,人工智能
002230.SZ,科大讯飞,重题检测方法、装置、电子设备及存储介质,科大讯飞股份有限公司,2023100759389,CN116012866B,G06V30/413(2022.01);G06V30/19(2022.01);G06V30/146(2022.01),授权发明,授权,2026-01-02,,False,人工智能
002230.SZ,科大讯飞,视频检测方法、装置、电子设备和存储介质,科大讯飞股份有限公司,2023101303246,CN116129322B,G06V20/40(2022.01);G06V10/77(2022.01);G06V10/80(2022.01);G06V10/82(2022.01);G06N3/08(2023.01);G06N3/0464(2023.01),授权发明,授权,2026-01-02,,False,人工智能
002230.SZ,科大讯飞,语音识别文本的评分方法、装置、电子设备及存储介质,科大讯飞股份有限公司,2023101674797,CN116403567B,G10L15/01(2013.01);G10L15/02(2006.01);G10L15/26(2006.01),授权发明,授权,2026-01-02,,False,人工智能
002230.SZ,科大讯飞,音频处理方法、装置、录音终端、电子设备和存储介质,科大讯飞股份有限公司,2023104663347,CN116486788B,G10L15/04(2013.01);G10L17/00(2013.01);G06T7/20(2017.01),授权发明,授权,2026-01-02,,False,人工智能
002230.SZ,科大讯飞,图像处理方法、装置、设备及存储介质,科大讯飞股份有限公司,2023107983629,CN116883700B,G06V10/75(2022.01);G06V10/40(2022.01);G06V10/774(2022.01);G06V10/764(2022.01);G06V10/80(2022.01);G06V10/82(2022.01);G06N3/0464(2023.01);G06N3/08(2023.01),授权发明,授权,2026-01-02,,False,人工智能
002230.SZ,科大讯飞,数据处理和代码处理方法、装置、一体机和存储介质,科大讯飞股份有限公司,2023110309114,CN117113080B,G06F18/214(2023.01);G06F16/335(2019.01);G06F18/22(2023.01),授权发明,授权,2026-01-02,,False,人工智能
002230.SZ,科大讯飞,控制方法、电子设备、遥控器和存储介质,科大讯飞股份有限公司,2023116931182,CN117711163B,G08C17/02(2006.01);H04W4/02(2018.01);H04W4/06(2009.01);H04L12/18(2006.01),授权发明,授权,2026-01-02,,False,人工智能
002230.SZ,科大讯飞,耳机仓及其主体,科大讯飞股份有限公司,2025303587882,CN309716154S,13-02(15),外观设计,授权,2026-01-02,,False,人工智能
002230.SZ,科大讯飞,一种信息加载的方法及装置、电子设备、存储介质,科大讯飞股份有限公司,2018111615120,CN109491719B,G06F9/445(2018.01);G06F9/451(2018.01),授权发明,授权,2026-01-06,,False,人工智能
002230.SZ,科大讯飞,认知障碍检测方法及相关装置、电子设备和存储介质,科大讯飞股份有限公司,2022106497718,CN115221941B,G06F18/25(2023.01);G06F18/213(2023.01);G06N3/0464(2023.01);G06N3/0442(2023.01);G06N3/045(2023.01);G06N3/08(2023.01);A61B5/00(2006.01);A61B5/16(2006.01),授权发明,授权,2026-01-09,,False,人工智能
002230.SZ,科大讯飞,图文资料推荐方法、装置、设备和存储介质,"科大讯飞股份有限公司,合肥讯飞读写科技有限公司",2023104374417,CN116796010B,G06F16/432(2019.01);G06F16/438(2019.01),授权发明,授权,2026-01-09,,False,人工智能
002230.SZ,科大讯飞,一种车载启停电源控制电路及车载电源,科大讯飞股份有限公司,2025200431542,CN223785957U,H02M1/36(2007.01);H02M1/08(2006.01);H02M3/156(2006.01);B60R16/033(2006.01),实用新型,授权,2026-01-09,,False,人工智能
002230.SZ,科大讯飞,一种车载音响唤醒电路及车载音响,科大讯飞股份有限公司,2025201280605,CN223778317U,B60R16/023(2006.01),实用新型,授权,2026-01-09,,False,人工智能
002230.SZ,科大讯飞,翻译机,科大讯飞股份有限公司,2025303413240,CN309729638S,14-02(15),外观设计,授权,2026-01-09,,False,人工智能
002230.SZ,科大讯飞,翻译机,科大讯飞股份有限公司,2025303413306,CN309729639S,14-02(15),外观设计,授权,2026-01-09,,False,人工智能
002230.SZ,科大讯飞,翻译机,科大讯飞股份有限公司,2025303413310,CN309729640S,14-02(15),外观设计,授权,2026-01-09,,False,人工智能
002230.SZ,科大讯飞,基于web的连续帧点云数据标注方法及装置,科大讯飞股份有限公司,2022116343449,CN116245943B,G06T7/73(2017.01);G06T7/60(2017.01),授权发明,授权,2026-01-13,,False,人工智能
002230.SZ,科大讯飞,一种文本纠错方法、系统以及设备,"科大讯飞股份有限公司,科大讯飞（北京）有限公司,河北省讯飞人工智能研究院",2022115067831,CN115712714B,G06F16/3329(2025.01);G06F16/353(2025.01);G06F40/30(2020.01);G06F18/2431(2023.01);G06N3/0455(2023.01);G06N3/08(2023.01),授权发明,授权,2026-01-23,,False,人工智能
002230.SZ,科大讯飞,发音检测方法及相关装置、电子设备、存储介质,科大讯飞股份有限公司,2022114296405,CN115910108B,G10L25/60(2013.01);G10L25/03(2013.01),授权发明,授权,2026-01-30,,False,人工智能
002230.SZ,科大讯飞,语音识别方法、语音识别模型训练方法、设备和介质,科大讯飞股份有限公司,2023104606433,CN116612749B,G10L15/06(2013.01);G10L15/16(2006.01);G10L15/26(2006.01),授权发明,授权,2026-01-30,,False,人工智能
002230.SZ,科大讯飞,电子设备的编程文件的制作编辑图形用户界面,科大讯飞股份有限公司,2024306470518,CN309763685S,14-04(14),外观设计,授权,2026-01-30,,False,人工智能
002230.SZ,科大讯飞,电子设备的空间物体识别与建模图形用户界面,科大讯飞股份有限公司,2024306701635,CN309763690S,14-04(14),外观设计,授权,2026-01-30,,False,人工智能
002230.SZ,科大讯飞,录音笔保护套,科大讯飞股份有限公司,2025302136490,CN309759784S,03-01(15),外观设计,授权,2026-01-30,,False,人工智能
002230.SZ,科大讯飞,耳机组件,科大讯飞股份有限公司,2025303252535,CN309763371S,14-01(15),外观设计,授权,2026-01-30,,False,人工智能
002230.SZ,科大讯飞,耳机及其主体及机头,科大讯飞股份有限公司,2025303253612,CN309763372S,14-01(15),外观设计,授权,2026-01-30,,False,人工智能
002230.SZ,科大讯飞,一种积水情况检测方法、装置、设备及存储介质,科大讯飞股份有限公司,2022114184838,CN115661721B,G06V20/40(2022.01);G06V10/764(2022.01);G06V10/26(2022.01);G06V10/774(2022.01);G06V10/80(2022.01);G06V10/82(2022.01);G06N3/0464(2023.01);G06N3/09(2023.01),授权发明,授权,2026-02-06,,False,人工智能
002230.SZ,科大讯飞,一种文档版面要素检测方法、装置、存储介质及设备,科大讯飞股份有限公司,2023102975950,CN116311322B,G06V30/416(2022.01);G06V30/24(2022.01);G06V30/18(2022.01);G06V30/19(2022.01);G06V10/82(2022.01);G06N3/0464(2023.01);G06N3/0895(2023.01),授权发明,授权,2026-02-06,,False,人工智能
002230.SZ,科大讯飞,辅助阅读方法、装置、设备及存储介质,科大讯飞股份有限公司,2023110313410,CN117114109B,G06N5/04(2023.01);G09B17/00(2006.01);G06F40/205(2020.01);G06F40/35(2020.01),授权发明,授权,2026-02-06,,False,人工智能
002230.SZ,科大讯飞,一种文本识别方法和相关装置,科大讯飞股份有限公司,2023113013935,CN117237970B,G06V30/412(2022.01);G06V30/19(2022.01),授权发明,授权,2026-02-06,,False,人工智能
002230.SZ,科大讯飞,一种多说话人语音分离方法及相关装置,科大讯飞股份有限公司,2024118363963,CN119580759B,G10L21/0272(2013.01);G10L19/02(2013.01);G10L19/022(2013.01);G10L25/18(2013.01);G10L25/21(2013.01);G10L25/24(2013.01);G10L25/30(2013.01);G06F18/23213(2023.01);G10L21/0216(2013.01),授权发明,授权,2026-02-06,,False,人工智能
002230.SZ,科大讯飞,背光模组、显示屏和电子设备,科大讯飞股份有限公司,2024231180264,CN223883883U,G02F1/13357(2006.01);G02F1/1335(2006.01);G02B6/00(2006.01),实用新型,授权,2026-02-06,,False,人工智能
002230.SZ,科大讯飞,一种推理方法、相关装置及推理系统,科大讯飞股份有限公司,2025104198062,CN119918679B,G06N5/04(2023.01);G06N3/096(2023.01),授权发明,授权,2026-02-06,,False,人工智能
002230.SZ,科大讯飞,一种语音同传系统测试方法及相关装置,科大讯飞股份有限公司,2025114224932,CN120913540B,G10L15/01(2013.01);G10L15/00(2013.01);G10L25/51(2013.01);G06F11/3668(2025.01);G06F40/58(2020.01),授权发明,授权,2026-02-06,,False,人工智能
002230.SZ,科大讯飞,关键词识别方法、装置、电子设备及存储介质,科大讯飞股份有限公司,202511453759X,CN120930643B,G06F40/284(2020.01);G06F40/30(2020.01);G06F18/241(2023.01);G06F18/213(2023.01);G06F18/25(2023.01);G06F18/214(2023.01);G06N3/045(2023.01);G06N3/0475(2023.01);G06N3/084(2023.01);G06N3/09(2023.01);G06F16/683(2019.01);G06F16/65(2019.01);G06F16/75(2019.01);G06F16/783(2019.01),授权发明,授权,2026-02-06,,False,人工智能
002230.SZ,科大讯飞,一种音频水印生成方法及相关装置,科大讯飞股份有限公司,2025114578265,CN120932656B,G10L19/018(2013.01);G10L25/30(2013.01);G10L25/03(2013.01);G06N3/09(2023.01),授权发明,授权,2026-02-06,,False,人工智能
002230.SZ,科大讯飞,一种表格结构化方法、相关设备及程序产品,科大讯飞股份有限公司,2025115563676,CN121033877B,G06V30/412(2022.01);G06V30/19(2022.01);G06V10/82(2022.01);G06N3/0464(2023.01),授权发明,授权,2026-02-06,,False,人工智能
002230.SZ,科大讯飞,测试治具,科大讯飞股份有限公司,2025201746499,CN223885248U,H04N17/00(2006.01),实用新型,授权,2026-02-06,,False,人工智能
002230.SZ,科大讯飞,车辆、车载前视摄像模组及其安装装置,"科大讯飞股份有限公司,江苏易行智联汽车科技有限公司",202520296634X,CN223877943U,B60R1/24(2022.01);B60R11/04(2006.01),实用新型,授权,2026-02-06,,False,人工智能
002230.SZ,科大讯飞,学习机,科大讯飞股份有限公司,2025303813417,CN309777555S,14-01(15),外观设计,授权,2026-02-06,,False,人工智能
002230.SZ,科大讯飞,学习机,科大讯飞股份有限公司,2025303813436,CN309777556S,14-01(15),外观设计,授权,2026-02-06,,False,人工智能
002230.SZ,科大讯飞,一种信息发送方法及装置,科大讯飞股份有限公司,2020108315325,CN111913646B,G06F3/04883(2022.01),授权发明,授权,2026-02-10,,False,人工智能
002230.SZ,科大讯飞,一种说话人识别方法、装置、存储介质及设备,科大讯飞股份有限公司,2023104446754,CN116453524B,G10L17/02(2013.01);G10L17/04(2013.01);G10L17/18(2013.01);G10L25/24(2013.01);G10L25/30(2013.01),授权发明,授权,2026-02-10,,False,人工智能
002230.SZ,科大讯飞,多媒体内容生成方法、装置、设备及存储介质,科大讯飞股份有限公司,2023106925113,CN116701669B,G06F16/435(2019.01);G06F40/166(2020.01);G06T11/20(2026.01);G11B27/031(2006.01),授权发明,授权,2026-02-10,,False,人工智能
002230.SZ,科大讯飞,一种知识定位方法、装置、存储介质及设备,科大讯飞股份有限公司,2023113860645,CN117216226B,G06F16/3329(2025.01);G06F16/334(2025.01);G06N3/0455(2023.01);G06N5/04(2023.01);G06N5/022(2023.01),授权发明,授权,2026-02-10,,False,人工智能
002230.SZ,科大讯飞,心理咨询模型的训练方法、装置、电子设备和存储介质,科大讯飞股份有限公司,2024119551103,CN119742030B,G16H20/70(2018.01);G16H50/70(2018.01);G06N5/04(2023.01),授权发明,授权,2026-02-10,,False,人工智能
002230.SZ,科大讯飞,一种翻译机抗扭矩测试装置,科大讯飞股份有限公司,2024231570443,CN223897173U,G01N3/02(2006.01);G01N3/04(2006.01);G01N3/22(2006.01),实用新型,授权,2026-02-10,,False,人工智能
002230.SZ,科大讯飞,口语评测方法、装置、相关设备及计算机程序产品,科大讯飞股份有限公司,202510029197X,CN119942858B,G09B7/02(2006.01);G06N3/0475(2023.01);G06N3/047(2023.01);G06N3/0455(2023.01);G06N3/088(2023.01);G06N20/00(2019.01),授权发明,授权,2026-02-10,,False,人工智能
002230.SZ,科大讯飞,语音合成方法、装置、电子设备及存储介质,科大讯飞股份有限公司,2025115561384,CN121034283B,G10L13/08(2013.01);G10L13/10(2013.01);G10L13/02(2013.01),授权发明,授权,2026-02-10,,False,人工智能
002230.SZ,科大讯飞,一种摄像头对焦测试装置,科大讯飞股份有限公司,2025201748850,CN223899267U,H04N17/00(2006.01);H04N23/67(2023.01),实用新型,授权,2026-02-10,,False,人工智能
002230.SZ,科大讯飞,设备切换装置,科大讯飞股份有限公司,2025203402768,CN223897876U,G06F13/40(2006.01);G06F13/42(2006.01);G06F11/273(2006.01),实用新型,授权,2026-02-10,,False,人工智能
002230.SZ,科大讯飞,自动裹膜装置,科大讯飞股份有限公司,2025204711364,CN223891292U,B65B33/02(2006.01);B65B61/00(2006.01),实用新型,授权,2026-02-10,,False,人工智能
002230.SZ,科大讯飞,智能触控笔,科大讯飞股份有限公司,2025205543154,CN223897855U,G06F3/0346(2013.01),实用新型,授权,2026-02-10,,False,人工智能
002230.SZ,科大讯飞,充电盒,科大讯飞股份有限公司,2025304168392,CN309784640S,13-02(15),外观设计,授权,2026-02-10,,False,人工智能
002230.SZ,科大讯飞,音箱,科大讯飞股份有限公司,2025304255899,CN309784918S,14-01(15),外观设计,授权,2026-02-10,,False,人工智能
002230.SZ,科大讯飞,故障知识文本的抽取方法及抽取装置、设备和介质,科大讯飞股份有限公司,202211282701X,CN115630699B,G06N5/025(2023.01);G06F40/279(2020.01);G06F40/216(2020.01);G06N3/0455(2023.01);G06N3/04(2023.01),授权发明,授权,2026-02-13,,False,人工智能
002230.SZ,科大讯飞,声场中心的自适应调整方法、装置、设备以及存储介质,科大讯飞股份有限公司,2022117285898,CN115973073B,B60R16/037(2006.01);B60R16/023(2006.01),授权发明,授权,2026-02-13,,False,人工智能
002230.SZ,科大讯飞,一种语音检测方法及装置、电子设备和存储介质,科大讯飞股份有限公司,2023105458890,CN116631439B,G10L25/30(2013.01);G10L25/51(2013.01);H04L9/32(2006.01),授权发明,授权,2026-02-13,,False,人工智能
002230.SZ,科大讯飞,一种意图识别方法、系统和相关装置,科大讯飞股份有限公司,2025114949250,CN120973908B,G06F16/3329(2025.01);G06F16/334(2025.01);G06F16/338(2019.01);G06F40/279(2020.01);G06F40/216(2020.01),授权发明,授权,2026-02-13,,False,人工智能
002230.SZ,科大讯飞,手写笔无线充电测试系统,科大讯飞股份有限公司,2025201748846,CN223910960U,G01R1/04(2006.01);G01R19/165(2006.01);G01R21/00(2006.01);G01L5/00(2006.01);H02J7/90(2026.01),实用新型,授权,2026-02-13,,False,人工智能
002230.SZ,科大讯飞,充电识别电路与电子设备,科大讯飞股份有限公司,2025203404231,CN223912264U,H02J7/47(2026.01);G01R31/00(2006.01);H02J7/80(2026.01);H02J7/70(2026.01),实用新型,授权,2026-02-13,,False,人工智能
002230.SZ,科大讯飞,耳机仓及其主体,科大讯飞股份有限公司,2025303419730,CN309792571S,13-02(15),外观设计,授权,2026-02-13,,False,人工智能
002230.SZ,科大讯飞,指读镜,科大讯飞股份有限公司,2025303681259,CN309793094S,14-02(15),外观设计,授权,2026-02-13,,False,人工智能
002230.SZ,科大讯飞,智能笔,科大讯飞股份有限公司,2025304168439,CN309793139S,14-02(15);14-01(15),外观设计,授权,2026-02-13,,False,人工智能
002230.SZ,科大讯飞,支架,科大讯飞股份有限公司,2025304351453,CN309793518S,14-06(15),外观设计,授权,2026-02-13,,False,人工智能
002230.SZ,科大讯飞,支架,科大讯飞股份有限公司,2025304351468,CN309793519S,14-06(15),外观设计,授权,2026-02-13,,False,人工智能
002230.SZ,科大讯飞,翻译机,科大讯飞股份有限公司,2025304351472,CN309793167S,14-02(15),外观设计,授权,2026-02-13,,False,人工智能
002230.SZ,科大讯飞,翻译机,科大讯飞股份有限公司,2025304351487,CN309793168S,14-02(15),外观设计,授权,2026-02-13,,False,人工智能
002230.SZ,科大讯飞,翻译机,科大讯飞股份有限公司,2025304351523,CN309793169S,14-02(15),外观设计,授权,2026-02-13,,False,人工智能
002230.SZ,科大讯飞,题目推荐方法、装置、设备及存储介质,科大讯飞股份有限公司,2021116747560,CN114328890B,G06F16/335(2019.01);G06F16/35(2025.01);G06F40/30(2020.01),授权发明,授权,2026-02-17,,False,人工智能
002230.SZ,科大讯飞,一种文本提取方法、系统及相关装置,科大讯飞股份有限公司,2023104928865,CN116719914B,G06F16/3329(2025.01);G06F16/334(2025.01);G06F40/205(2020.01);G06F40/30(2020.01);G06N3/0442(2023.01);G06N3/045(2023.01);G06N3/0455(2023.01);G06N3/08(2023.01);G10L15/26(2006.01);G10L15/18(2013.01),授权发明,授权,2026-02-17,,False,人工智能
002230.SZ,科大讯飞,电子设备的智能音效自动化调节图形用户界面,科大讯飞股份有限公司,2024308124755,CN309810418S,14-04(15),外观设计,授权,2026-02-24,,False,人工智能
002230.SZ,科大讯飞,一种测温电路、测温系统,科大讯飞股份有限公司,2025201761465,CN223940411U,G01K7/22(2006.01);H04R3/00(2006.01),实用新型,授权,2026-02-24,,False,人工智能
002230.SZ,科大讯飞,翻译机,科大讯飞股份有限公司,2025304351491,CN309810206S,14-02(15),外观设计,授权,2026-02-24,,False,人工智能
002230.SZ,科大讯飞,智能笔,科大讯飞股份有限公司,2025304481207,CN309810224S,14-02(15),外观设计,授权,2026-02-24,,False,人工智能
002230.SZ,科大讯飞,智能笔,科大讯飞股份有限公司,2025304483556,CN309810225S,14-02(15),外观设计,授权,2026-02-24,,False,人工智能
002230.SZ,科大讯飞,文本数据处理方法、装置、系统、设备及存储介质,科大讯飞股份有限公司,2022111854151,CN115587124B,G06F16/2457(2019.01);G06F16/29(2019.01),授权发明,授权,2026-02-27,,False,人工智能
002230.SZ,科大讯飞,电子设备的自动泊车图形用户界面,科大讯飞股份有限公司,2024307029965,CN309825742S,14-04(14),外观设计,授权,2026-03-03,,False,人工智能
002230.SZ,科大讯飞,误唤醒语料获取方法及相关方法、装置、设备和存储介质,科大讯飞股份有限公司,2025118538178,CN121306106B,G10L15/06(2013.01);G10L15/22(2006.01);G10L15/16(2006.01);G10L15/26(2006.01);G10L15/02(2006.01),授权发明,授权,2026-03-03,,False,人工智能
002230.SZ,科大讯飞,音频水印嵌入方法、装置、电子设备及存储介质,"科大讯飞股份有限公司,安徽星盾智能科技有限公司",2025119145833,CN121331148B,G10L19/018(2013.01),授权发明,授权,2026-03-03,,False,人工智能
002230.SZ,科大讯飞,电子设备的翻译功能应用图形用户界面,科大讯飞股份有限公司,2025302068807,CN309825840S,14-04(15),外观设计,授权,2026-03-03,,False,人工智能
002230.SZ,科大讯飞,耳机仓,科大讯飞股份有限公司,202530325261X,CN309825243S,13-02(15),外观设计,授权,2026-03-03,,False,人工智能
002230.SZ,科大讯飞,电子设备的自定义音色复刻图形用户界面,科大讯飞股份有限公司,2025304137604,CN309825900S,14-04(15),外观设计,授权,2026-03-03,,False,人工智能
002230.SZ,科大讯飞,录音笔,科大讯飞股份有限公司,2025304441040,CN309825497S,14-01(15),外观设计,授权,2026-03-03,,False,人工智能
002230.SZ,科大讯飞,人脸跟踪方法、装置、电子设备及存储介质,科大讯飞股份有限公司,2023100746849,CN116051604B,G06F16/50(2019.01),授权发明,授权,2026-03-06,,False,人工智能
002230.SZ,科大讯飞,电子设备的语音查询天气图形用户界面,科大讯飞股份有限公司,2024307155811,CN309832265S,14-04(14),外观设计,授权,2026-03-06,,False,人工智能
002230.SZ,科大讯飞,一种翻译方法及其相关设备,科大讯飞股份有限公司,2022104933873,CN114912468B,G06F40/58(2020.01);G06F40/30(2020.01),授权发明,授权,2026-03-10,,False,人工智能
002230.SZ,科大讯飞,口语学习方法、装置、设备及存储介质,科大讯飞股份有限公司,2023104932023,CN118800215B,G10L13/027(2013.01);G10L13/10(2013.01);G10L25/63(2013.01),授权发明,授权,2026-03-10,,False,人工智能
002230.SZ,科大讯飞,机器人及其交互控制方法、装置、存储介质,科大讯飞股份有限公司,2023109634764,CN116901099B,B25J11/00(2006.01);B25J9/16(2006.01);B25J13/08(2006.01),授权发明,授权,2026-03-10,,False,人工智能
002230.SZ,科大讯飞,机器人监控方法、装置、设备及存储介质,科大讯飞股份有限公司,2023112868885,CN117067261B,B25J19/02(2006.01);B25J19/06(2006.01);B25J9/16(2006.01),授权发明,授权,2026-03-10,,False,人工智能
002230.SZ,科大讯飞,一种监控装置及监控负载箱,科大讯飞股份有限公司,2025200753531,CN223986171U,G01R31/00(2006.01);G01R19/00(2006.01);G01R1/04(2006.01),实用新型,授权,2026-03-10,,False,人工智能
002230.SZ,科大讯飞,耳机仓,科大讯飞股份有限公司,202530341679X,CN309835375S,03-01(15);13-02(15),外观设计,授权,2026-03-10,,False,人工智能
002230.SZ,科大讯飞,电子设备的会议翻译图形用户界面,科大讯飞股份有限公司,2025302068794,CN309842938S,14-04(15),外观设计,授权,2026-03-13,,False,人工智能
002230.SZ,科大讯飞,耳机仓,科大讯飞股份有限公司,2025303417294,CN309840739S,03-01(15);13-02(15),外观设计,授权,2026-03-13,,False,人工智能
002230.SZ,科大讯飞,多语言文本检测与纠错方法、系统、电子设备及存储介质,"科大讯飞（北京）有限公司,河北省讯飞人工智能研究院,科大讯飞股份有限公司",2021115765928,CN114282527B,G06F40/232(2020.01);G06F40/30(2020.01);G06F40/58(2020.01);G06F40/242(2020.01);G06F40/289(2020.01);G06F16/355(2025.01);G06F18/213(2023.01);G06F18/2415(2023.01);G06N3/0464(2023.01);G06N3/08(2023.01),授权发明,授权,2026-03-17,,False,人工智能
002230.SZ,科大讯飞,扫描装置及其交互方法和交互装置、计算机可读存储介质,科大讯飞股份有限公司,2022106367432,CN115223167B,G06V30/142(2022.01);G06F3/0487(2013.01),授权发明,授权,2026-03-17,,False,人工智能
002230.SZ,科大讯飞,文本定位方法、装置、电子设备、扫描笔和存储介质,科大讯飞股份有限公司,2022107046852,CN115223176B,G06V30/19(2022.01);G06V30/41(2022.01);G06F40/30(2020.01),授权发明,授权,2026-03-17,,False,人工智能
002230.SZ,科大讯飞,图像质量评价方法、装置、电子设备、扫描笔及存储介质,科大讯飞股份有限公司,2022107165743,CN115240197B,G06V30/14(2022.01);G06V30/18(2022.01),授权发明,授权,2026-03-17,,False,人工智能
002230.SZ,科大讯飞,一种文本处理方法、装置、存储介质及设备,科大讯飞股份有限公司,2023104914063,CN116401354B,G06F16/3329(2025.01);G06F16/3332(2025.01);G06F16/334(2025.01);G06F40/30(2020.01);G06F18/214(2023.01);G06F18/27(2023.01),授权发明,授权,2026-03-17,,False,人工智能
002230.SZ,科大讯飞,交互处理方法、装置、设备、人机交互系统及程序产品,科大讯飞股份有限公司,2024108384075,CN118918889B,G10L15/22(2006.01);G10L15/18(2013.01);G10L15/00(2013.01);G10L15/26(2006.01);G06F40/35(2020.01),授权发明,授权,2026-03-17,,False,人工智能
002230.SZ,科大讯飞,跳远系统,科大讯飞股份有限公司,2024231755670,CN223995365U,A63B71/06(2006.01);A63B5/16(2006.01),实用新型,授权,2026-03-17,,False,人工智能
002230.SZ,科大讯飞,用于电子设备的编辑联系人图形用户界面,科大讯飞股份有限公司,2024307186398,CN309849665S,14-04(14),外观设计,授权,2026-03-17,,False,人工智能
002230.SZ,科大讯飞,用于电子设备的显示通话信息图形用户界面,科大讯飞股份有限公司,2024307186576,CN309849666S,14-04(14),外观设计,授权,2026-03-17,,False,人工智能
002230.SZ,科大讯飞,用于电子设备的显示通话记录图形用户界面,科大讯飞股份有限公司,2024307188444,CN309849667S,14-04(14),外观设计,授权,2026-03-17,,False,人工智能
002230.SZ,科大讯飞,语音增强方法、装置、设备、介质及程序产品,科大讯飞股份有限公司,2025100867274,CN119943072B,G10L21/02(2013.01);G10L21/0216(2013.01);H04R3/02(2006.01),授权发明,授权,2026-03-17,,False,人工智能
002230.SZ,科大讯飞,扬声器,科大讯飞股份有限公司,202530481132X,CN309849374S,14-01(15),外观设计,授权,2026-03-17,,False,人工智能
300760.SZ,迈瑞医疗,多通道数字显示信号叠加装置及方法,深圳迈瑞生物医疗电子股份有限公司,2006100339143,CN100508019,G09G5/377(2006.01)I;G09G5/00(2006.01)I,授权发明,专利权有效期届满终止,2009-07-01,,False,生物医药
300760.SZ,迈瑞医疗,显示控制设备的显示时序参数自适应调整方法,"深圳迈瑞科技有限公司,深圳迈瑞生物医疗电子股份有限公司",2006100339139,CN100590688C,G09G3/20(2006.01); G09G5/00(2006.01); G06F3/147(2006.01),授权发明,专利权有效期届满终止,2010-02-17,,False,生物医药
300760.SZ,迈瑞医疗,判断流量传感器反接的方法及其呼吸力学测量模块,深圳迈瑞生物医疗电子股份有限公司,2006100332055,CN101002972B,A61M16/01(2006.01); A61B5/087(2006.01); G01D21/00(2006.01),授权发明,专利权有效期届满终止,2010-09-01,,False,生物医药
300760.SZ,迈瑞医疗,流量监测与控制的装置,深圳迈瑞生物医疗电子股份有限公司,2006100329902,CN100998902B,A61M16/00(2006.01); A61M16/01(2006.01); A61B5/087(2006.01); G01D21/00(2006.01),授权发明,专利权有效期届满终止,2010-12-08,,False,生物医药
300760.SZ,迈瑞医疗,提高超声系统前端兼容性的方法及超声前端装置,"深圳迈瑞科技有限公司,深圳迈瑞生物医疗电子股份有限公司",2006100340899,CN101029929B,A61B8/00(2006.01),授权发明,专利权有效期届满终止,2011-02-02,,False,生物医药
300760.SZ,迈瑞医疗,生化分析仪样本针堵塞检测装置及方法,深圳迈瑞生物医疗电子股份有限公司,2006100332835,CN101004424B,G01N35/10(2006.01); G01R31/00(2006.01); G06F19/00(2006.01),授权发明,专利权有效期届满终止,2011-04-27,,False,生物医药
300760.SZ,迈瑞医疗,空间分集接收的输入通道切换方法,深圳迈瑞生物医疗电子股份有限公司,2006100337487,CN101026406B,H04B7/08(2006.01); H04B17/00(2006.01),授权发明,专利权有效期届满终止,2011-05-25,,False,生物医药
300760.SZ,迈瑞医疗,简易天线阵,深圳迈瑞生物医疗电子股份有限公司,2006100332036,CN101005160B,H01Q21/00(2006.01); H04B7/00(2006.01); H04B7/02(2006.01); H04B7/08(2006.01),授权发明,专利权有效期届满终止,2012-07-04,,False,生物医药
300760.SZ,迈瑞医疗,移动X射线设备的电动助力操控装置及移动X射线设备,深圳迈瑞生物医疗电子股份有限公司,201521135016X,CN205433721U,A61B6/00(2006.01),实用新型,专利权有效期届满终止,2016-08-10,,False,生物医药
300760.SZ,迈瑞医疗,超声扫描探头及超声成像系统,深圳迈瑞生物医疗电子股份有限公司,2016201141938,CN205514668U,A61B8/00(2006.01),实用新型,专利权有效期届满终止,2016-08-31,,False,生物医药
300760.SZ,迈瑞医疗,光学检测装置及细胞分析仪,深圳迈瑞生物医疗电子股份有限公司,2020228138899,CN214584775U,G01N15/14(2006.01); G01N21/05(2006.01); G01N21/47(2006.01); G01N21/64(2006.01),实用新型,避免重复授权放弃专利权,2021-11-02,,False,生物医药
300760.SZ,迈瑞医疗,X线摄影设备及其升降导向结构,"武汉迈瑞科技有限公司,深圳迈瑞生物医疗电子股份有限公司",2022216894837,CN218009759U,A61B6/00(2006.01),实用新型,专利权转移,2022-12-13,,False,生物医药
300760.SZ,迈瑞医疗,X射线立柱装置、发射装置、接收装置和顶灯装置,"武汉迈瑞科技有限公司,深圳迈瑞生物医疗电子股份有限公司",2022217151314,CN218009760U,A61B6/00(2006.01); F21V19/00(2006.01); F21V7/00(2006.01); F21V3/00(2015.01),实用新型,专利权转移,2022-12-13,,False,生物医药
300760.SZ,迈瑞医疗,一种X射线发射装置和感应把手,"武汉迈瑞科技有限公司,深圳迈瑞生物医疗电子股份有限公司",2022216710439,CN218356228U,A61B6/00(2006.01),实用新型,专利权转移,2023-01-24,,False,生物医药
300760.SZ,迈瑞医疗,一种滚轮结构及医用灌注泵,"武汉迈瑞科技有限公司,深圳迈瑞生物医疗电子股份有限公司",2022231353245,CN219398442U,A61M3/02(2006.01),实用新型,专利权转移,2023-07-25,,False,生物医药
300760.SZ,迈瑞医疗,X射线摄像系统、X射线发射装置和X射线接收装置,"武汉迈瑞科技有限公司,深圳迈瑞生物医疗电子股份有限公司",2022222618410,CN219501027U,A61B6/03(2006.01); A61B6/00(2006.01),实用新型,专利权转移,2023-08-11,,False,生物医药
300760.SZ,迈瑞医疗,X射线摄像系统、X射线接收装置和X射线发射装置,"武汉迈瑞科技有限公司,深圳迈瑞生物医疗电子股份有限公司",2022222618482,CN219501028U,A61B6/03(2006.01); A61B6/00(2006.01),实用新型,专利权转移,2023-08-11,,False,生物医药
300760.SZ,迈瑞医疗,一种内窥镜通信线缆及内窥镜系统,"武汉迈瑞科技有限公司,深圳迈瑞生物医疗电子股份有限公司",2022236093579,CN219575979U,H01R12/77(2011.01); H01R24/00(2011.01); H01R13/02(2006.01); A61B1/00(2006.01),实用新型,专利权转移,2023-08-22,,False,生物医药
300760.SZ,迈瑞医疗,一种内窥镜组件及内窥镜系统,"武汉迈瑞科技有限公司,深圳迈瑞生物医疗电子股份有限公司",2022236033563,CN219803691U,A61B1/00(2006.01); H01R13/52(2006.01); A61B1/04(2006.01),实用新型,专利权转移,2023-10-10,,False,生物医药
300760.SZ,迈瑞医疗,一种内窥镜及光传输方法,"武汉迈瑞科技有限公司,深圳迈瑞生物医疗电子股份有限公司",2018108875033,CN109106324B,A61B1/07(2006.01),授权发明,专利权转移,2024-02-02,,False,生物医药
300760.SZ,迈瑞医疗,一种急救监护设备的车载安装结构,"重庆市急救医疗中心,深圳迈瑞生物医疗电子股份有限公司",2024201764670,CN221243028U,A61B50/24(2016.01),实用新型,未缴年费专利权终止,2024-07-02,,False,生物医药
300760.SZ,迈瑞医疗,一种射线成像装置,"武汉迈瑞科技有限公司,深圳迈瑞生物医疗电子股份有限公司",2024202148801,CN221844770U,A61B6/42(2024.01);A61B6/00(2024.01);A61B6/58(2024.01),实用新型,专利权转移,2024-10-18,,False,生物医药
300760.SZ,迈瑞医疗,一种射线成像装置,"武汉迈瑞科技有限公司,深圳迈瑞生物医疗电子股份有限公司",2024202231300,CN221844771U,A61B6/42(2024.01);A61B6/00(2024.01);A61B6/58(2024.01),实用新型,专利权转移,2024-10-18,,False,生物医药
300760.SZ,迈瑞医疗,电切电极及电切设备,"武汉迈瑞科技有限公司,深圳迈瑞生物医疗电子股份有限公司",2023225477141,CN221932113U,A61B18/14(2006.01),实用新型,专利权转移,2024-11-01,,False,生物医药
300760.SZ,迈瑞医疗,一种医用X射线设备,"武汉迈瑞科技有限公司,深圳迈瑞生物医疗电子股份有限公司",202420240462X,CN221980766U,A61B6/00(2024.01);A61B6/06(2006.01);A61B6/40(2024.01);A61B6/42(2024.01);A61B6/58(2024.01);G09F19/18(2006.01),实用新型,专利权转移,2024-11-12,,False,生物医药
300760.SZ,迈瑞医疗,一种呼吸工作站及其供氧方法,深圳迈瑞生物医疗电子股份有限公司,2020107193848,CN111963898B,F17D1/02(2006.01);F17D1/20(2006.01);F17D3/01(2006.01);F17D3/18(2006.01);F17D5/00(2006.01);F17C13/00(2006.01);F17C13/02(2006.01);F17C13/04(2006.01);A61B5/318(2021.01);A61B5/145(2006.01),授权发明,专利权转移,2024-12-13,,False,生物医药
300760.SZ,迈瑞医疗,医疗检测设备和医疗检测承载台,"武汉迈瑞科技有限公司,深圳迈瑞生物医疗电子股份有限公司",2024209496266,CN222549224U,A61B6/04(2006.01),实用新型,专利权转移,2025-03-04,,False,生物医药
300760.SZ,迈瑞医疗,乳腺超声成像方法及设备,深圳迈瑞生物医疗电子股份有限公司,2021113160649,CN114159099B,A61B8/08(2006.01),授权发明,专利权转移,2025-08-05,,False,生物医药
300760.SZ,迈瑞医疗,一种X射线摄影系统及其检测床和床板组件,"武汉迈瑞科技有限公司,深圳迈瑞生物医疗电子股份有限公司",2024214603874,CN223311186U,A61B6/00(2024.01);A61B6/04(2006.01),实用新型,专利权转移,2025-09-09,,False,生物医药
300760.SZ,迈瑞医疗,医用数据归档的方法和医用数据归档系统,深圳迈瑞生物医疗电子股份有限公司,2020107910291,CN114090501B,G06F16/11(2019.01);G06F16/182(2019.01);G06F16/178(2019.01);G16H10/60(2018.01);G16H30/20(2018.01);H04L67/12(2022.01),授权发明,专利权期限的补偿,2025-10-17,,False,生物医药
300760.SZ,迈瑞医疗,瞬时弹性测量方法和超声成像系统,深圳迈瑞生物医疗电子股份有限公司,2020113222782,CN114521915B,A61B8/08(2006.01),授权发明,专利权期限的补偿,2025-10-21,,False,生物医药
300760.SZ,迈瑞医疗,一种超声成像设备、脉搏波成像方法,深圳迈瑞生物医疗电子股份有限公司,2020114499877,CN112932537B,A61B8/02(2006.01),授权发明,专利权期限的补偿,2025-11-04,,False,生物医药
300760.SZ,迈瑞医疗,一种硬管内窥镜,"武汉迈瑞科技有限公司,深圳迈瑞生物医疗电子股份有限公司",2023112544443,CN119758582B,G02B23/24(2006.01);G02B6/26(2006.01);A61B1/07(2006.01),授权发明,专利权转移,2025-11-04,,False,生物医药
300760.SZ,迈瑞医疗,超声成像系统和超声图像分析方法,深圳迈瑞生物医疗电子股份有限公司,2020110093864,CN114298958B,G06T7/00(2017.01);A61B8/08(2006.01),授权发明,专利权期限的补偿,2025-11-14,,False,生物医药
300760.SZ,迈瑞医疗,被测标的物含量计算方法、检测系统及样本分析仪,深圳迈瑞生物医疗电子股份有限公司,2019113683095,CN113049725B,G01N30/88(2006.01);G01N30/74(2006.01),授权发明,专利权期限的补偿,2025-12-02,,False,生物医药
300760.SZ,迈瑞医疗,一种报警处理方法、中央显示设备、监测或治疗的设备,深圳迈瑞生物医疗电子股份有限公司,2020111263010,CN114376512B,A61B5/00(2006.01);A61M5/142(2006.01);A61M16/00(2006.01);A61M16/01(2006.01);G16H80/00(2018.01),授权发明,专利权期限的补偿,2025-12-09,,False,生物医药
300760.SZ,迈瑞医疗,凝血试剂管理方法和系统,"北京迈瑞医疗器械有限公司,深圳迈瑞生物医疗电子股份有限公司",2019104962588,CN112067830B,G01N35/00(2006.01),授权发明,专利权期限的补偿,2025-12-12,,False,生物医药
300760.SZ,迈瑞医疗,超声探头的声头及超声探头,深圳迈瑞生物医疗电子股份有限公司,2019108375060,CN112438753B,A61B8/00(2006.01),授权发明,专利权期限的补偿,2026-01-02,,False,生物医药
300760.SZ,迈瑞医疗,一种X射线摄影系统及其检测床,深圳迈瑞生物医疗电子股份有限公司,2024229766889,CN223787634U,A61B6/04(2006.01),实用新型,授权,2026-01-13,,False,生物医药
300760.SZ,迈瑞医疗,移液机构及分析仪,深圳迈瑞生物医疗电子股份有限公司,2024232313456,CN223788537U,B01L3/02(2006.01),实用新型,授权,2026-01-13,,False,生物医药
300760.SZ,迈瑞医疗,试剂瓶和样本分析设备,深圳迈瑞生物医疗电子股份有限公司,2024230935159,CN223800540U,B01L3/00(2006.01);B01L3/02(2006.01);G01N33/48(2006.01);G01N35/10(2006.01);G01N35/00(2006.01),实用新型,授权,2026-01-16,,False,生物医药
300760.SZ,迈瑞医疗,样本管夹持机构,深圳迈瑞生物医疗电子股份有限公司,2024232358673,CN223800557U,B01L9/06(2006.01),实用新型,授权,2026-01-16,,False,生物医药
300760.SZ,迈瑞医疗,一种样本检测的设备及测量模式选择方法,深圳迈瑞生物医疗电子股份有限公司,2019105511824,CN112129931B,G01N33/48(2006.01);G01N33/68(2006.01),授权发明,授权,2026-01-20,,False,生物医药
300760.SZ,迈瑞医疗,一种兽用样本分析仪及其样本分析方法,深圳迈瑞生物医疗电子股份有限公司,2020111120233,CN114384259B,G01N35/00(2006.01);G01N35/02(2006.01);G01N35/04(2006.01),授权发明,授权,2026-01-20,,False,生物医药
300760.SZ,迈瑞医疗,超声成像方法、系统及计算机可读存储介质,深圳迈瑞生物医疗电子股份有限公司,2019113567982,CN113017695B,A61B8/08(2006.01),授权发明,专利权期限的补偿,2026-01-23,,False,生物医药
300760.SZ,迈瑞医疗,推片机、加样机构及加样方法、计算机可读存储介质,深圳迈瑞生物医疗电子股份有限公司,2019801015359,CN114585929B,G01N35/10(2006.01),授权发明,授权,2026-01-23,,False,生物医药
300760.SZ,迈瑞医疗,一种超声成像系统及超声成像方法、存储介质,深圳迈瑞生物医疗电子股份有限公司,202011345372X,CN112842394B,A61B8/08(2006.01),授权发明,专利权期限的补偿,2026-01-23,,False,生物医药
300760.SZ,迈瑞医疗,基于输卵管造影成像的评估方法和超声成像系统,深圳迈瑞生物医疗电子股份有限公司,2020115633197,CN114680942B,A61B8/12(2006.01);A61B8/00(2006.01),授权发明,授权,2026-01-23,,False,生物医药
300760.SZ,迈瑞医疗,试剂容器及样本分析装置,深圳迈瑞生物医疗电子股份有限公司,2024232623170,CN223818694U,B01L3/00(2006.01);G01N33/48(2006.01),实用新型,授权,2026-01-23,,False,生物医药
300760.SZ,迈瑞医疗,超声测量方法、装置和存储介质,深圳迈瑞生物医疗电子股份有限公司,2019113586466,CN113017683B,A61B8/00(2006.01);A61B8/08(2006.01),授权发明,授权,2026-01-27,,False,生物医药
300760.SZ,迈瑞医疗,内窥镜摄像头和内窥镜摄像系统,深圳迈瑞生物医疗电子股份有限公司,2019800981499,CN114040701B,A61B1/04(2006.01),授权发明,授权,2026-01-27,,False,生物医药
300760.SZ,迈瑞医疗,电源板、除颤器及医疗设备,深圳迈瑞生物医疗电子股份有限公司,2020113122197,CN114515386B,A61N1/39(2006.01),授权发明,授权,2026-01-27,,False,生物医药
300760.SZ,迈瑞医疗,超声探头的声头及超声探头,深圳迈瑞生物医疗电子股份有限公司,2020115657789,CN114680920B,A61B8/00(2006.01);A61B8/12(2006.01);H05K1/181(2026.01),授权发明,授权,2026-01-27,,False,生物医药
300760.SZ,迈瑞医疗,样本分析仪以及样本分析方法,深圳迈瑞生物医疗电子股份有限公司,2020801024577,CN115867810B,G01N35/10(2006.01);G01F19/00(2006.01),授权发明,授权,2026-01-27,,False,生物医药
300760.SZ,迈瑞医疗,超声探头的阵元引出结构、声头及超声探头,深圳迈瑞生物医疗电子股份有限公司,2023800090965,CN119300924B,B06B1/06(2006.01),授权发明,授权,2026-01-27,,False,生物医药
300760.SZ,迈瑞医疗,X射线立式摄影架及X射线成像系统,深圳迈瑞生物医疗电子股份有限公司,2024227642241,CN223831107U,A61B6/00(2024.01);A61B6/58(2024.01);A61B6/42(2024.01),实用新型,授权,2026-01-27,,False,生物医药
300760.SZ,迈瑞医疗,腔内超声探头,深圳迈瑞生物医疗电子股份有限公司,2024228682871,CN223831124U,A61B8/12(2006.01);A61B8/00(2006.01);G01B21/00(2006.01),实用新型,授权,2026-01-27,,False,生物医药
300760.SZ,迈瑞医疗,尿液有形成分分析系统及其方法,深圳迈瑞生物医疗电子股份有限公司,2020114715999,CN114624164B,G01N15/14(2024.01);G01N15/1433(2024.01);G01N15/04(2006.01);G01N21/84(2006.01),授权发明,授权,2026-01-30,,False,生物医药
300760.SZ,迈瑞医疗,乳腺超声图像分割方法及设备,"中国医学科学院北京协和医院,深圳迈瑞生物医疗电子股份有限公司",2021114262512,CN114202514B,G06T7/00(2017.01);G06T7/11(2017.01);G06T7/13(2017.01);G06N3/0464(2023.01);G06N3/09(2023.01);G06V10/25(2022.01);G06V10/774(2022.01);G06V10/80(2022.01);G06V10/82(2022.01);G06V10/764(2022.01),授权发明,授权,2026-01-30,,False,生物医药
300760.SZ,迈瑞医疗,无创呼吸机,深圳迈瑞生物医疗电子股份有限公司,2023300397834,CN309765607S,24-01(14),外观设计,授权,2026-01-30,,False,生物医药
300760.SZ,迈瑞医疗,一种图像获取装置和镜头切换方法,深圳迈瑞生物医疗电子股份有限公司,2020106223333,CN113866975B,G02B21/24(2006.01);G02B21/36(2006.01),授权发明,授权,2026-02-03,,False,生物医药
300760.SZ,迈瑞医疗,一种样本分析系统、方法、装置、设备和存储介质,深圳迈瑞生物医疗电子股份有限公司,202010761993X,CN114062695B,G01N35/00(2006.01);G01N35/02(2006.01);G01N33/68(2006.01);G01N33/53(2006.01);G01N33/49(2006.01),授权发明,专利权期限的补偿,2026-02-06,,False,生物医药
300760.SZ,迈瑞医疗,一种剪切波弹性测量方法及剪切波弹性成像系统,"深圳迈瑞科技有限公司,深圳迈瑞生物医疗电子股份有限公司",2023109093706,CN116869567B,A61B8/00(2006.01),授权发明,授权,2026-02-10,,False,生物医药
300760.SZ,迈瑞医疗,一种内窥镜及其吸引阀,"武汉迈瑞科技有限公司,深圳迈瑞生物医疗电子股份有限公司",2024227689695,CN223886876U,A61B1/00(2006.01);A61B1/015(2006.01);F16K1/00(2006.01);F16K1/32(2006.01);F16K1/46(2006.01);F16K31/60(2006.01),实用新型,授权,2026-02-10,,False,生物医药
300760.SZ,迈瑞医疗,超声骨刀及其刀头,"武汉迈瑞科技有限公司,深圳迈瑞生物医疗电子股份有限公司",2024230116947,CN223886942U,A61B17/32(2006.01);A61B17/56(2006.01),实用新型,授权,2026-02-10,,False,生物医药
300760.SZ,迈瑞医疗,血管壁剪切指数显示方法及超声成像系统,"SME医学影像诊断中心,深圳迈瑞生物医疗电子股份有限公司",2020100617702,CN113133783B,A61B8/08(2006.01),授权发明,授权,2026-02-13,,False,生物医药
300760.SZ,迈瑞医疗,提取条自动供给装置,深圳迈瑞生物医疗电子股份有限公司,2024232272418,CN223920462U,B65G47/90(2006.01);B65G47/82(2006.01);C12M1/00(2006.01),实用新型,授权,2026-02-17,,False,生物医药
300760.SZ,迈瑞医疗,样本分析仪及其供液方法,深圳迈瑞生物医疗电子股份有限公司,2020104858568,CN113759139B,G01N35/10(2006.01);G01N35/00(2006.01),授权发明,授权,2026-02-24,,False,生物医药
300760.SZ,迈瑞医疗,比浊仪的面板,"成都深迈瑞医疗电子技术研究院有限公司,深圳迈瑞生物医疗电子股份有限公司",2025301776930,CN309808474S,10-04(15),外观设计,授权,2026-02-24,,False,生物医药
300760.SZ,迈瑞医疗,全自动血培养仪的前面板,"成都深迈瑞医疗电子技术研究院有限公司,深圳迈瑞生物医疗电子股份有限公司",2025301777435,CN309812597S,24-01(15),外观设计,授权,2026-02-24,,False,生物医药
300760.SZ,迈瑞医疗,一种超声外科手术器械及超声外科手术系统,深圳迈瑞生物医疗电子股份有限公司,2021111521515,CN115869045B,A61B17/32(2006.01),授权发明,授权,2026-02-27,,False,生物医药
300760.SZ,迈瑞医疗,血沉测量方法、样本分析仪和样本分析系统,深圳迈瑞生物医疗电子股份有限公司,2023107770590,CN117330462B,G01N15/05(2006.01);G01N21/49(2006.01),授权发明,授权,2026-02-27,,False,生物医药
300760.SZ,迈瑞医疗,一种血培养仪,"成都深迈瑞医疗电子技术研究院有限公司,深圳迈瑞生物医疗电子股份有限公司",2024230873256,CN223950981U,C12M1/00(2006.01);C12M1/02(2006.01);C12M1/34(2006.01);C12M1/04(2006.01);C12M1/38(2006.01),实用新型,授权,2026-02-27,,False,生物医药
300760.SZ,迈瑞医疗,一种瞬时弹性成像方法及设备,深圳迈瑞生物医疗电子股份有限公司,2025119640864,CN121370229B,A61B8/08(2006.01);A61B8/00(2006.01);G06T3/4038(2024.01),授权发明,授权,2026-02-27,,False,生物医药
300760.SZ,迈瑞医疗,样本分析仪,深圳迈瑞生物医疗电子股份有限公司,2024232302343,CN223966579U,G01N33/48(2006.01);G01N35/00(2006.01);B01L1/00(2006.01);B01L9/00(2006.01),实用新型,授权,2026-03-03,,False,生物医药
300760.SZ,迈瑞医疗,主控板、除颤器及医疗设备,深圳迈瑞生物医疗电子股份有限公司,2021108074910,CN114515391B,A61N1/39(2006.01);G05B19/04(2006.01);H05K1/181(2026.01),授权发明,授权,2026-03-06,,False,生物医药
300760.SZ,迈瑞医疗,内窥镜及内窥镜中导光组件的安装方法,深圳迈瑞生物医疗电子股份有限公司,202111580071X,CN116327096B,A61B1/07(2006.01);A61B1/00(2006.01),授权发明,授权,2026-03-13,,False,生物医药
300760.SZ,迈瑞医疗,除颤仪的操控面板,深圳迈瑞生物医疗电子股份有限公司,2023306828966,CN309843880S,24-01(14),外观设计,授权,2026-03-13,,False,生物医药
300760.SZ,迈瑞医疗,过滤器,深圳迈瑞生物医疗电子股份有限公司,2025301289268,CN309843883S,24-01(15),外观设计,授权,2026-03-13,,False,生物医药
300760.SZ,迈瑞医疗,层析柱,深圳迈瑞生物医疗电子股份有限公司,2025301289319,CN309843884S,24-01(15),外观设计,授权,2026-03-13,,False,生物医药
300760.SZ,迈瑞医疗,超声成像系统、医学影像系统、终端设备,深圳迈瑞生物医疗电子股份有限公司,2023900002391,CN223994913U,A61B8/00(2006.01),实用新型,授权,2026-03-17,,False,生物医药
300760.SZ,迈瑞医疗,一种样本分析仪,深圳迈瑞生物医疗电子股份有限公司,202423170017X,CN224005106U,G01N33/50(2006.01);G01N33/52(2006.01);G01N35/00(2006.01);G01N35/04(2006.01),实用新型,授权,2026-03-17,,False,生物医药
300760.SZ,迈瑞医疗,电外科手术系统,"武汉迈瑞科技有限公司,深圳迈瑞生物医疗电子股份有限公司",2024231770435,CN223994971U,A61B18/12(2006.01),实用新型,授权,2026-03-17,,False,生物医药
002273.SZ,水晶光电,一种投影照明光路,浙江水晶光电科技股份有限公司,2016200738195,CN205485033U,G02B17/08(2006.01); G03B21/14(2006.01); G03B21/20(2006.01),实用新型,专利权有效期届满终止,2016-08-17,,False,光学技术
002273.SZ,水晶光电,一种电磁屏蔽结构及车载HUD装置,浙江水晶光电科技股份有限公司,2025203294091,CN223968130U,H05K9/00(2006.01);G02B27/01(2006.01);B60K35/23(2024.01),实用新型,授权,2026-03-03,,False,光学技术
002273.SZ,水晶光电,一种反射镜支架及抬头显示器,浙江水晶光电科技股份有限公司,2025205502277,CN223966756U,G02B7/198(2021.01);G02B27/01(2006.01),实用新型,授权,2026-03-03,,False,光学技术
002273.SZ,水晶光电,一种光机系统及近眼显示设备,浙江水晶光电科技股份有限公司,2025205505716,CN223966772U,G02B27/01(2006.01),实用新型,授权,2026-03-03,,False,光学技术
002273.SZ,水晶光电,一种抬头显示系统及交通工具,浙江水晶光电科技股份有限公司,2025206275321,CN223966773U,G02B27/01(2006.01);B60K35/23(2024.01),实用新型,授权,2026-03-03,,False,光学技术
002273.SZ,水晶光电,一种抬头显示装置及交通工具,浙江水晶光电科技股份有限公司,2025206405607,CN223966774U,G02B27/01(2006.01);G02B26/08(2006.01);B60K35/23(2024.01),实用新型,授权,2026-03-03,,False,光学技术
002273.SZ,水晶光电,一种HUD反射镜安装结构及车载HUD显示装置,浙江水晶光电科技股份有限公司,2025207232554,CN223966755U,G02B7/182(2021.01);G02B27/01(2006.01);B60K35/23(2024.01);B60K35/28(2024.01),实用新型,授权,2026-03-03,,False,光学技术
000157.SZ,中联重科,塔机监测预警方法、系统及塔机,中联重科股份有限公司,2012100538284,CN102583181B,B66C23/88(2006.01),授权发明,未缴年费专利权终止,2014-04-02,,False,机械制造
000157.SZ,中联重科,框架组焊工装,中联重科股份有限公司,2013100410891,CN103084772B,B23K37/04(2006.01),授权发明,未缴年费专利权终止,2015-03-18,,False,机械制造
000157.SZ,中联重科,对铣刨机投料角度进行控制的方法、设备、系统及铣刨机,中联重科股份有限公司,2013100637829,CN103147379B,E01C23/088(2006.01),授权发明,未缴年费专利权终止,2015-04-01,,False,机械制造
000157.SZ,中联重科,卸料皮带水平运动控制的方法、设备、系统及铣刨机,中联重科股份有限公司,2013100792735,CN103144940B,B65G43/02(2006.01); E01C23/088(2006.01),授权发明,未缴年费专利权终止,2015-05-13,,False,机械制造
000157.SZ,中联重科,铣刨机行走机构的控制方法和控制系统,中联重科股份有限公司,2013100954566,CN103147380B,E01C23/088(2006.01); B60K17/10(2006.01),授权发明,未缴年费专利权终止,2015-05-20,,False,机械制造
000157.SZ,中联重科,压路机控制设备、系统、方法及压路机,中联重科股份有限公司,2014101052037,CN103898828B,E01C19/28(2006.01),授权发明,未缴年费专利权终止,2016-01-20,,False,机械制造
000157.SZ,中联重科,压路机的减振方法、实现减振方法的装置和压路机,中联重科股份有限公司,2014100806075,CN103835208B,E01C19/28(2006.01),授权发明,未缴年费专利权终止,2016-02-03,,False,机械制造
000157.SZ,中联重科,衰减拍振的方法、用于实现衰减拍振的方法的装置和压路机,中联重科股份有限公司,2014100806978,CN103835209B,E01C19/28(2006.01),授权发明,未缴年费专利权终止,2016-04-13,,False,机械制造
000157.SZ,中联重科,牵引装置及具有其的行走机械,"中联重科股份有限公司渭南分公司,中联重科股份有限公司",2015211368322,CN205259249U,E02F9/00(2006.01); E02F3/04(2006.01),实用新型,专利权有效期届满终止,2016-05-25,,False,机械制造
000157.SZ,中联重科,管状件及输送系统,中联重科股份有限公司,201620043070X,CN205291729U,B32B1/08(2006.01); B32B3/30(2006.01); B32B5/26(2006.01); B32B5/12(2006.01); B32B33/00(2006.01); F16L9/14(2006.01),实用新型,专利权有效期届满终止,2016-06-08,,False,机械制造
000157.SZ,中联重科,推土机牵引架和推土机,"中联重科股份有限公司渭南分公司,中联重科股份有限公司",2015211366308,CN205348250U,E02F3/80(2006.01); E02F3/84(2006.01); E02F3/76(2006.01),实用新型,专利权有效期届满终止,2016-06-29,,False,机械制造
000157.SZ,中联重科,油冷器安装结构及矿用自卸车,中联重科股份有限公司,2021205168004,CN215154320U,B60R11/00(2006.01);F16H57/04(2010.01),实用新型,未缴年费专利权终止,2021-12-14,,False,机械制造
000157.SZ,中联重科,可更换吊具的起重设备及其吊具自动更换控制方法,中联重科股份有限公司,2024115692051,CN119409086B,B66C23/62(2006.01);B66C23/64(2006.01);B66C23/88(2006.01);B66C1/34(2006.01),授权发明,授权,2026-01-13,,False,机械制造
000157.SZ,中联重科,支腿装配方法、工程机械、存储介质及处理器,中联重科股份有限公司,2022117379698,CN116253239B,B66C5/00(2006.01);G01B11/00(2006.01);G01C11/00(2006.01);G01C11/04(2006.01);G06V20/50(2022.01);G06V10/10(2022.01);G06T7/70(2017.01);B66C13/00(2006.01),授权发明,授权,2026-01-23,,False,机械制造
000157.SZ,中联重科,液压油剪切安定性评价装置,"中联重科股份有限公司,中联重科股份有限公司中旺分公司",2024232004946,CN223827500U,G01N11/10(2006.01),实用新型,授权,2026-01-23,,False,机械制造
000157.SZ,中联重科,电池包面板、电池箱、电池包和工程机械,中联重科股份有限公司,2024232710145,CN223842939U,H01M10/42(2006.01);H01M50/244(2021.01);H01M50/296(2021.01);H01M50/249(2021.01);H02J7/70(2026.01);H02J7/50(2026.01);H02J7/52(2026.01);H02J7/60(2026.01);H02J7/65(2026.01),实用新型,授权,2026-01-27,,False,机械制造
000157.SZ,中联重科,行星齿轮机构、变速箱和作业机械,中联重科股份有限公司,2025208242623,CN223839724U,F16H57/04(2010.01);F16H3/44(2006.01);E02F9/20(2006.01),实用新型,授权,2026-01-27,,False,机械制造
000157.SZ,中联重科,一体式潜孔钻机,中联重科股份有限公司,2025303355071,CN309754530S,15-04(15),外观设计,授权,2026-01-27,,False,机械制造
000157.SZ,中联重科,旋转驱动机构、臂架及工程机械,中联重科股份有限公司,2022102594973,CN116792358B,F15B15/08(2006.01);B66C23/68(2006.01);B66C23/70(2006.01);E04G21/04(2006.01),授权发明,授权,2026-01-30,,False,机械制造
000157.SZ,中联重科,用于工程车辆的液压控制系统和工程车辆,中联重科股份有限公司,2024110515737,CN119062615B,F15B1/04(2006.01);F15B11/16(2006.01);F15B13/06(2006.01),授权发明,授权,2026-01-30,,False,机械制造
000157.SZ,中联重科,伸缩臂单元及起重机械,中联重科股份有限公司,2024112799288,CN119100287B,B66C23/687(2006.01),授权发明,授权,2026-01-30,,False,机械制造
000157.SZ,中联重科,电子设备的作业机械远程操控图形用户界面,中联重科股份有限公司,2024307287685,CN309763713S,14-04(14),外观设计,授权,2026-01-30,,False,机械制造
000157.SZ,中联重科,充液阀、行车液压制动系统及行车液压转向系统,中联重科股份有限公司,2019111732218,CN112943712B,F15B1/02(2006.01);F15B13/02(2006.01),授权发明,授权,2026-02-03,,False,机械制造
000157.SZ,中联重科,超大型塔式起重机,"中联重科股份有限公司,中联重科建筑起重机械有限责任公司",2021106255752,CN115432595B,B66C23/26(2006.01);B66C23/20(2006.01);B66C23/60(2006.01);B66C23/62(2006.01);B66C23/82(2006.01);B66C23/64(2006.01);H02G11/02(2006.01),授权发明,授权,2026-02-03,,False,机械制造
000157.SZ,中联重科,用于防止起重机吊臂前窜的方法、装置及起重机,中联重科股份有限公司,2022106125715,CN115108471B,B66C13/46(2006.01);B66C13/20(2006.01),授权发明,授权,2026-02-03,,False,机械制造
000157.SZ,中联重科,用于确定塔式起重机风载荷的方法、处理器及存储介质,"中联重科股份有限公司,中联重科建筑起重机械有限责任公司",2022107614723,CN115293061B,G06F30/28(2020.01);G06F113/06(2020.01);G06F113/08(2020.01);G06F119/14(2020.01),授权发明,授权,2026-02-03,,False,机械制造
000157.SZ,中联重科,用于识别油耗异常泵车的方法及分析泵车油耗异常的方法,中联重科股份有限公司,2022109835769,CN115388970B,G01F9/00(2006.01);G01M99/00(2011.01),授权发明,授权,2026-02-03,,False,机械制造
000157.SZ,中联重科,液压系统控制方法及可读存储介质,中联重科股份有限公司,2022110138436,CN115434986B,F15B21/08(2006.01);F15B11/042(2006.01);F15B13/04(2006.01);F15B19/00(2006.01);B66C13/20(2006.01);E02F9/22(2006.01),授权发明,授权,2026-02-03,,False,机械制造
000157.SZ,中联重科,动作优先控制系统及动作优先控制方法,"常德中联重科液压有限公司,中联重科股份有限公司",2022110793273,CN115405592B,F15B21/08(2006.01);F15B11/16(2006.01);F15B13/06(2006.01);F15B11/04(2006.01);E02F9/22(2006.01);E02F9/20(2006.01),授权发明,授权,2026-02-03,,False,机械制造
000157.SZ,中联重科,方向阀阀杆位移的检测方法、检测装置及方向阀,中联重科股份有限公司,2022116000487,CN116007926B,G01M13/003(2019.01),授权发明,授权,2026-02-03,,False,机械制造
000157.SZ,中联重科,焊接监测方法、装置、系统、存储介质及处理器,中联重科股份有限公司,2022117348789,CN116000512B,B23K37/00(2025.01);G06T13/20(2011.01),授权发明,授权,2026-02-03,,False,机械制造
000157.SZ,中联重科,用于数据血缘的解析方法、存储介质及处理器,"中联重科股份有限公司,中科云谷科技有限公司",2023104364951,CN116662367B,G06F16/242(2019.01);G06F40/205(2020.01);G06F16/26(2019.01),授权发明,授权,2026-02-03,,False,机械制造
000157.SZ,中联重科,互锁控制电路及双塔式起重机,"中联重科股份有限公司,中联重科建筑起重机械有限责任公司",2021106255979,CN115432605B,B66C23/88(2006.01);B66C13/18(2006.01);B66C13/22(2006.01),授权发明,授权,2026-02-06,,False,机械制造
000157.SZ,中联重科,用于工况数据的分类方法、处理器、分类装置及工程设备,中联重科股份有限公司,2021115447978,CN114493095B,G06F18/24(2023.01);G06Q10/063(2023.01);G06Q50/08(2012.01);E04G21/00(2006.01);E04G21/02(2006.01),授权发明,授权,2026-02-06,,False,机械制造
000157.SZ,中联重科,用于控制液压辅助驱动系统的方法、处理器及起重机,中联重科股份有限公司,2022103320557,CN114683843B,B60K31/06(2006.01),授权发明,授权,2026-02-06,,False,机械制造
000157.SZ,中联重科,单主泵泵送液压系统和混凝土泵送设备,中联重科股份有限公司,2022107450901,CN115289108B,F15B21/08(2006.01);F15B11/17(2006.01);F15B13/04(2006.01);F15B20/00(2006.01),授权发明,授权,2026-02-06,,False,机械制造
000157.SZ,中联重科,负载补偿回转缓冲阀、回转液压系统和汽车起重机,中联重科股份有限公司,2022107450916,CN115289086B,F15B13/02(2006.01);F15B21/00(2006.01),授权发明,授权,2026-02-06,,False,机械制造
000157.SZ,中联重科,吊臂转运系统和工程机械设备产线,中联重科股份有限公司,2022107724333,CN115285833B,B66C1/22(2006.01);B66C1/28(2006.01);B66C13/08(2006.01);B66C15/00(2006.01);B66F9/06(2006.01);B66F9/075(2006.01),授权发明,授权,2026-02-06,,False,机械制造
000157.SZ,中联重科,操纵室预装辅助系统和工程机械生产线,中联重科股份有限公司,2022112619178,CN115924756B,B66C19/02(2006.01);B66C15/00(2006.01);B66C9/14(2006.01);B66C6/00(2006.01),授权发明,授权,2026-02-06,,False,机械制造
000157.SZ,中联重科,用于吊钩高度的检测方法、起重机、存储介质及控制器,中联重科股份有限公司,2022117391168,CN116161551B,G01B21/02(2006.01);B66C13/46(2006.01);B66C13/16(2006.01),授权发明,授权,2026-02-06,,False,机械制造
000157.SZ,中联重科,工程机械回转驱动控制方法、装置、处理器及存储介质,中联重科股份有限公司,2023103598976,CN116576168B,F15B13/02(2006.01);F15B20/00(2006.01);F15B21/00(2006.01);F15B21/02(2006.01);E04G21/04(2006.01),授权发明,授权,2026-02-06,,False,机械制造
000157.SZ,中联重科,用于起重器械的双缸液压系统及起重机,中联重科股份有限公司,2024111915807,CN119160784B,B66C13/42(2006.01);F15B11/22(2006.01);F15B13/06(2006.01);F15B20/00(2006.01),授权发明,授权,2026-02-06,,False,机械制造
000157.SZ,中联重科,高低压切换阀、泵送控制阀组和泵送液压系统,"常德中联重科液压有限公司,中联重科股份有限公司",2024111969099,CN119122873B,F15B13/02(2006.01);F16K11/078(2006.01);F15B11/036(2006.01),授权发明,授权,2026-02-10,,False,机械制造
000157.SZ,中联重科,燃料电池热电联供控制系统及作业机械,中联重科股份有限公司,2024119624335,CN119943991B,H01M8/04029(2016.01);H01M8/04701(2016.01);H01M8/04007(2016.01);H01M8/04014(2016.01);H01M8/0267(2016.01),授权发明,授权,2026-02-10,,False,机械制造
000157.SZ,中联重科,管结构对接定位设备和管结构生产线,"中联重科股份有限公司,中联重科股份有限公司中旺分公司",2023109585607,CN117139979B,B23K37/0533(2025.01);B23K37/00(2025.01),授权发明,授权,2026-02-13,,False,机械制造
000157.SZ,中联重科,用于动态监测轨迹的方法、装置及服务器,"中联重科股份有限公司,中科云谷科技有限公司",2022108700995,CN115344652B,G06Q10/0833(2023.01);G06F16/29(2019.01);G06F16/2458(2019.01);G06F16/2455(2019.01);G06Q30/016(2023.01),授权发明,授权,2026-02-17,,False,机械制造
000157.SZ,中联重科,板件变形校平方法、校平装置和机器可读存储介质,中联重科股份有限公司,2022109231294,CN115318875B,B21D1/00(2006.01);B21C51/00(2006.01);B21D43/14(2006.01),授权发明,授权,2026-02-17,,False,机械制造
000157.SZ,中联重科,用于确定吊钩位置的方法、装置、存储介质及处理器,中联重科股份有限公司,2022115739519,CN116188568B,G06T7/73(2017.01);G06V10/25(2022.01);G06V10/80(2022.01);G06V10/82(2022.01),授权发明,授权,2026-02-17,,False,机械制造
000157.SZ,中联重科,液控操作起重机主泵功率的控制方法及液控操作起重机,中联重科股份有限公司,2022117382949,CN116142975B,B66C13/18(2006.01);B66C13/16(2006.01),授权发明,授权,2026-02-17,,False,机械制造
000157.SZ,中联重科,起重机及其吊装作业的定位系统和定位方法、存储介质,中联重科股份有限公司,2023102334877,CN116332037B,B66C13/16(2006.01);B66C13/44(2006.01);B66C13/46(2006.01);B66C13/48(2006.01),授权发明,授权,2026-02-17,,False,机械制造
000157.SZ,中联重科,拌湿机,"中联重科股份有限公司,湖南中联重科混凝土机械站类设备有限公司",2023102814395,CN116747770B,B01F35/11(2022.01);B01F35/22(2022.01),授权发明,授权,2026-02-24,,False,机械制造
000157.SZ,中联重科,用于挖掘机的控制方法、控制系统、存储介质及控制器,"中联重科股份有限公司,中联重科土方机械有限公司,陕西中联西部土方机械有限公司",2023107880745,CN116770912B,E02F1/00(2006.01);E02F9/20(2006.01),授权发明,授权,2026-02-24,,False,机械制造
000157.SZ,中联重科,用于电静液执行器系统的控制方法、控制器及执行器系统,中联重科股份有限公司,2023104366285,CN116517928B,F15B21/08(2006.01);F15B1/033(2006.01);F15B11/042(2006.01);F15B11/08(2006.01);F15B13/04(2006.01);F15B19/00(2006.01),授权发明,授权,2026-02-27,,False,机械制造
000157.SZ,中联重科,车辆货厢举升系统及车辆货厢举升方法,中联重科股份有限公司,2024111731112,CN119058518B,B60P1/16(2006.01);B60K25/00(2006.01);B60P1/04(2006.01),授权发明,授权,2026-02-27,,False,机械制造
000157.SZ,中联重科,多起重机抬吊的引导方法、电子设备及可读存储介质,中联重科股份有限公司,2024117294256,CN119284748B,B66C13/16(2006.01);B66C15/00(2006.01);B66C13/18(2006.01),授权发明,授权,2026-02-27,,False,机械制造
000157.SZ,中联重科,减速器总成、电驱桥及车辆,中联重科股份有限公司,202411770113X,CN119435652B,F16H3/10(2006.01),授权发明,授权,2026-02-27,,False,机械制造
000157.SZ,中联重科,一种加热装置及搅拌车,中联重科股份有限公司,2024231675500,CN223948187U,B28C5/42(2006.01);B28C5/46(2006.01),实用新型,授权,2026-02-27,,False,机械制造
000157.SZ,中联重科,一种吊臂装配定位装置,中联重科股份有限公司,2025200056477,CN223947147U,B23K37/04(2006.01);B23K31/02(2006.01),实用新型,授权,2026-02-27,,False,机械制造
000157.SZ,中联重科,一种伸缩扶梯及工程车辆,中联重科股份有限公司,2025200105327,CN223952588U,E06C5/02(2006.01);E06C5/32(2006.01);E06C7/18(2006.01);E06C7/08(2006.01),实用新型,授权,2026-02-27,,False,机械制造
000157.SZ,中联重科,固态储氢换热单元及固态储氢换热装置,中联重科股份有限公司,2025201032126,CN223954722U,F28D20/00(2006.01);F17C11/00(2006.01),实用新型,授权,2026-02-27,,False,机械制造
000157.SZ,中联重科,搅拌车,中联重科股份有限公司,2025302472345,CN309819472S,15-04(15),外观设计,授权,2026-02-27,,False,机械制造
000157.SZ,中联重科,矿用宽体自卸车（混动）,中联重科股份有限公司,2025303355086,CN309817777S,12-08(15),外观设计,授权,2026-02-27,,False,机械制造
000157.SZ,中联重科,非公路电传动自卸车,中联重科股份有限公司,2025303355090,CN309817778S,12-08(15),外观设计,授权,2026-02-27,,False,机械制造
000157.SZ,中联重科,锤式破碎机,中联重科股份有限公司,2025303630083,CN309819609S,15-09(15),外观设计,授权,2026-02-27,,False,机械制造
000157.SZ,中联重科,矿用宽体自卸车（纯电）,中联重科股份有限公司,2025303630327,CN309817781S,12-08(15),外观设计,授权,2026-02-27,,False,机械制造
000157.SZ,中联重科,混凝土搅拌运输车,中联重科股份有限公司,2025304075913,CN309819476S,15-04(15),外观设计,授权,2026-02-27,,False,机械制造
000157.SZ,中联重科,割草机,中联重科股份有限公司,2025304314651,CN309819470S,15-03(15),外观设计,授权,2026-02-27,,False,机械制造
000157.SZ,中联重科,起重机加侧载试验装置,中联重科股份有限公司,2025304610960,CN309817420S,10-05(15),外观设计,授权,2026-02-27,,False,机械制造
000157.SZ,中联重科,用于识别障碍物的方法、装置、控制器及可移动设备,中联重科股份有限公司,2022107813021,CN115164880B,G01C21/16(2006.01);G01C21/00(2006.01);G01S17/86(2020.01);G06V20/10(2022.01);G06V10/26(2022.01),授权发明,授权,2026-03-03,,False,机械制造
000157.SZ,中联重科,起重机转台柔性组对工装及起重机转台组对方法,中联重科股份有限公司,2023100682230,CN116214036B,B23K37/04(2006.01);B23K31/00(2006.01),授权发明,授权,2026-03-03,,False,机械制造
000157.SZ,中联重科,电液比例流量控制阀组、方法、介质、控制器及系统,中联重科股份有限公司,2023103245531,CN116557367B,F15B13/02(2006.01);G06F30/17(2020.01);G06F30/20(2020.01);G05D7/06(2006.01);F15B13/16(2006.01);F15B19/00(2006.01);G06F119/14(2020.01),授权发明,授权,2026-03-03,,False,机械制造
000157.SZ,中联重科,恒流量控制阀组、副臂控制模块、整机液压系统和起重机,中联重科股份有限公司,2024106016524,CN118407947B,F15B13/02(2006.01);F15B1/02(2006.01);F15B11/08(2006.01);B66C23/62(2006.01),授权发明,授权,2026-03-03,,False,机械制造
000157.SZ,中联重科,起重机,中联重科股份有限公司,2022113794812,CN115744680B,B66C23/64(2006.01);B66C23/72(2006.01);B66C23/82(2006.01);B66C23/88(2006.01);B66C23/90(2006.01),授权发明,授权,2026-03-06,,False,机械制造
000157.SZ,中联重科,基于深度协同注意网络的点云配准方法及装置、训练方法,中联重科股份有限公司,2023103147350,CN116523976B,G06T7/33(2017.01);G06V10/75(2022.01);G06V20/64(2022.01);G06V10/82(2022.01);G06V10/80(2022.01);G06N3/045(2023.01);G06N3/0464(2023.01);G06N3/048(2023.01),授权发明,授权,2026-03-06,,False,机械制造
000157.SZ,中联重科,工程车辆及其转向控制系统、方法,中联重科股份有限公司,2024118299454,CN119705604B,B62D5/30(2006.01),授权发明,授权,2026-03-06,,False,机械制造
000157.SZ,中联重科,确定臂架姿态的方法和装置及展收臂架的方法和装置,中联重科股份有限公司,2022104740688,CN114986560B,B25J18/00(2006.01);B25J9/16(2006.01),授权发明,授权,2026-03-10,,False,机械制造
000157.SZ,中联重科,用于电动空压机的控制方法、控制装置及处理器,中联重科股份有限公司,2022114854469,CN115806239B,B66C13/16(2006.01);B66C13/22(2006.01),授权发明,授权,2026-03-10,,False,机械制造
000157.SZ,中联重科,用于臂架姿态的分类方法、分类装置及工程机械,中联重科股份有限公司,202411510525X,CN119559424B,G06V10/764(2022.01);G06V20/56(2022.01);G06V10/44(2022.01);G06V10/25(2022.01),授权发明,授权,2026-03-10,,False,机械制造
000157.SZ,中联重科,压装装置,中联重科股份有限公司,2025205906745,CN223981425U,B23P19/02(2006.01);B25B11/02(2006.01),实用新型,授权,2026-03-10,,False,机械制造
000157.SZ,中联重科,配重伸缩支架和起重机,中联重科股份有限公司,2025208526589,CN223983394U,B66C23/78(2006.01);B66C23/72(2006.01),实用新型,授权,2026-03-10,,False,机械制造
000157.SZ,中联重科,电子设备的智能吊装辅助引导图形用户界面,中联重科股份有限公司,202530266280X,CN309838371S,14-04(15),外观设计,授权,2026-03-10,,False,机械制造
000157.SZ,中联重科,轮式机器人,中联重科股份有限公司,202530456879X,CN309838744S,15-99(15),外观设计,授权,2026-03-10,,False,机械制造
000157.SZ,中联重科,轮式机器人,中联重科股份有限公司,2025304568874,CN309838745S,15-99(15),外观设计,授权,2026-03-10,,False,机械制造
000157.SZ,中联重科,管接头插接用整形装置及液压管组装系统,"中联重科股份有限公司,中联重科股份有限公司中旺分公司",2025202317170,CN223988908U,B21D3/00(2006.01);B23P19/04(2006.01),实用新型,授权,2026-03-13,,False,机械制造
000157.SZ,中联重科,工程机械臂架路径规划方法及装置,中联重科股份有限公司,2022115026653,CN115847403B,B25J9/16(2006.01),授权发明,授权,2026-03-17,,False,机械制造
000157.SZ,中联重科,臂架液压系统和混凝土设备,中联重科股份有限公司,2024112375562,CN119244588B,F15B11/16(2006.01);F15B13/06(2006.01);F15B19/00(2006.01);E04G21/04(2006.01),授权发明,授权,2026-03-17,,False,机械制造
000157.SZ,中联重科,电子设备的吊装模拟图形用户界面,中联重科股份有限公司,2025303139354,CN309849901S,14-04(15),外观设计,授权,2026-03-17,,False,机械制造
000333.SZ,美的集团,加热烹调装置,"东芝生活电器株式会社,美的集团股份有限公司",2006100956241,CN100436946C,F24C1/00(2006.01); A47J27/04(2006.01); F24C7/02(2006.01),授权发明,专利权转移,2008-11-26,,False,电子电气
000333.SZ,美的集团,筒式洗衣机,"东芝生活电器株式会社,美的集团股份有限公司",2008100868324,CN101358418B,D06F23/00(2006.01); D06F33/00(2006.01); D06F39/00(2006.01); G01P15/00(2006.01),授权发明,专利权转移,2010-12-01,,False,电子电气
000333.SZ,美的集团,一种消除房间余热的节能冷却装置的控制方法,美的集团股份有限公司,2008102207152,CN101457997B,F25B1/00(2006.01); F25B49/02(2006.01); F24F11/00(2006.01); F24F11/053(2006.01),授权发明,未缴年费专利权终止,2011-03-23,,False,电子电气
000333.SZ,美的集团,加热烹调器,美的集团股份有限公司,2009101508424,CN101611732B,A21B1/36(2006.01); A21B3/00(2006.01); A21B3/04(2006.01),授权发明,专利权转移,2011-06-01,,False,电子电气
000333.SZ,美的集团,加热烹调装置,"东芝生活电器株式会社,美的集团股份有限公司",2008102138896,CN101368742B,F24C3/00(2006.01); F22B1/28(2006.01); F24C7/08(2006.01),授权发明,专利权转移,2011-08-03,,False,电子电气
000333.SZ,美的集团,加热烹调器,"IPC(主分类):F24C 7/00,号牌文件类型代码:1602 号牌文件序号:101738744284,专利号:ZL2009101670743,美的集团股份有限公司",2009101670743,CN101660777B,F24C7/00(2006.01); F24C7/02(2006.01); F24C7/06(2006.01),授权发明,专利权转移,2011-11-16,,False,电子电气
000333.SZ,美的集团,洗涤机,美的集团股份有限公司,2008801147294,CN101849058B,D06F33/02(2006.01); H02K1/27(2006.01); H02K15/03(2006.01); H02P27/06(2006.01),授权发明,专利权转移,2012-05-02,,False,电子电气
000333.SZ,美的集团,低电压启动运行的空调器及其控制方法,美的集团股份有限公司,2011100286626,CN102072551B,F24F11/02(2006.01); F24F11/00(2006.01),授权发明,未缴年费专利权终止,2012-11-07,,False,电子电气
000333.SZ,美的集团,洗涤机的电动机驱动装置,美的集团股份有限公司,2010101889537,CN101899764B,D06F33/02(2006.01); H02P23/00(2006.01),授权发明,专利权转移,2012-11-14,,False,电子电气
000333.SZ,美的集团,冰箱,"号牌文件类型代码:1602 号牌文件序号:101738372053,专利号:ZL2010101432343,IPC(主分类):F25D 23/06,美的集团股份有限公司",2010101432343,CN101846431B,F25D23/06(2006.01),授权发明,专利权转移,2012-11-28,,False,电子电气
000333.SZ,美的集团,加热烹调器,美的集团股份有限公司,2010102347780,CN101961036B,A21B1/36(2006.01),授权发明,专利权转移,2012-12-19,,False,电子电气
000333.SZ,美的集团,一种平行流换热器,美的集团股份有限公司,2011100290123,CN102109253B,F25B39/00(2006.01); F28F9/02(2006.01),授权发明,未缴年费专利权终止,2013-01-09,,False,电子电气
000333.SZ,美的集团,滚筒式洗涤机以及具有阻尼器的悬架的制造方法,"东芝家用电器制造(南海)有限公司,美的集团股份有限公司",2010102601512,CN101994233B,D06F37/22(2006.01); D06F23/02(2006.01),授权发明,专利权转移,2013-01-16,,False,电子电气
000333.SZ,美的集团,衣类干燥机,美的集团股份有限公司,2010101898875,CN101899774B,D06F58/04(2006.01); D06F58/24(2006.01); D06F58/10(2006.01); D06F25/00(2006.01),授权发明,专利权转移,2013-02-13,,False,电子电气
000333.SZ,美的集团,洗衣机,美的集团股份有限公司,2011102140281,CN102345221B,D06F37/20(2006.01),授权发明,专利权转移,2013-06-19,,False,电子电气
000333.SZ,美的集团,冰箱,美的集团股份有限公司,2010102793211,CN102032743B,F25D17/08(2006.01),授权发明,专利权转移,2013-06-26,,False,电子电气
000333.SZ,美的集团,洗衣机,美的集团股份有限公司,2011102546628,CN102383291B,D06F37/20(2006.01); D06F33/02(2006.01),授权发明,专利权转移,2013-08-14,,False,电子电气
000333.SZ,美的集团,洗衣机,美的集团股份有限公司,2011102669596,CN102433712B,D06F37/20(2006.01),授权发明,专利权转移,2013-11-13,,False,电子电气
000333.SZ,美的集团,洗衣机,"号牌文件类型代码:1602,美的集团股份有限公司",2011102751270,CN102433713B,D06F37/20(2006.01); D06F33/02(2006.01),授权发明,专利权转移,2013-11-13,,False,电子电气
000333.SZ,美的集团,滚筒式洗涤机,"株式会社 东芝,美的集团股份有限公司",2010800075436,CN102317535B,D06F37/22(2006.01); D06F23/06(2006.01); D06F37/20(2006.01); F16F9/53(2006.01); F16F15/03(2006.01),授权发明,专利权转移,2013-11-27,,False,电子电气
000333.SZ,美的集团,空调灭菌装置及其控制方法,美的集团股份有限公司,2012100241634,CN102563813B,F24F11/00(2006.01); A61L9/20(2006.01); A61L9/16(2006.01),授权发明,未缴年费专利权终止,2014-01-22,,False,电子电气
000333.SZ,美的集团,永磁电机以及洗濯机,"株式会社 东芝,美的集团股份有限公司",2010800218355,CN102428631B,H02K29/08(2006.01); H02K1/18(2006.01); H02K1/22(2006.01); H02K1/27(2006.01); H02K11/00(2006.01); H02K21/22(2006.01),授权发明,专利权转移,2014-03-26,,False,电子电气
000333.SZ,美的集团,电真空吸尘器,"东芝生活电器株式会社,美的集团股份有限公司",200980155500X,CN102292012B,A47L9/28(2006.01),授权发明,专利权转移,2014-05-28,,False,电子电气
000333.SZ,美的集团,衣物干燥机,美的集团股份有限公司,2009801291285,CN102105631B,D06F25/00(2006.01); D06F58/02(2006.01); D06F58/28(2006.01),授权发明,专利权转移,2014-06-04,,False,电子电气
000333.SZ,美的集团,集尘器和真空吸尘器,美的集团股份有限公司,2011102192619,CN102342800B,A47L9/10(2006.01); A47L5/12(2006.01),授权发明,专利权转移,2014-07-16,,False,电子电气
000333.SZ,美的集团,滚筒式洗衣机,"株式会社 东芝,美的集团股份有限公司",2010800374391,CN102482833B,D06F39/08(2006.01); D06F23/06(2006.01); D06F33/02(2006.01),授权发明,专利权转移,2014-07-30,,False,电子电气
000333.SZ,美的集团,冰箱,美的集团股份有限公司,2011103124905,CN102455106B,F25D23/08(2006.01),授权发明,专利权转移,2014-07-30,,False,电子电气
000333.SZ,美的集团,冰箱,美的集团股份有限公司,2011103491815,CN102419059B,F25D23/12(2006.01); F25D29/00(2006.01),授权发明,专利权转移,2015-01-14,,False,电子电气
000333.SZ,美的集团,加热烹调器,美的集团股份有限公司,2011103626704,CN102525249B,A47J27/00(2006.01),授权发明,专利权转移,2015-01-28,,False,电子电气
000333.SZ,美的集团,滚筒式洗衣机,美的集团股份有限公司,2012100215150,CN102733149B,D06F37/20(2006.01),授权发明,专利权转移,2015-02-18,,False,电子电气
000333.SZ,美的集团,洗衣机,美的集团股份有限公司,2012100571583,CN102797130B,D06F37/20(2006.01),授权发明,专利权转移,2015-03-18,,False,电子电气
000333.SZ,美的集团,减震器、洗涤机以及洗涤干燥机,"株式会社 东芝,美的集团股份有限公司",2010800647702,CN102770594B,D06F37/22(2006.01); F16C29/02(2006.01); F16F9/53(2006.01); F16F15/03(2006.01); F16J15/32(2006.01),授权发明,专利权转移,2015-03-25,,False,电子电气
000333.SZ,美的集团,洗衣机,美的集团股份有限公司,2012102361128,CN102888738B,D06F39/00(2006.01); D06F33/00(2006.01),授权发明,专利权转移,2015-04-15,,False,电子电气
000333.SZ,美的集团,阻尼器、洗涤机及洗涤干燥机,"株式会社 东芝,美的集团股份有限公司",2011800252990,CN102906326B,D06F37/22(2006.01); F16F9/53(2006.01),授权发明,专利权转移,2015-05-06,,False,电子电气
000333.SZ,美的集团,电动吸尘器,"专利号:ZL2011100601067,IPC(主分类):A47L 9/28,号牌文件类型代码:1602 号牌文件序号:101738750763,美的集团股份有限公司",2011100601067,CN102188213B,A47L9/28(2006.01); A47L5/22(2006.01),授权发明,专利权转移,2015-11-04,,False,电子电气
000333.SZ,美的集团,电动吸尘器,美的集团股份有限公司,2012105643677,CN103169429B,A47L9/10(2006.01); A47L9/00(2006.01); A47L5/22(2006.01),授权发明,专利权转移,2016-01-27,,False,电子电气
000333.SZ,美的集团,洗衣机用阻尼器,美的集团股份有限公司,2013102138577,CN103668869B,D06F37/22(2006.01),授权发明,专利权转移,2016-02-10,,False,电子电气
000333.SZ,美的集团,冰箱,"株式会社东芝,美的集团股份有限公司",2012800602289,CN103975212B,F25D23/06(2006.01); F25D19/00(2006.01),授权发明,专利权转移,2016-02-17,,False,电子电气
000333.SZ,美的集团,洗衣机,美的集团股份有限公司,2012800439501,CN103781957B,D06F17/10(2006.01); D06F23/04(2006.01),授权发明,专利权转移,2016-02-24,,False,电子电气
000333.SZ,美的集团,电动吸尘器,美的集团股份有限公司,2011800698709,CN103458755B,A47L9/28(2006.01); G05D1/02(2006.01),授权发明,专利权转移,2016-04-06,,False,电子电气
000333.SZ,美的集团,电热烹饪器具,"佛山市顺德区美的电热电器制造有限公司,美的集团股份有限公司",2015210161940,CN205181128U,A47J37/00(2006.01); A47J27/00(2006.01); A47J36/24(2006.01),实用新型,专利权有效期届满终止,2016-04-27,,False,电子电气
000333.SZ,美的集团,风扇扇盒,"广东美的环境电器制造有限公司,美的集团股份有限公司",2015305186657,CN303656552S,23-04 (10),外观设计,专利权有效期届满终止,2016-04-27,,False,电子电气
000333.SZ,美的集团,台扇底座,"广东美的环境电器制造有限公司,美的集团股份有限公司",201530520628X,CN303656553S,23-04 (10),外观设计,专利权有效期届满终止,2016-04-27,,False,电子电气
000333.SZ,美的集团,永磁电机及洗衣机,"东芝生活电器株式会社,美的集团股份有限公司",2012800465084,CN103828194B,H02K1/27(2006.01); H02K15/03(2006.01),授权发明,专利权转移,2016-05-11,,False,电子电气
000333.SZ,美的集团,一种烟机空调上出风框组件及具有其的制冷油烟机,"广东美的制冷设备有限公司,美的集团股份有限公司",2015210113133,CN205227626U,F24F5/00(2006.01); F24F13/06(2006.01); F24C15/20(2006.01),实用新型,专利权有效期届满终止,2016-05-11,,False,电子电气
000333.SZ,美的集团,一种烟机空调下出风框及具有其的制冷油烟机,"广东美的制冷设备有限公司,美的集团股份有限公司",2015210113222,CN205227718U,F24F13/08(2006.01); F24C15/20(2006.01),实用新型,专利权有效期届满终止,2016-05-11,,False,电子电气
000333.SZ,美的集团,一种烟机空调接水盘及具有其的制冷油烟机,"广东美的制冷设备有限公司,美的集团股份有限公司",2015210113580,CN205227627U,F24F5/00(2006.01); F24F13/22(2006.01); F24C15/20(2006.01),实用新型,专利权有效期届满终止,2016-05-11,,False,电子电气
000333.SZ,美的集团,一种PFC电感饱和抑制电路及电源设备,"广东美的制冷设备有限公司,美的集团股份有限公司",2015210133847,CN205232021U,H02M1/42(2007.01); H02M1/32(2007.01),实用新型,专利权有效期届满终止,2016-05-11,,False,电子电气
000333.SZ,美的集团,一种烟机空调室内机底盘及具有其的制冷油烟机,"广东美的制冷设备有限公司,美的集团股份有限公司",2015210134178,CN205227460U,F24C15/20(2006.01); F24F5/00(2006.01); F24F13/20(2006.01),实用新型,专利权有效期届满终止,2016-05-11,,False,电子电气
000333.SZ,美的集团,一种烟机空调面框部件及具有其的制冷油烟机,"广东美的制冷设备有限公司,美的集团股份有限公司",2015210134604,CN205227461U,F24C15/20(2006.01); F24F5/00(2006.01); F24F13/20(2006.01),实用新型,专利权有效期届满终止,2016-05-11,,False,电子电气
000333.SZ,美的集团,电水壶,"广东美的生活电器制造有限公司,美的集团股份有限公司",2015210152301,CN205214981U,A47J27/21(2006.01),实用新型,专利权有效期届满终止,2016-05-11,,False,电子电气
000333.SZ,美的集团,电磁加热装置及其加热控制电路,"佛山市顺德区美的电热电器制造有限公司,美的集团股份有限公司",2015210266139,CN205232489U,H05B6/06(2006.01),实用新型,专利权有效期届满终止,2016-05-11,,False,电子电气
000333.SZ,美的集团,过线装置和电控箱,"广东美的暖通设备有限公司,美的集团股份有限公司",2015210751632,CN205232653U,H05K7/12(2006.01),实用新型,专利权有效期届满终止,2016-05-11,,False,电子电气
000333.SZ,美的集团,风扇电机总成和风扇,"广东美的环境电器制造有限公司,美的集团股份有限公司",2015210710083,CN205243909U,F04D25/10(2006.01)I;F04D29/60(2006.01)I,实用新型,专利权有效期届满终止,2016-05-18,,False,电子电气
000333.SZ,美的集团,烹制厨具的外罩壳，烹制厨具的煲体和电饭煲,"佛山市顺德区美的电热电器制造有限公司,美的集团股份有限公司",2015210830808,CN205234256U,A47J27/00(2006.01); A47J36/00(2006.01); A47J36/06(2006.01),实用新型,专利权有效期届满终止,2016-05-18,,False,电子电气
000333.SZ,美的集团,发热盘及烹饪锅具,"佛山市顺德区美的电热电器制造有限公司,美的集团股份有限公司",2015210872321,CN205251214U,A47J27/00(2006.01); A47J36/24(2006.01),实用新型,专利权有效期届满终止,2016-05-25,,False,电子电气
000333.SZ,美的集团,烹饪锅具,"佛山市顺德区美的电热电器制造有限公司,美的集团股份有限公司",2015211338670,CN205251272U,A47J36/00(2006.01); A47J27/00(2006.01); H05K7/20(2006.01),实用新型,专利权有效期届满终止,2016-05-25,,False,电子电气
000333.SZ,美的集团,烹饪锅具,"佛山市顺德区美的电热电器制造有限公司,美的集团股份有限公司",201620022116X,CN205251220U,A47J27/00(2006.01); A47J27/086(2006.01); A47J36/24(2006.01),实用新型,未缴年费专利权终止,2016-05-25,,False,电子电气
000333.SZ,美的集团,上盖组件和烹饪器具,"佛山市顺德区美的电热电器制造有限公司,美的集团股份有限公司",2015210373662,CN205267824U,A47J27/08(2006.01),实用新型,专利权有效期届满终止,2016-06-01,,False,电子电气
000333.SZ,美的集团,压缩机用活塞和具有其的压缩机,"安徽美芝制冷设备有限公司,美的集团股份有限公司",2015210398265,CN205277756U,F04B39/00(2006.01),实用新型,专利权有效期届满终止,2016-06-01,,False,电子电气
000333.SZ,美的集团,用于压缩机的防水结构及具有其的制冷设备,"安徽美芝制冷设备有限公司,美的集团股份有限公司",2015210411679,CN205277757U,F04B39/00(2006.01),实用新型,专利权有效期届满终止,2016-06-01,,False,电子电气
000333.SZ,美的集团,加热器具,"佛山市顺德区美的电热电器制造有限公司,美的集团股份有限公司",2015211122587,CN205267922U,A47J37/08(2006.01); A47J36/24(2006.01),实用新型,专利权有效期届满终止,2016-06-01,,False,电子电气
000333.SZ,美的集团,传动装置及烹饪器具,"佛山市顺德区美的电热电器制造有限公司,美的集团股份有限公司",2015211159492,CN205267923U,A47J37/08(2006.01); A47J43/08(2006.01),实用新型,专利权有效期届满终止,2016-06-01,,False,电子电气
000333.SZ,美的集团,线圈盘组件及烹饪电器,"佛山市顺德区美的电热电器制造有限公司,美的集团股份有限公司",2015211284740,CN205283863U,H05B6/36(2006.01); H05B6/12(2006.01),实用新型,专利权有效期届满终止,2016-06-01,,False,电子电气
000333.SZ,美的集团,加热管、加热底盘及烹饪器具,"佛山市顺德区美的电热电器制造有限公司,美的集团股份有限公司",2015211322653,CN205267894U,A47J36/24(2006.01); A47J27/00(2006.01),实用新型,专利权有效期届满终止,2016-06-01,,False,电子电气
000333.SZ,美的集团,微波炉,"广东美的厨房电器制造有限公司,美的集团股份有限公司",2015211396144,CN205279179U,F24C7/02(2006.01); F24C15/00(2006.01),实用新型,未缴年费专利权终止,2016-06-01,,False,电子电气
000333.SZ,美的集团,磁条组件、电磁加热装置和烹饪器具,"佛山市顺德区美的电热电器制造有限公司,美的集团股份有限公司",2015211443183,CN205283860U,H05B6/02(2006.01); H05B6/36(2006.01),实用新型,专利权有效期届满终止,2016-06-01,,False,电子电气
000333.SZ,美的集团,净水机,"佛山市顺德区美的饮水机制造有限公司,美的集团股份有限公司",2015305109631,CN303692793S,23-01 (10),外观设计,专利权有效期届满终止,2016-06-01,,False,电子电气
000333.SZ,美的集团,锅,"佛山市顺德区美的电热电器制造有限公司,美的集团股份有限公司",201630002033X,CN303689021S,07-02 (10),外观设计,专利权有效期届满终止,2016-06-01,,False,电子电气
000333.SZ,美的集团,原汁机,"广东美的生活电器制造有限公司,美的集团股份有限公司",2016300040850,CN303694824S,31-00 (10),外观设计,未缴年费专利权终止,2016-06-01,,False,电子电气
000333.SZ,美的集团,电热水壶,"广东美的生活电器制造有限公司,美的集团股份有限公司",2015210827580,CN205286028U,A47J27/21(2006.01),实用新型,专利权有效期届满终止,2016-06-08,,False,电子电气
000333.SZ,美的集团,用于箱扇的后网组件,"广东美的环境电器制造有限公司,美的集团股份有限公司",2015211046460,CN205298087U,F04D29/70(2006.01); F04D29/00(2006.01); F04D29/40(2006.01); F04D29/60(2006.01),实用新型,专利权有效期届满终止,2016-06-08,,False,电子电气
000333.SZ,美的集团,加热管、加热底盘及烹饪器具,"佛山市顺德区美的电热电器制造有限公司,美的集团股份有限公司",2015211332759,CN205286090U,A47J36/24(2006.01); A47J27/00(2006.01); A47J27/08(2006.01); A47J27/10(2006.01),实用新型,专利权有效期届满终止,2016-06-08,,False,电子电气
000333.SZ,美的集团,一种待机控制电路及空调设备,"广东美的制冷设备有限公司,美的集团股份有限公司",2015211435933,CN205299839U,F24F11/00(2006.01),实用新型,专利权有效期届满终止,2016-06-08,,False,电子电气
000333.SZ,美的集团,分体落地式空调器（YB300）,"广东美的制冷设备有限公司,美的集团股份有限公司",2016300063320,CN303703756S,24-03 (10),外观设计,未缴年费专利权终止,2016-06-08,,False,电子电气
000333.SZ,美的集团,线控器（BB）,"广东美的制冷设备有限公司,美的集团股份有限公司",2016300080612,CN303699937S,10-05 (10),外观设计,未缴年费专利权终止,2016-06-08,,False,电子电气
000333.SZ,美的集团,线控器（BB）,"广东美的制冷设备有限公司,美的集团股份有限公司",2016300080627,CN303699938S,10-05 (10),外观设计,未缴年费专利权终止,2016-06-08,,False,电子电气
000333.SZ,美的集团,分体壁挂式空调器内机（F1-BB）,"广东美的制冷设备有限公司,美的集团股份有限公司",2016300233923,CN303703616S,23-04 (10),外观设计,未缴年费专利权终止,2016-06-08,,False,电子电气
000333.SZ,美的集团,分体壁挂式空调器室内机（RED-1）,"广东美的制冷设备有限公司,美的集团股份有限公司",2016300312037,CN303703632S,23-04 (10),外观设计,专利权有效期届满终止,2016-06-08,,False,电子电气
000333.SZ,美的集团,分体壁挂式空调器室内机(健康王挂机Y3),"广东美的制冷设备有限公司,美的集团股份有限公司",2016300312041,CN303703633S,23-04 (10),外观设计,未缴年费专利权终止,2016-06-08,,False,电子电气
000333.SZ,美的集团,嵌入式厨房空调（ZLL-KitchenAC）,"广东美的制冷设备有限公司,美的集团股份有限公司",2016300312056,CN303703634S,23-04 (10),外观设计,专利权有效期届满终止,2016-06-08,,False,电子电气
000333.SZ,美的集团,分体壁挂式空调器室内机(健康王挂机Y2),"广东美的制冷设备有限公司,美的集团股份有限公司",201630031215X,CN303703636S,23-04 (10),外观设计,未缴年费专利权终止,2016-06-08,,False,电子电气
000333.SZ,美的集团,智能空气盒子(160120SJP-AB1),"广东美的制冷设备有限公司,美的集团股份有限公司",2016300333315,CN303703639S,23-04 (10),外观设计,专利权有效期届满终止,2016-06-08,,False,电子电气
000333.SZ,美的集团,分体壁挂式空调器内机（ZY100-FZL）,"广东美的制冷设备有限公司,美的集团股份有限公司",2016300333353,CN303703640S,23-04 (10),外观设计,专利权有效期届满终止,2016-06-08,,False,电子电气
000333.SZ,美的集团,一种制冰组件、冰箱,"合肥华凌股份有限公司,美的集团股份有限公司",2015210476071,CN205316769U,F25C1/22(2006.01); F25D23/12(2006.01),实用新型,专利权有效期届满终止,2016-06-15,,False,电子电气
000333.SZ,美的集团,周转车,"广东美的暖通设备有限公司,美的集团股份有限公司",201521070629X,CN205311661U,B62B3/04(2006.01),实用新型,专利权有效期届满终止,2016-06-15,,False,电子电气
000333.SZ,美的集团,一种抗污复合膜和含有该复合膜的抗污板材,"合肥美的电冰箱有限公司,美的集团股份有限公司",2015211062656,CN205310982U,B32B27/08(2006.01); B32B27/30(2006.01); B32B27/36(2006.01); B32B33/00(2006.01); B32B15/082(2006.01); B32B7/12(2006.01); B32B37/12(2006.01),实用新型,专利权有效期届满终止,2016-06-15,,False,电子电气
000333.SZ,美的集团,压缩机组件、室外机及空调器,"广东美的制冷设备有限公司,美的集团股份有限公司",2015211166640,CN205316513U,F24F1/12(2011.01),实用新型,专利权有效期届满终止,2016-06-15,,False,电子电气
000333.SZ,美的集团,室外机机箱、室外机及空调器,"广东美的制冷设备有限公司,美的集团股份有限公司",201521116810X,CN205316516U,F24F1/40(2011.01); F24F1/56(2011.01); F24F1/00(2011.01),实用新型,专利权有效期届满终止,2016-06-15,,False,电子电气
000333.SZ,美的集团,一种背光触摸按键结构及含有该结构的家电,"佛山市顺德区美的电热电器制造有限公司,美的集团股份有限公司",2015211282872,CN205319065U,H01H13/02(2006.01); H01H13/83(2006.01),实用新型,专利权有效期届满终止,2016-06-15,,False,电子电气
000333.SZ,美的集团,一种主温控器及电饭煲,"佛山市顺德区美的电热电器制造有限公司,美的集团股份有限公司",2015211283339,CN205306725U,A47J27/00(2006.01); A47J36/24(2006.01),实用新型,专利权有效期届满终止,2016-06-15,,False,电子电气
000333.SZ,美的集团,除菌面光源及冰箱,"合肥华凌股份有限公司,美的集团股份有限公司",2015211332320,CN205316804U,F25D27/00(2006.01); F25D29/00(2006.01); A61L2/10(2006.01),实用新型,专利权有效期届满终止,2016-06-15,,False,电子电气
000333.SZ,美的集团,灰尘传感器组件和空气净化器,"广东美的制冷设备有限公司,美的集团股份有限公司",2015211402997,CN205317626U,G01N15/06(2006.01); F24F11/02(2006.01),实用新型,未缴年费专利权终止,2016-06-15,,False,电子电气
000333.SZ,美的集团,空调柜机及空调器,"广东美的制冷设备有限公司,美的集团股份有限公司",2015211436353,CN205316621U,F24F13/08(2006.01); F24F1/00(2011.01),实用新型,专利权有效期届满终止,2016-06-15,,False,电子电气
000333.SZ,美的集团,接水盘、空调柜机和空调器,"广东美的制冷设备有限公司,美的集团股份有限公司",2015211436673,CN205316645U,F24F13/22(2006.01); F24F1/00(2011.01),实用新型,专利权有效期届满终止,2016-06-15,,False,电子电气
000333.SZ,美的集团,回水控制器,"广东美的暖通设备有限公司,美的集团股份有限公司",2015305428529,CN303711896S,23-01 (10),外观设计,专利权有效期届满终止,2016-06-15,,False,电子电气
000333.SZ,美的集团,电炖盅,"佛山市顺德区美的电热电器制造有限公司,美的集团股份有限公司",2015305583187,CN303708191S,07-02 (10),外观设计,专利权有效期届满终止,2016-06-15,,False,电子电气
000333.SZ,美的集团,空调器室内机和空调器,"广东美的制冷设备有限公司,美的集团股份有限公司",2016200163060,CN205316481U,F24F1/00(2011.01); F24F13/24(2006.01),实用新型,专利权有效期届满终止,2016-06-15,,False,电子电气
000333.SZ,美的集团,空调室内机的出风装置、空调室内机及空调器,"广东美的制冷设备有限公司,美的集团股份有限公司",2016200163319,CN205316635U,F24F13/15(2006.01),实用新型,专利权有效期届满终止,2016-06-15,,False,电子电气
000333.SZ,美的集团,轴流柜机的导风壳及轴流柜机,"广东美的制冷设备有限公司,美的集团股份有限公司",2016200220523,CN205316623U,F24F13/08(2006.01); F24F13/24(2006.01); F24F13/20(2006.01); F24F1/00(2011.01),实用新型,专利权有效期届满终止,2016-06-15,,False,电子电气
000333.SZ,美的集团,轴流柜机,"广东美的制冷设备有限公司,美的集团股份有限公司",2016200236201,CN205316624U,F24F13/08(2006.01); F24F13/24(2006.01); F24F13/20(2006.01); F24F1/00(2011.01),实用新型,专利权有效期届满终止,2016-06-15,,False,电子电气
000333.SZ,美的集团,轴流柜机,"广东美的制冷设备有限公司,美的集团股份有限公司",201620023744X,CN205316625U,F24F13/08(2006.01); F24F13/24(2006.01); F24F13/20(2006.01); F24F1/00(2011.01),实用新型,专利权有效期届满终止,2016-06-15,,False,电子电气
000333.SZ,美的集团,导风组件及轴流柜机,"广东美的制冷设备有限公司,美的集团股份有限公司",2016200239534,CN205316626U,F24F13/08(2006.01); F24F13/10(2006.01); F24F1/00(2011.01); F24F13/30(2006.01),实用新型,未缴年费专利权终止,2016-06-15,,False,电子电气
000333.SZ,美的集团,燃气燃烧器,"广东美的厨房电器制造有限公司,美的集团股份有限公司",2016200553362,CN205316320U,F23D14/02(2006.01); F23D14/48(2006.01); F23D14/46(2006.01),实用新型,专利权有效期届满终止,2016-06-15,,False,电子电气
000333.SZ,美的集团,电炖盅,"佛山市顺德区美的电热电器制造有限公司,美的集团股份有限公司",2016300021972,CN303708203S,07-02 (10),外观设计,专利权有效期届满终止,2016-06-15,,False,电子电气
000333.SZ,美的集团,遥控器（YE100-3）,"广东美的制冷设备有限公司,美的集团股份有限公司",2016300233726,CN303710996S,14-03 (10),外观设计,未缴年费专利权终止,2016-06-15,,False,电子电气
000333.SZ,美的集团,壁挂式空调器室内机（WANG-OP-0C）,"广东美的制冷设备有限公司,美的集团股份有限公司",2016300587720,CN303712278S,23-04 (10),外观设计,未缴年费专利权终止,2016-06-15,,False,电子电气
000333.SZ,美的集团,分体壁挂式空调器（ZNW1-CH）,"广东美的制冷设备有限公司,美的集团股份有限公司",2016300599893,CN303712280S,23-04 (10),外观设计,未缴年费专利权终止,2016-06-15,,False,电子电气
000333.SZ,美的集团,分体壁挂式空调器室内机（WX-OP-3）,"广东美的制冷设备有限公司,美的集团股份有限公司",2016300600049,CN303712281S,23-04 (10),外观设计,未缴年费专利权终止,2016-06-15,,False,电子电气
000333.SZ,美的集团,电水壶,"广东美的生活电器制造有限公司,美的集团股份有限公司",2015210137918,CN205322088U,A47J27/21(2006.01); A47J36/24(2006.01),实用新型,专利权有效期届满终止,2016-06-22,,False,电子电气
000333.SZ,美的集团,电水壶,"广东美的生活电器制造有限公司,美的集团股份有限公司",2015210141627,CN205322089U,A47J27/21(2006.01); A47J36/24(2006.01),实用新型,专利权有效期届满终止,2016-06-22,,False,电子电气
000333.SZ,美的集团,用于烹饪器具的外壳罩及具有其的烹饪器具,"佛山市顺德区美的电热电器制造有限公司,美的集团股份有限公司",2015210872073,CN205322122U,A47J36/00(2006.01); A47J36/24(2006.01); A47J27/00(2006.01),实用新型,专利权有效期届满终止,2016-06-22,,False,电子电气
000333.SZ,美的集团,一种装饰片以及采用该装饰片的面盖和电饭煲,"佛山市顺德区美的电热电器制造有限公司,美的集团股份有限公司",2015210959359,CN205326636U,B44C5/00(2006.01); A47J36/06(2006.01); A47J27/00(2006.01),实用新型,专利权有效期届满终止,2016-06-22,,False,电子电气
000333.SZ,美的集团,内锅及烹饪器具,"佛山市顺德区美的电热电器制造有限公司,美的集团股份有限公司",2015210970470,CN205322124U,A47J36/00(2006.01),实用新型,专利权有效期届满终止,2016-06-22,,False,电子电气
000333.SZ,美的集团,压缩机组件、室外机及空调器,"广东美的制冷设备有限公司,美的集团股份有限公司",2015211179710,CN205332406U,F24F1/12(2011.01),实用新型,专利权有效期届满终止,2016-06-22,,False,电子电气
000333.SZ,美的集团,空调系统,"广东美的制冷设备有限公司,美的集团股份有限公司",201521143181X,CN205332366U,F24F1/00(2011.01); F25B41/06(2006.01); F24F11/02(2006.01),实用新型,专利权有效期届满终止,2016-06-22,,False,电子电气
000333.SZ,美的集团,空调柜机及空调器,"广东美的制冷设备有限公司,美的集团股份有限公司",2015211436669,CN205332477U,F24F13/08(2006.01); F24F13/30(2006.01); F24F1/00(2011.01),实用新型,专利权有效期届满终止,2016-06-22,,False,电子电气
000333.SZ,美的集团,烹饪器具和内锅,"佛山市顺德区美的电热电器制造有限公司,美的集团股份有限公司",2015211437290,CN205322072U,A47J27/02(2006.01); A47J27/00(2006.01); A47J36/02(2006.01); H05B6/12(2006.01),实用新型,专利权有效期届满终止,2016-06-22,,False,电子电气
000333.SZ,美的集团,空调系统,"广东美的制冷设备有限公司,美的集团股份有限公司",2015211438876,CN205332589U,F25B13/00(2006.01); F25B41/06(2006.01); F25B49/02(2006.01),实用新型,专利权有效期届满终止,2016-06-22,,False,电子电气
000333.SZ,美的集团,空调系统,"广东美的制冷设备有限公司,美的集团股份有限公司",2015211441629,CN205332590U,F25B13/00(2006.01); F25B41/04(2006.01); F25B49/02(2006.01),实用新型,专利权有效期届满终止,2016-06-22,,False,电子电气
000333.SZ,美的集团,煎烤机（MC-JSY30C）,"佛山市顺德区美的电热电器制造有限公司,美的集团股份有限公司",2015305333904,CN303716212S,07-02 (10),外观设计,专利权有效期届满终止,2016-06-22,,False,电子电气
000333.SZ,美的集团,电炖锅,"佛山市顺德区美的电热电器制造有限公司,美的集团股份有限公司",2015305359389,CN303716217S,07-02 (10),外观设计,专利权有效期届满终止,2016-06-22,,False,电子电气
000333.SZ,美的集团,电路板组件及烹饪器具,"佛山市顺德区美的电热电器制造有限公司,美的集团股份有限公司",2016200186236,CN205336698U,H05K7/02(2006.01); A47J36/00(2006.01); A47J27/00(2006.01),实用新型,专利权有效期届满终止,2016-06-22,,False,电子电气
000333.SZ,美的集团,嵌入式烹饪器具,"广东美的厨房电器制造有限公司,美的集团股份有限公司",201620018626X,CN205332284U,F24C7/02(2006.01); F24C15/00(2006.01),实用新型,专利权有效期届满终止,2016-06-22,,False,电子电气
000333.SZ,美的集团,温控器组件和烹饪器具,"佛山市顺德区美的电热电器制造有限公司,美的集团股份有限公司",2016200326316,CN205322078U,A47J27/08(2006.01); A47J36/00(2006.01),实用新型,未缴年费专利权终止,2016-06-22,,False,电子电气
000333.SZ,美的集团,包装盒、空调器及其附件组件,"广东美的制冷设备有限公司,美的集团股份有限公司",2016200475749,CN205327787U,B65D81/05(2006.01); B65D85/68(2006.01),实用新型,专利权有效期届满终止,2016-06-22,,False,电子电气
000333.SZ,美的集团,空气净化器,"广东美的制冷设备有限公司,美的集团股份有限公司",2016201081424,CN205332400U,F24F1/02(2011.01); F24F13/28(2006.01); F24F13/00(2006.01),实用新型,专利权有效期届满终止,2016-06-22,,False,电子电气
000333.SZ,美的集团,电炖锅,"佛山市顺德区美的电热电器制造有限公司,美的集团股份有限公司",2016300019597,CN303716241S,07-02 (10),外观设计,专利权有效期届满终止,2016-06-22,,False,电子电气
000333.SZ,美的集团,微波炉,"广东美的厨房电器制造有限公司,美的集团股份有限公司",2016300261730,CN303716261S,07-02 (10),外观设计,专利权有效期届满终止,2016-06-22,,False,电子电气
000333.SZ,美的集团,风扇扇头,"广东美的环境电器制造有限公司,美的集团股份有限公司",2016300299314,CN303720472S,23-04 (10),外观设计,专利权有效期届满终止,2016-06-22,,False,电子电气
000333.SZ,美的集团,落地扇的支撑座,"广东美的环境电器制造有限公司,美的集团股份有限公司",2016300299329,CN303720473S,23-04 (10),外观设计,专利权有效期届满终止,2016-06-22,,False,电子电气
000333.SZ,美的集团,分体落地式空调器室内机（SCFZSJ-1),"广东美的制冷设备有限公司,美的集团股份有限公司",2016300333550,CN303720478S,23-04 (10),外观设计,未缴年费专利权终止,2016-06-22,,False,电子电气
000333.SZ,美的集团,空调遥控器（PW-OEM-4）,"广东美的制冷设备有限公司,美的集团股份有限公司",2016300465920,CN303719245S,14-03 (10),外观设计,未缴年费专利权终止,2016-06-22,,False,电子电气
000333.SZ,美的集团,分体落地式空调器室内机（SCFZSJ-2）,"广东美的制冷设备有限公司,美的集团股份有限公司",2016300466020,CN303720489S,23-04 (10),外观设计,未缴年费专利权终止,2016-06-22,,False,电子电气
000333.SZ,美的集团,分体壁挂式空调器内机（OP1-CH）,"广东美的制冷设备有限公司,美的集团股份有限公司",2016300586840,CN303720498S,23-04 (10),外观设计,未缴年费专利权终止,2016-06-22,,False,电子电气
000333.SZ,美的集团,壁挂式空调器室内机（OPH）,"广东美的制冷设备有限公司,美的集团股份有限公司",2016300586855,CN303720499S,23-04 (10),外观设计,未缴年费专利权终止,2016-06-22,,False,电子电气
000333.SZ,美的集团,分体壁挂式空调器（ZNW2-CH）,"广东美的制冷设备有限公司,美的集团股份有限公司",2016300599889,CN303720500S,23-04 (10),外观设计,未缴年费专利权终止,2016-06-22,,False,电子电气
000333.SZ,美的集团,壁挂式空调室内机(PW-DSG-12),"广东美的制冷设备有限公司,美的集团股份有限公司",2016300599963,CN303720503S,23-04 (10),外观设计,未缴年费专利权终止,2016-06-22,,False,电子电气
000333.SZ,美的集团,壁挂式空调室内机(PW-DSG-19),"广东美的制冷设备有限公司,美的集团股份有限公司",2016300600000,CN303720504S,23-04 (10),外观设计,未缴年费专利权终止,2016-06-22,,False,电子电气
000333.SZ,美的集团,壁挂式空调室内机(PW-DSG-22),"广东美的制冷设备有限公司,美的集团股份有限公司",2016300600015,CN303720505S,23-04 (10),外观设计,未缴年费专利权终止,2016-06-22,,False,电子电气
000333.SZ,美的集团,用于空调器的壳体组件和具有其的空调器,"广东美的制冷设备有限公司,美的集团股份有限公司",201521039552X,CN205351698U,F24F13/20(2006.01); F24F1/00(2011.01),实用新型,专利权有效期届满终止,2016-06-29,,False,电子电气
000333.SZ,美的集团,空调器,"广东美的制冷设备有限公司,美的集团股份有限公司",2015210748663,CN205351503U,F24F1/00(2011.01); F24F13/10(2006.01),实用新型,专利权有效期届满终止,2016-06-29,,False,电子电气
000333.SZ,美的集团,空调器,"广东美的制冷设备有限公司,美的集团股份有限公司",2015210751384,CN205351504U,F24F1/00(2011.01); F24F13/08(2006.01),实用新型,专利权有效期届满终止,2016-06-29,,False,电子电气
000333.SZ,美的集团,压力传感器及烹饪锅具,"佛山市顺德区美的电热电器制造有限公司,美的集团股份有限公司",2015210774278,CN205338609U,A47J27/08(2006.01); A47J27/00(2006.01); A47J36/00(2006.01),实用新型,专利权有效期届满终止,2016-06-29,,False,电子电气
000333.SZ,美的集团,用于空调器的导风板组件及空调器,"广东美的制冷设备有限公司,美的集团股份有限公司",2015210776574,CN205351685U,F24F13/10(2006.01); F24F1/00(2011.01),实用新型,专利权有效期届满终止,2016-06-29,,False,电子电气
000333.SZ,美的集团,用于空调器的导风板组件及空调器,"广东美的制冷设备有限公司,美的集团股份有限公司",2015210776589,CN205351679U,F24F13/08(2006.01),实用新型,专利权有效期届满终止,2016-06-29,,False,电子电气
000333.SZ,美的集团,用于空调器的导风板组件及空调器,"广东美的制冷设备有限公司,美的集团股份有限公司",2015210778298,CN205351696U,F24F13/14(2006.01); F24F13/22(2006.01),实用新型,专利权有效期届满终止,2016-06-29,,False,电子电气
000333.SZ,美的集团,用于空调器的导风板组件及空调器,"广东美的制冷设备有限公司,美的集团股份有限公司",2015210778550,CN205351686U,F24F13/10(2006.01),实用新型,专利权有效期届满终止,2016-06-29,,False,电子电气
000333.SZ,美的集团,用于空调器的导风板组件及空调器,"广东美的制冷设备有限公司,美的集团股份有限公司",2015210813573,CN205351680U,F24F13/08(2006.01),实用新型,专利权有效期届满终止,2016-06-29,,False,电子电气
000333.SZ,美的集团,压缩机组件、室外机及空调器,"广东美的制冷设备有限公司,美的集团股份有限公司",2015211175118,CN205351569U,F24F1/12(2011.01),实用新型,专利权有效期届满终止,2016-06-29,,False,电子电气
000333.SZ,美的集团,衣架及油汀取暖器组件,"广东美的环境电器制造有限公司,美的集团股份有限公司",2015211421061,CN205351475U,F24D13/04(2006.01); D06F57/12(2006.01),实用新型,专利权有效期届满终止,2016-06-29,,False,电子电气
000333.SZ,美的集团,用于控制空调器的穿戴式设备及控制系统,"广东美的制冷设备有限公司,美的集团股份有限公司",2015211426351,CN205351650U,F24F11/00(2006.01); A61B5/024(2006.01),实用新型,专利权有效期届满终止,2016-06-29,,False,电子电气
000333.SZ,美的集团,用于控制空调器的穿戴式设备及控制系统,"广东美的制冷设备有限公司,美的集团股份有限公司",2015211434381,CN205351651U,F24F11/00(2006.01); A61B5/024(2006.01),实用新型,专利权有效期届满终止,2016-06-29,,False,电子电气
000333.SZ,美的集团,净水机,"佛山市顺德区美的饮水机制造有限公司,美的集团股份有限公司",2015305109078,CN303730017S,23-01 (10),外观设计,专利权有效期届满终止,2016-06-29,,False,电子电气
000333.SZ,美的集团,风管机出风面板,"广东美的暖通设备有限公司,美的集团股份有限公司",2015305206152,CN303730292S,23-04 (10),外观设计,专利权有效期届满终止,2016-06-29,,False,电子电气
000333.SZ,美的集团,空调器,"广东美的制冷设备有限公司,美的集团股份有限公司",201530533103X,CN303730309S,23-04 (10),外观设计,专利权有效期届满终止,2016-06-29,,False,电子电气
000333.SZ,美的集团,空调器,"广东美的制冷设备有限公司,美的集团股份有限公司",2015305331133,CN303730311S,23-04 (10),外观设计,专利权有效期届满终止,2016-06-29,,False,电子电气
000333.SZ,美的集团,冷暖型空调系统和单冷型空调系统,"广东美的制冷设备有限公司,美的集团股份有限公司",2016200170312,CN205351844U,F25B13/00(2006.01); F25B41/06(2006.01); F25B43/00(2006.01); F25B41/04(2006.01),实用新型,专利权有效期届满终止,2016-06-29,,False,电子电气
000333.SZ,美的集团,冷暖型空调系统和单冷型空调系统,"广东美的制冷设备有限公司,美的集团股份有限公司",2016200170327,CN205351516U,F24F1/00(2011.01); F25B41/00(2006.01); F25B41/06(2006.01); F25B43/00(2006.01); F25B41/04(2006.01); F24F1/24(2011.01),实用新型,专利权有效期届满终止,2016-06-29,,False,电子电气
000333.SZ,美的集团,立式空调,"广东美的制冷设备有限公司,美的集团股份有限公司",2016200170346,CN205351517U,F24F1/00(2011.01); F24F13/00(2006.01); F24F13/20(2006.01),实用新型,专利权有效期届满终止,2016-06-29,,False,电子电气
000333.SZ,美的集团,空调器,"广东美的制冷设备有限公司,美的集团股份有限公司",2016200170350,CN205351518U,F24F1/00(2011.01); F24F13/20(2006.01); F24F13/10(2006.01),实用新型,未缴年费专利权终止,2016-06-29,,False,电子电气
000333.SZ,美的集团,压力传感器及烹饪器具,"佛山市顺德区美的电热电器制造有限公司,美的集团股份有限公司",2016200215987,CN205352607U,G01L19/00(2006.01); G01L19/14(2006.01); A47J27/08(2006.01); H01R11/11(2006.01),实用新型,专利权有效期届满终止,2016-06-29,,False,电子电气
000333.SZ,美的集团,压力传感器及烹饪器具,"佛山市顺德区美的电热电器制造有限公司,美的集团股份有限公司",2016200237191,CN205352608U,G01L19/00(2006.01); G01L19/14(2006.01); A47J27/08(2006.01); H01R11/11(2006.01),实用新型,专利权有效期届满终止,2016-06-29,,False,电子电气
000333.SZ,美的集团,胶塞组件,"安徽美芝制冷设备有限公司,美的集团股份有限公司",2016200241248,CN205341136U,B05B15/04(2006.01),实用新型,专利权有效期届满终止,2016-06-29,,False,电子电气
000333.SZ,美的集团,管翅式换热器及空调器,"广东美的制冷设备有限公司,美的集团股份有限公司",2016200324537,CN205351862U,F25B39/02(2006.01); F25B39/04(2006.01),实用新型,专利权有效期届满终止,2016-06-29,,False,电子电气
000333.SZ,美的集团,窗机空调,"广东美的制冷设备有限公司,美的集团股份有限公司",2016200394258,CN205351552U,F24F1/02(2011.01); F24F13/00(2006.01),实用新型,专利权有效期届满终止,2016-06-29,,False,电子电气
000333.SZ,美的集团,PTC加热器及具有其的空调器,"广东美的制冷设备有限公司,美的集团股份有限公司",2016200761168,CN205356718U,H05B3/42(2006.01); F24F13/22(2006.01),实用新型,专利权有效期届满终止,2016-06-29,,False,电子电气
000333.SZ,美的集团,用于空调器的可移动的滤网组件及空调器,"广东美的制冷设备有限公司,美的集团股份有限公司",2016200813497,CN205351719U,F24F13/28(2006.01),实用新型,专利权有效期届满终止,2016-06-29,,False,电子电气
000333.SZ,美的集团,空调器,"广东美的制冷设备有限公司,美的集团股份有限公司",2016200813745,CN205351720U,F24F13/28(2006.01); F24F13/20(2006.01); F24F1/00(2011.01),实用新型,专利权有效期届满终止,2016-06-29,,False,电子电气
000333.SZ,美的集团,空调器,"广东美的制冷设备有限公司,美的集团股份有限公司",2016200813872,CN205351529U,F24F1/00(2011.01); F24F13/28(2006.01); F24F13/20(2006.01),实用新型,专利权有效期届满终止,2016-06-29,,False,电子电气
000333.SZ,美的集团,空调器,"广东美的制冷设备有限公司,美的集团股份有限公司",2016200813995,CN205351530U,F24F1/00(2011.01); F24F13/28(2006.01),实用新型,专利权有效期届满终止,2016-06-29,,False,电子电气
000333.SZ,美的集团,换气空调器,"广东美的制冷设备有限公司,美的集团股份有限公司",2016200823925,CN205351531U,F24F1/00(2011.01); F24F1/06(2011.01); F24F1/16(2011.01); F24F13/24(2006.01); F24F13/30(2006.01); F24F13/00(2006.01),实用新型,专利权有效期届满终止,2016-06-29,,False,电子电气
000333.SZ,美的集团,用于可移动滤网组件的线轮轴、滤网组件及空调器,"广东美的制冷设备有限公司,美的集团股份有限公司",2016200828986,CN205351721U,F24F13/28(2006.01),实用新型,专利权有效期届满终止,2016-06-29,,False,电子电气
000333.SZ,美的集团,滤网组件及具有其的空调器,"广东美的制冷设备有限公司,美的集团股份有限公司",2016200834116,CN205351722U,F24F13/28(2006.01),实用新型,专利权有效期届满终止,2016-06-29,,False,电子电气
000333.SZ,美的集团,压力锅,"佛山市顺德区美的电热电器制造有限公司,美的集团股份有限公司",2016200836234,CN205338618U,A47J27/08(2006.01); A47J47/16(2006.01); A47J36/34(2006.01),实用新型,专利权有效期届满终止,2016-06-29,,False,电子电气
000333.SZ,美的集团,压缩机用活塞销和具有其的压缩机,"安徽美芝制冷设备有限公司,美的集团股份有限公司",201620100625X,CN205349658U,F04B39/00(2006.01),实用新型,专利权有效期届满终止,2016-06-29,,False,电子电气
000333.SZ,美的集团,空调器室内机（SZLZSJ-a）,"广东美的制冷设备有限公司,美的集团股份有限公司",2016300401308,CN303730397S,23-04 (10),外观设计,未缴年费专利权终止,2016-06-29,,False,电子电气
000333.SZ,美的集团,空调器室内机（SZLZSJ-b）,"广东美的制冷设备有限公司,美的集团股份有限公司",2016300401312,CN303730398S,23-04 (10),外观设计,未缴年费专利权终止,2016-06-29,,False,电子电气
000333.SZ,美的集团,空调遥控器（PW-OEM-1）,"广东美的制冷设备有限公司,美的集团股份有限公司",2016300465954,CN303728706S,14-03 (10),外观设计,未缴年费专利权终止,2016-06-29,,False,电子电气
000333.SZ,美的集团,保护开关,"广东美的制冷设备有限公司,美的集团股份有限公司",2016300502915,CN303728120S,13-03 (10),外观设计,未缴年费专利权终止,2016-06-29,,False,电子电气
000333.SZ,美的集团,空调器室内机,"广东美的制冷设备有限公司,美的集团股份有限公司",2016300522529,CN303730410S,23-04 (10),外观设计,未缴年费专利权终止,2016-06-29,,False,电子电气
000333.SZ,美的集团,壁挂式空调器室内机,"广东美的制冷设备有限公司,美的集团股份有限公司",2016300525207,CN303730411S,23-04 (10),外观设计,未缴年费专利权终止,2016-06-29,,False,电子电气
000333.SZ,美的集团,用于空调器的导风板组件及空调器,"广东美的制冷设备有限公司,美的集团股份有限公司",2015210746155,CN205372950U,F24F13/10(2006.01),实用新型,专利权有效期届满终止,2016-07-06,,False,电子电气
000333.SZ,美的集团,用于空调器的导风板组件及空调器,"广东美的制冷设备有限公司,美的集团股份有限公司",201521075183X,CN205372947U,F24F13/08(2006.01),实用新型,专利权有效期届满终止,2016-07-06,,False,电子电气
000333.SZ,美的集团,导风板组件及空调器,"广东美的制冷设备有限公司,美的集团股份有限公司",2015210771833,CN205372956U,F24F13/14(2006.01)I,实用新型,专利权有效期届满终止,2016-07-06,,False,电子电气
000333.SZ,美的集团,控制装置及烹饪电器,"佛山市顺德区美的电热电器制造有限公司,美的集团股份有限公司",2015210801082,CN205375043U,G05B19/04(2006.01),实用新型,专利权有效期届满终止,2016-07-06,,False,电子电气
000333.SZ,美的集团,空调系统,"广东美的制冷设备有限公司,美的集团股份有限公司",2015210986534,CN205372860U,F24F5/00(2006.01); F24F11/00(2006.01),实用新型,专利权有效期届满终止,2016-07-06,,False,电子电气
000333.SZ,美的集团,红外传感器的成像装置及空调器,"广东美的制冷设备有限公司,美的集团股份有限公司",2015211262900,CN205373891U,G01J5/10(2006.01),实用新型,专利权有效期届满终止,2016-07-06,,False,电子电气
000333.SZ,美的集团,商用微波炉,"广东美的厨房电器制造有限公司,美的集团股份有限公司",2015211284721,CN205372664U,F24C7/02(2006.01),实用新型,未缴年费专利权终止,2016-07-06,,False,电子电气
000333.SZ,美的集团,适于电磁加热的内锅及具有其的烹饪器具,"佛山市顺德区美的电热电器制造有限公司,美的集团股份有限公司",2015211437623,CN205359167U,A47J27/00(2006.01); A47J36/02(2006.01); H05B6/12(2006.01),实用新型,专利权有效期届满终止,2016-07-06,,False,电子电气
000333.SZ,美的集团,暖风机,"广东美的环境电器制造有限公司,美的集团股份有限公司",2015305491908,CN303740900S,23-03 (10),外观设计,专利权有效期届满终止,2016-07-06,,False,电子电气
000333.SZ,美的集团,饮水设备,"佛山市美的清湖净水设备有限公司,美的集团股份有限公司",2016200184654,CN205359230U,A47J31/44(2006.01),实用新型,专利权有效期届满终止,2016-07-06,,False,电子电气
000333.SZ,美的集团,空调器的换热器及空调室外机,"广东美的制冷设备有限公司,美的集团股份有限公司",2016200327855,CN205372843U,F24F1/14(2011.01); F25B39/00(2006.01),实用新型,专利权有效期届满终止,2016-07-06,,False,电子电气
000333.SZ,美的集团,窗机空调,"广东美的制冷设备有限公司,美的集团股份有限公司",2016200393912,CN205372819U,F24F1/02(2011.01); F24F13/00(2006.01),实用新型,专利权有效期届满终止,2016-07-06,,False,电子电气
000333.SZ,美的集团,电流测试系统,"广东美的暖通设备有限公司,美的集团股份有限公司",2016200607678,CN205374681U,G01R31/28(2006.01),实用新型,专利权有效期届满终止,2016-07-06,,False,电子电气
000333.SZ,美的集团,空调器,"广东美的制冷设备有限公司,美的集团股份有限公司",2016200822941,CN205372792U,F24F1/00(2011.01); F24F13/28(2006.01),实用新型,专利权有效期届满终止,2016-07-06,,False,电子电气
000333.SZ,美的集团,空调器,"广东美的制冷设备有限公司,美的集团股份有限公司",201620083414X,CN205372974U,F24F13/28(2006.01),实用新型,专利权有效期届满终止,2016-07-06,,False,电子电气
000333.SZ,美的集团,空调器,"广东美的制冷设备有限公司,美的集团股份有限公司",2016200834370,CN205372795U,F24F1/00(2011.01); F24F13/28(2006.01); F24F13/20(2006.01),实用新型,专利权有效期届满终止,2016-07-06,,False,电子电气
000333.SZ,美的集团,烧烤器具,"广东美的厨房电器制造有限公司,美的集团股份有限公司",2016200879390,CN205359270U,A47J37/06(2006.01); E05F15/73(2015.01),实用新型,专利权有效期届满终止,2016-07-06,,False,电子电气
000333.SZ,美的集团,阀安装板组件及分体立式室内机,"广东美的制冷设备有限公司,美的集团股份有限公司",2016200952019,CN205372943U,F24F13/00(2006.01); F24F13/30(2006.01); F24F1/00(2011.01),实用新型,专利权有效期届满终止,2016-07-06,,False,电子电气
000333.SZ,美的集团,分体立式室内机的电控盒及分体立式室内机,"广东美的制冷设备有限公司,美的集团股份有限公司",2016200964355,CN205372798U,F24F1/00(2011.01); F24F11/02(2006.01),实用新型,专利权有效期届满终止,2016-07-06,,False,电子电气
000333.SZ,美的集团,天花机挂耳和天花机,"广东美的制冷设备有限公司,美的集团股份有限公司",2016200974268,CN205372799U,F24F1/00(2011.01); F24F13/32(2006.01),实用新型,专利权有效期届满终止,2016-07-06,,False,电子电气
000333.SZ,美的集团,空调挂墙板和空调器,"广东美的制冷设备有限公司,美的集团股份有限公司",2016200974361,CN205372980U,F24F13/32(2006.01),实用新型,专利权有效期届满终止,2016-07-06,,False,电子电气
000333.SZ,美的集团,分体立式室内机,"广东美的制冷设备有限公司,美的集团股份有限公司",2016201023486,CN205372801U,F24F1/00(2011.01); F24F13/00(2006.01); F24F11/02(2006.01); F24F13/24(2006.01),实用新型,专利权有效期届满终止,2016-07-06,,False,电子电气
000333.SZ,美的集团,分体立式室内机及空调系统,"广东美的制冷设备有限公司,美的集团股份有限公司",2016201025640,CN205372802U,F24F1/00(2011.01); F24F13/24(2006.01); F24F13/30(2006.01),实用新型,未缴年费专利权终止,2016-07-06,,False,电子电气
000333.SZ,美的集团,粉尘浓度传感器及具有该粉尘浓度传感器的空气净化器,"广东美的制冷设备有限公司,美的集团股份有限公司",2016201050163,CN205374238U,G01N15/06(2006.01),实用新型,专利权有效期届满终止,2016-07-06,,False,电子电气
000333.SZ,美的集团,微波发生器的散热结构、微波加热设备及微波炉,"广东美的厨房电器制造有限公司,美的集团股份有限公司",2016201370937,CN205378256U,H05B6/64(2006.01); H05K7/20(2006.01); F24C7/02(2006.01),实用新型,专利权有效期届满终止,2016-07-06,,False,电子电气
000333.SZ,美的集团,煎盘,"佛山市顺德区美的电热电器制造有限公司,美的集团股份有限公司",2016300149482,CN303735148S,07-02 (10),外观设计,专利权有效期届满终止,2016-07-06,,False,电子电气
000333.SZ,美的集团,分体壁挂式空调器室内机(健康王挂机Y1),"广东美的制冷设备有限公司,美的集团股份有限公司",2016300312018,CN303741043S,23-04 (10),外观设计,未缴年费专利权终止,2016-07-06,,False,电子电气
000333.SZ,美的集团,移动式空调调节器(PHZSJ-b),"广东美的制冷设备有限公司,美的集团股份有限公司",2016300333368,CN303741047S,23-04 (10),外观设计,未缴年费专利权终止,2016-07-06,,False,电子电气
000333.SZ,美的集团,壁挂式空调室内机(PW-HD),"广东美的制冷设备有限公司,美的集团股份有限公司",2016300333419,CN303741048S,23-04 (10),外观设计,专利权有效期届满终止,2016-07-06,,False,电子电气
000333.SZ,美的集团,空调遥控器（PW-OEM-6）,"广东美的制冷设备有限公司,美的集团股份有限公司",2016300465901,CN303739198S,14-03 (10),外观设计,未缴年费专利权终止,2016-07-06,,False,电子电气
000333.SZ,美的集团,空调遥控器（PW-OEM-3）,"广东美的制冷设备有限公司,美的集团股份有限公司",2016300465935,CN303739199S,14-03 (10),外观设计,未缴年费专利权终止,2016-07-06,,False,电子电气
000333.SZ,美的集团,空调遥控器（PW-OEM-2）,"广东美的制冷设备有限公司,美的集团股份有限公司",201630046594X,CN303739200S,14-03 (10),外观设计,未缴年费专利权终止,2016-07-06,,False,电子电气
000333.SZ,美的集团,随身遥控器（YE100-1）,"广东美的制冷设备有限公司,美的集团股份有限公司",2016300466143,CN303739201S,14-03 (10),外观设计,专利权有效期届满终止,2016-07-06,,False,电子电气
000333.SZ,美的集团,壁挂式空调室内机(PW-THJ),"广东美的制冷设备有限公司,美的集团股份有限公司",2016300466251,CN303741067S,23-04 (10),外观设计,专利权有效期届满终止,2016-07-06,,False,电子电气
000333.SZ,美的集团,壁挂式空调器室内机,"广东美的制冷设备有限公司,美的集团股份有限公司",201630052268X,CN303741072S,23-04 (10),外观设计,未缴年费专利权终止,2016-07-06,,False,电子电气
000333.SZ,美的集团,无叶吊扇,"广东美的环境电器制造有限公司,美的集团股份有限公司",201630056287X,CN303741076S,23-04 (10),外观设计,专利权有效期届满终止,2016-07-06,,False,电子电气
000333.SZ,美的集团,分体壁挂式空调器室内机（WX-OP-1）,"广东美的制冷设备有限公司,美的集团股份有限公司",2016300586732,CN303741082S,23-04 (10),外观设计,未缴年费专利权终止,2016-07-06,,False,电子电气
000333.SZ,美的集团,一种烟机空调蒸发器及具有其的制冷油烟机,"广东美的制冷设备有限公司,美的集团股份有限公司",2015210152528,CN205383716U,F24F5/00(2006.01); F25B39/02(2006.01); F24C15/20(2006.01),实用新型,专利权有效期届满终止,2016-07-13,,False,电子电气
000333.SZ,美的集团,一种电热器具用多功能支架及具有其的电热器具,"佛山市顺德区美的电热电器制造有限公司,美的集团股份有限公司",2015211331277,CN205379210U,A47J36/34(2006.01),实用新型,专利权有效期届满终止,2016-07-13,,False,电子电气
000333.SZ,美的集团,换热器、空调室外机、空调室内机及空调系统,"广东美的制冷设备有限公司,美的集团股份有限公司",2016200308854,CN205383760U,F24F13/30(2006.01); F25B39/02(2006.01); F28F13/04(2006.01); F24F1/00(2011.01),实用新型,未缴年费专利权终止,2016-07-13,,False,电子电气
000333.SZ,美的集团,换热器、空调室外机、空调室内机及空调系统,"广东美的制冷设备有限公司,美的集团股份有限公司",2016200314380,CN205383761U,F24F13/30(2006.01); F25B39/02(2006.01); F28F13/04(2006.01); F24F1/00(2011.01),实用新型,未缴年费专利权终止,2016-07-13,,False,电子电气
000333.SZ,美的集团,一种套管及采用该套管的热交换装置,"广东美的制冷设备有限公司,美的集团股份有限公司",2016200757923,CN205383913U,F28D7/10(2006.01),实用新型,专利权有效期届满终止,2016-07-13,,False,电子电气
000333.SZ,美的集团,一种空调进风口结构及具有其的空调,"广东美的制冷设备有限公司,美的集团股份有限公司",2016200776445,CN205383746U,F24F13/00(2006.01); F24F13/28(2006.01),实用新型,专利权有效期届满终止,2016-07-13,,False,电子电气
000333.SZ,美的集团,一种贯流风轮及包括该贯流风轮的空调器,"广东美的制冷设备有限公司,美的集团股份有限公司",2016200777931,CN205383107U,F04D29/26(2006.01); F04D29/66(2006.01),实用新型,专利权有效期届满终止,2016-07-13,,False,电子电气
000333.SZ,美的集团,一种空调室内机,"广东美的制冷设备有限公司,美的集团股份有限公司",2016200783260,CN205383690U,F24F1/00(2011.01); F24F13/02(2006.01); F24F13/20(2006.01); F24F13/30(2006.01),实用新型,专利权有效期届满终止,2016-07-13,,False,电子电气
000333.SZ,美的集团,分体立式室内机的底盘结构及分体立式室内机,"广东美的制冷设备有限公司,美的集团股份有限公司",2016200964092,CN205383765U,F24F13/32(2006.01); F24F1/00(2011.01); F24F13/24(2006.01),实用新型,专利权有效期届满终止,2016-07-13,,False,电子电气
000333.SZ,美的集团,室外机及空调系统,"广东美的制冷设备有限公司,美的集团股份有限公司",2016200966562,CN205383710U,F24F1/62(2011.01),实用新型,未缴年费专利权终止,2016-07-13,,False,电子电气
000333.SZ,美的集团,挂烫机及其挂衣架,"佛山市顺德区美的电热电器制造有限公司,美的集团股份有限公司",201620105373X,CN205382349U,D06F73/00(2006.01),实用新型,专利权有效期届满终止,2016-07-13,,False,电子电气
000333.SZ,美的集团,电源电路和车载空调,"广东美的制冷设备有限公司,美的集团股份有限公司",2016201072124,CN205385412U,H02M3/335(2006.01),实用新型,专利权有效期届满终止,2016-07-13,,False,电子电气
000333.SZ,美的集团,微波炉外壳及具有其的微波炉,"广东美的厨房电器制造有限公司,美的集团股份有限公司",2016201440766,CN205383660U,F24C15/08(2006.01),实用新型,专利权有效期届满终止,2016-07-13,,False,电子电气
000333.SZ,美的集团,挂烫机（YGD20D2）,"佛山市顺德区美的电热电器制造有限公司,美的集团股份有限公司",201630038926X,CN303746410S,15-05 (10),外观设计,专利权有效期届满终止,2016-07-13,,False,电子电气
000333.SZ,美的集团,红外煎烤机,"佛山市顺德区美的电热电器制造有限公司,美的集团股份有限公司",2016200862652,CN205391020U,A47J37/06(2006.01); A47J37/10(2006.01),实用新型,专利权有效期届满终止,2016-07-27,,False,电子电气
000333.SZ,美的集团,风道组件和冰箱,"合肥华凌股份有限公司,美的集团股份有限公司",2016201099080,CN205403306U,F25D17/04(2006.01); F25D21/04(2006.01),实用新型,专利权有效期届满终止,2016-07-27,,False,电子电气
000333.SZ,美的集团,空调器室内机及其外壳,"广东美的制冷设备有限公司,美的集团股份有限公司",2016201372330,CN205402933U,F24F1/00(2011.01); F24F13/20(2006.01); F24F13/30(2006.01); F24F13/10(2006.01),实用新型,未缴年费专利权终止,2016-07-27,,False,电子电气
000333.SZ,美的集团,触摸按键装置,"广东美的厨房电器制造有限公司,美的集团股份有限公司",2016201437250,CN205407775U,H03K17/96(2006.01); H03M11/20(2006.01),实用新型,专利权有效期届满终止,2016-07-27,,False,电子电气
000333.SZ,美的集团,叶轮、离心风机及冰箱,"合肥华凌股份有限公司,美的集团股份有限公司",2016201438696,CN205401225U,F04D29/28(2006.01); F04D29/30(2006.01); F04D25/08(2006.01),实用新型,专利权有效期届满终止,2016-07-27,,False,电子电气
000333.SZ,美的集团,半导体功率源模组及具有其的微波加热器件,"广东美的厨房电器制造有限公司,美的集团股份有限公司",201620146157X,CN205408372U,H05K7/20(2006.01); H05B6/64(2006.01),实用新型,专利权有效期届满终止,2016-07-27,,False,电子电气
000333.SZ,美的集团,空调器及其平行流热交换器,"广东美的制冷设备有限公司,美的集团股份有限公司",2016201482970,CN205403264U,F25B39/04(2006.01); F25B39/02(2006.01); F25B47/02(2006.01); F24F13/22(2006.01); F24F1/42(2011.01); F24F13/30(2006.01),实用新型,专利权有效期届满终止,2016-07-27,,False,电子电气
000333.SZ,美的集团,门体组件及烹饪器具,"广东美的厨房电器制造有限公司,美的集团股份有限公司",2016201802714,CN205400475U,E06B3/70(2006.01); E06B3/58(2006.01); E05B1/00(2006.01),实用新型,未缴年费专利权终止,2016-07-27,,False,电子电气
000333.SZ,美的集团,煎烤机,"佛山市顺德区美的电热电器制造有限公司,美的集团股份有限公司",2016300456832,CN303753109S,07-02 (10),外观设计,专利权有效期届满终止,2016-07-27,,False,电子电气
000333.SZ,美的集团,空调遥控器（PW-OEM-5）,"广东美的制冷设备有限公司,美的集团股份有限公司",2016300465916,CN303755646S,14-03 (10),外观设计,未缴年费专利权终止,2016-07-27,,False,电子电气
000333.SZ,美的集团,分体壁挂式空调器室内机（健康王挂机Y4）,"广东美的制冷设备有限公司,美的集团股份有限公司",2016300465969,CN303756875S,23-04 (10),外观设计,未缴年费专利权终止,2016-07-27,,False,电子电气
000333.SZ,美的集团,分体壁挂式空调器室内机（健康王挂机Y5）,"广东美的制冷设备有限公司,美的集团股份有限公司",2016300465973,CN303756876S,23-04 (10),外观设计,未缴年费专利权终止,2016-07-27,,False,电子电气
000333.SZ,美的集团,发热盘,"佛山市顺德区美的电热电器制造有限公司,美的集团股份有限公司",2016300470295,CN303753114S,07-02 (10),外观设计,专利权有效期届满终止,2016-07-27,,False,电子电气
000333.SZ,美的集团,风扇的遥控器,"广东美的环境电器制造有限公司,美的集团股份有限公司",2016300562901,CN303755689S,14-03 (10),外观设计,专利权有效期届满终止,2016-07-27,,False,电子电气
000333.SZ,美的集团,遥控器（YE100-6）,"广东美的制冷设备有限公司,美的集团股份有限公司",2016300586747,CN303755694S,14-03 (10),外观设计,未缴年费专利权终止,2016-07-27,,False,电子电气
000333.SZ,美的集团,遥控器（YE100-8）,"广东美的制冷设备有限公司,美的集团股份有限公司",2016300586770,CN303755696S,14-03 (10),外观设计,未缴年费专利权终止,2016-07-27,,False,电子电气
000333.SZ,美的集团,遥控器（YE100-9）,"广东美的制冷设备有限公司,美的集团股份有限公司",2016300586785,CN303755697S,14-03 (10),外观设计,未缴年费专利权终止,2016-07-27,,False,电子电气
000333.SZ,美的集团,遥控器（YE100-10）,"广东美的制冷设备有限公司,美的集团股份有限公司",201630058679X,CN303755698S,14-03 (10),外观设计,未缴年费专利权终止,2016-07-27,,False,电子电气
000333.SZ,美的集团,空调遥控器（PW-OEM-7）,"广东美的制冷设备有限公司,美的集团股份有限公司",2016300586889,CN303755699S,14-03 (10),外观设计,未缴年费专利权终止,2016-07-27,,False,电子电气
000333.SZ,美的集团,空调遥控器（PW-OEM-8）,"广东美的制冷设备有限公司,美的集团股份有限公司",2016300586910,CN303755701S,14-03 (10),外观设计,未缴年费专利权终止,2016-07-27,,False,电子电气
000333.SZ,美的集团,遥控器（YK2-CH）,"广东美的制冷设备有限公司,美的集团股份有限公司",201630058693X,CN303755702S,14-03 (10),外观设计,未缴年费专利权终止,2016-07-27,,False,电子电气
000333.SZ,美的集团,空调遥控器（PW-OEM-9）,"广东美的制冷设备有限公司,美的集团股份有限公司",2016300586978,CN303755703S,14-03 (10),外观设计,未缴年费专利权终止,2016-07-27,,False,电子电气
000333.SZ,美的集团,遥控器（低端）,"广东美的制冷设备有限公司,美的集团股份有限公司",2016300586997,CN303755704S,14-03 (10),外观设计,未缴年费专利权终止,2016-07-27,,False,电子电气
000333.SZ,美的集团,遥控器（YK1-CH）,"广东美的制冷设备有限公司,美的集团股份有限公司",2016300587773,CN303755705S,14-03 (10),外观设计,未缴年费专利权终止,2016-07-27,,False,电子电气
000333.SZ,美的集团,电烹饪器,"佛山市顺德区美的电热电器制造有限公司,美的集团股份有限公司",2015210144930,CN205410916U,A47J36/00(2006.01),实用新型,专利权有效期届满终止,2016-08-03,,False,电子电气
000333.SZ,美的集团,电水壶,"广东美的生活电器制造有限公司,美的集团股份有限公司",2015210162286,CN205410863U,A47J27/21(2006.01),实用新型,专利权有效期届满终止,2016-08-03,,False,电子电气
000333.SZ,美的集团,热泵机组及具有其的中央空调器,"重庆美的通用制冷设备有限公司,美的集团股份有限公司",2015210352882,CN205425502U,F25B13/00(2006.01); F25B41/04(2006.01),实用新型,专利权有效期届满终止,2016-08-03,,False,电子电气
000333.SZ,美的集团,气液分离器及具有其的冷冻循环装置、制冷系统,"广东美的暖通设备有限公司,美的集团股份有限公司",2015210406204,CN205425555U,F25B43/02(2006.01); F25B40/02(2006.01); F25B40/06(2006.01); F25B13/00(2006.01),实用新型,专利权有效期届满终止,2016-08-03,,False,电子电气
000333.SZ,美的集团,无叶风扇,"广东美的环境电器制造有限公司,美的集团股份有限公司",2015210800925,CN205423114U,F04B41/06(2006.01); F04D29/44(2006.01),实用新型,专利权有效期届满终止,2016-08-03,,False,电子电气
000333.SZ,美的集团,空调室外机,"广东美的暖通设备有限公司,美的集团股份有限公司",2015305428317,CN303778384S,23-04 (10),外观设计,专利权有效期届满终止,2016-08-03,,False,电子电气
000333.SZ,美的集团,空调室外机,"广东美的暖通设备有限公司,美的集团股份有限公司",2015305428321,CN303778385S,23-04 (10),外观设计,专利权有效期届满终止,2016-08-03,,False,电子电气
000333.SZ,美的集团,生鲜柜,"合肥美的电冰箱有限公司,美的集团股份有限公司",201530550151X,CN303775396S,15-07 (10),外观设计,专利权有效期届满终止,2016-08-03,,False,电子电气
000333.SZ,美的集团,生鲜柜,"合肥美的电冰箱有限公司,美的集团股份有限公司",2015305501558,CN303775397S,15-07 (10),外观设计,专利权有效期届满终止,2016-08-03,,False,电子电气
000333.SZ,美的集团,生鲜柜,"合肥美的电冰箱有限公司,美的集团股份有限公司",2015305501755,CN303775398S,15-07 (10),外观设计,专利权有效期届满终止,2016-08-03,,False,电子电气
000333.SZ,美的集团,生鲜柜,"合肥美的电冰箱有限公司,美的集团股份有限公司",2015305501774,CN303775399S,15-07 (10),外观设计,专利权有效期届满终止,2016-08-03,,False,电子电气
000333.SZ,美的集团,蓄电池,"广东美的暖通设备有限公司,美的集团股份有限公司",201530552825X,CN303773076S,13-02 (10),外观设计,专利权有效期届满终止,2016-08-03,,False,电子电气
000333.SZ,美的集团,中央空调线控器,"广东美的暖通设备有限公司,美的集团股份有限公司",2015305528457,CN303774466S,14-03 (10),外观设计,专利权有效期届满终止,2016-08-03,,False,电子电气
000333.SZ,美的集团,上盖组件及烹饪器具,"佛山市顺德区美的电热电器制造有限公司,美的集团股份有限公司",2016200175617,CN205410852U,A47J27/092(2006.01); A47J36/38(2006.01),实用新型,专利权有效期届满终止,2016-08-03,,False,电子电气
000333.SZ,美的集团,水路板和净水机,"佛山市美的清湖净水设备有限公司,美的集团股份有限公司",2016200564827,CN205419960U,C02F9/02(2006.01),实用新型,专利权有效期届满终止,2016-08-03,,False,电子电气
000333.SZ,美的集团,电磁加热装置及其功率开关管的驱动电路,"佛山市顺德区美的电热电器制造有限公司,美的集团股份有限公司",2016201057092,CN205430651U,H05B6/06(2006.01),实用新型,专利权有效期届满终止,2016-08-03,,False,电子电气
000333.SZ,美的集团,箱体和冷柜,"合肥华凌股份有限公司,美的集团股份有限公司",2016201066138,CN205425598U,F25D23/06(2006.01),实用新型,专利权有效期届满终止,2016-08-03,,False,电子电气
000333.SZ,美的集团,一种回气换热管组件及制冷设备,"合肥美的电冰箱有限公司,美的集团股份有限公司",2016201069032,CN205425551U,F25B41/06(2006.01),实用新型,专利权有效期届满终止,2016-08-03,,False,电子电气
000333.SZ,美的集团,烹饪器具,"广东美的厨房电器制造有限公司,美的集团股份有限公司",2016201261179,CN205410953U,A47J37/06(2006.01); A47J37/10(2006.01); F24C7/06(2006.01),实用新型,专利权有效期届满终止,2016-08-03,,False,电子电气
000333.SZ,美的集团,铰链及烹饪器具,"广东美的厨房电器制造有限公司,美的集团股份有限公司",2016201344947,CN205410829U,A47J27/00(2006.01); A47J27/04(2006.01); A47J36/00(2006.01); A47J37/06(2006.01),实用新型,专利权有效期届满终止,2016-08-03,,False,电子电气
000333.SZ,美的集团,烤箱,"广东美的厨房电器制造有限公司,美的集团股份有限公司",2016201428514,CN205410955U,A47J37/06(2006.01),实用新型,专利权有效期届满终止,2016-08-03,,False,电子电气
000333.SZ,美的集团,包装盒、排水管组件及空调组件,"广东美的制冷设备有限公司,美的集团股份有限公司",201620143886X,CN205418419U,B65D25/10(2006.01); B65D85/68(2006.01),实用新型,专利权有效期届满终止,2016-08-03,,False,电子电气
000333.SZ,美的集团,风扇头部和家用电器,"广东美的环境电器制造有限公司,美的集团股份有限公司",2016201555026,CN205423248U,F04D25/10(2006.01); F04D29/00(2006.01),实用新型,专利权有效期届满终止,2016-08-03,,False,电子电气
000333.SZ,美的集团,锅盖及烹饪器具,"佛山市顺德区美的电热电器制造有限公司,美的集团股份有限公司",2016201555045,CN205410848U,A47J27/08(2006.01),实用新型,未缴年费专利权终止,2016-08-03,,False,电子电气
000333.SZ,美的集团,家用电器的摇头机构及家用电器,"广东美的环境电器制造有限公司,美的集团股份有限公司",201620155569X,CN205423249U,F04D25/10(2006.01),实用新型,专利权有效期届满终止,2016-08-03,,False,电子电气
000333.SZ,美的集团,风扇头部和家用电器,"广东美的环境电器制造有限公司,美的集团股份有限公司",2016201555702,CN205423250U,F04D25/10(2006.01); F04D29/00(2006.01),实用新型,专利权有效期届满终止,2016-08-03,,False,电子电气
000333.SZ,美的集团,风扇头部和家用电器,"广东美的环境电器制造有限公司,美的集团股份有限公司",2016201559347,CN205423221U,F04D25/08(2006.01); F04D29/00(2006.01),实用新型,专利权有效期届满终止,2016-08-03,,False,电子电气
000333.SZ,美的集团,风扇头部、立式及壁挂式风扇和家用电器,"广东美的环境电器制造有限公司,美的集团股份有限公司",201620156026X,CN205423251U,F04D25/10(2006.01); F04D29/00(2006.01),实用新型,专利权有效期届满终止,2016-08-03,,False,电子电气
000333.SZ,美的集团,风扇的支撑结构及风扇,"广东美的环境电器制造有限公司,美的集团股份有限公司",2016201566389,CN205423272U,F04D29/00(2006.01); F04D25/08(2006.01); F04D29/64(2006.01),实用新型,专利权有效期届满终止,2016-08-03,,False,电子电气
000333.SZ,美的集团,家用电器的摇头机构及家用电器,"广东美的环境电器制造有限公司,美的集团股份有限公司",2016201566887,CN205423252U,F04D25/10(2006.01),实用新型,专利权有效期届满终止,2016-08-03,,False,电子电气
000333.SZ,美的集团,分体落地式空调器内机（D3-wj）,"广东美的制冷设备有限公司,美的集团股份有限公司",201630059986X,CN303778509S,23-04 (10),外观设计,未缴年费专利权终止,2016-08-03,,False,电子电气
000333.SZ,美的集团,压缩机组件、室外机及空调器,"广东美的制冷设备有限公司,美的集团股份有限公司",2015211100338,CN205448071U,F24F1/10(2011.01); F24F13/24(2006.01),实用新型,专利权有效期届满终止,2016-08-10,,False,电子电气
000333.SZ,美的集团,压缩机组件、降噪箱、压缩机、室外机及空调器,"广东美的制冷设备有限公司,美的集团股份有限公司",2015211166922,CN205448067U,F24F1/08(2011.01); F24F1/10(2011.01); F24F1/12(2011.01),实用新型,专利权有效期届满终止,2016-08-10,,False,电子电气
000333.SZ,美的集团,压缩机组件、室外机及空调器,"广东美的制冷设备有限公司,美的集团股份有限公司",2015211168082,CN205448073U,F24F1/12(2011.01),实用新型,专利权有效期届满终止,2016-08-10,,False,电子电气
000333.SZ,美的集团,压缩机组件、室外机及空调器,"广东美的制冷设备有限公司,美的集团股份有限公司",2015211168383,CN205448074U,F24F1/12(2011.01),实用新型,专利权有效期届满终止,2016-08-10,,False,电子电气
000333.SZ,美的集团,压缩机组件、室外机及空调器,"广东美的制冷设备有限公司,美的集团股份有限公司",2015211174172,CN205448075U,F24F1/12(2011.01),实用新型,专利权有效期届满终止,2016-08-10,,False,电子电气
000333.SZ,美的集团,压缩机组件、降噪箱、压缩机、室外机及空调器,"广东美的制冷设备有限公司,美的集团股份有限公司",2015211174609,CN205448068U,F24F1/08(2011.01); F24F1/10(2011.01); F24F1/12(2011.01),实用新型,专利权有效期届满终止,2016-08-10,,False,电子电气
000333.SZ,美的集团,压缩机组件、室外机及空调器,"广东美的制冷设备有限公司,美的集团股份有限公司",2015211176074,CN205448069U,F24F1/08(2011.01); F24F1/10(2011.01); F24F1/12(2011.01),实用新型,专利权有效期届满终止,2016-08-10,,False,电子电气
000333.SZ,美的集团,压缩机组件、室外机及空调器,"广东美的制冷设备有限公司,美的集团股份有限公司",201521117892X,CN205448072U,F24F1/10(2011.01); F24F13/24(2006.01),实用新型,专利权有效期届满终止,2016-08-10,,False,电子电气
000333.SZ,美的集团,空调器降噪组件、压缩机组件、室外机及空调器,"广东美的制冷设备有限公司,美的集团股份有限公司",2015211178972,CN205448076U,F24F1/12(2011.01); F24F1/06(2011.01),实用新型,专利权有效期届满终止,2016-08-10,,False,电子电气
000333.SZ,美的集团,微波炉电路和微波炉,"广东美的厨房电器制造有限公司,美的集团股份有限公司",2015211284346,CN205454137U,H05B6/68(2006.01),实用新型,未缴年费专利权终止,2016-08-10,,False,电子电气
000333.SZ,美的集团,温控盒组件以及具有它的制冷设备,"合肥华凌股份有限公司,美的集团股份有限公司",2015211321701,CN205454287U,H05K5/02(2006.01); F25D29/00(2006.01),实用新型,专利权有效期届满终止,2016-08-10,,False,电子电气
000333.SZ,美的集团,一种量勺及组合式多用量勺组件,"佛山市顺德区美的电热电器制造有限公司,美的集团股份有限公司",2015211369683,CN205433467U,A47J43/28(2006.01),实用新型,专利权有效期届满终止,2016-08-10,,False,电子电气
000333.SZ,美的集团,空气净化装置和空气调节器,"广东美的制冷设备有限公司,美的集团股份有限公司",2015211393644,CN205435475U,B01D53/86(2006.01); B01D53/02(2006.01); A61L9/014(2006.01); A61L9/16(2006.01); F24F13/28(2006.01),实用新型,专利权有效期届满终止,2016-08-10,,False,电子电气
000333.SZ,美的集团,水路接头和加湿设备,"广东美的制冷设备有限公司,美的集团股份有限公司",2015211424394,CN205447053U,F16L29/02(2006.01),实用新型,未缴年费专利权终止,2016-08-10,,False,电子电气
000333.SZ,美的集团,插针保护件、定子总成以及具有其的电动机,"广东美的环境电器制造有限公司,美的集团股份有限公司",2015211430041,CN205453342U,H02K3/50(2006.01),实用新型,专利权有效期届满终止,2016-08-10,,False,电子电气
000333.SZ,美的集团,风道框体、出风框、空调柜机及空调器,"广东美的制冷设备有限公司,美的集团股份有限公司",2015211436688,CN205448210U,F24F13/08(2006.01); F24F13/24(2006.01),实用新型,专利权有效期届满终止,2016-08-10,,False,电子电气
000333.SZ,美的集团,烹饪器具,"佛山市顺德区美的电热电器制造有限公司,美的集团股份有限公司",2015211437303,CN205433293U,A47J27/00(2006.01); A47J36/00(2006.01),实用新型,专利权有效期届满终止,2016-08-10,,False,电子电气
000333.SZ,美的集团,空调柜机及空调器,"广东美的制冷设备有限公司,美的集团股份有限公司",2015211437676,CN205448216U,F24F13/10(2006.01); F24F13/06(2006.01); F24F1/00(2011.01),实用新型,专利权有效期届满终止,2016-08-10,,False,电子电气
000333.SZ,美的集团,空调系统,"广东美的制冷设备有限公司,美的集团股份有限公司",2015211438861,CN205448013U,F24F1/00(2011.01); F25B41/00(2006.01); F24F11/02(2006.01); F25B41/06(2006.01),实用新型,专利权有效期届满终止,2016-08-10,,False,电子电气
000333.SZ,美的集团,适于电磁加热的内锅,"佛山市顺德区美的电热电器制造有限公司,美的集团股份有限公司",2015211441864,CN205433385U,A47J36/00(2006.01),实用新型,专利权有效期届满终止,2016-08-10,,False,电子电气
000333.SZ,美的集团,适于电磁加热的锅盖及具有其的电饭煲,"佛山市顺德区美的电热电器制造有限公司,美的集团股份有限公司",2015211447165,CN205433389U,A47J36/06(2006.01); A47J27/00(2006.01); A47J27/08(2006.01); A47J36/02(2006.01),实用新型,专利权有效期届满终止,2016-08-10,,False,电子电气
000333.SZ,美的集团,带图形用户界面的空调控制器,"广东美的暖通设备有限公司,美的集团股份有限公司",2015305542702,CN303795474S,23-04 (10),外观设计,专利权有效期届满终止,2016-08-10,,False,电子电气
000333.SZ,美的集团,水路电磁阀及净水器,"佛山市美的清湖净水设备有限公司,美的集团股份有限公司",201620012511X,CN205446875U,F16K31/06(2006.01); F16K27/00(2006.01),实用新型,专利权有效期届满终止,2016-08-10,,False,电子电气
000333.SZ,美的集团,一种直流电机控制电路和家电设备,"广东美的制冷设备有限公司,美的集团股份有限公司",201620013709X,CN205453570U,H02P7/298(2016.01); H02P7/29(2016.01),实用新型,未缴年费专利权终止,2016-08-10,,False,电子电气
000333.SZ,美的集团,出风组件及轴流柜机,"广东美的制冷设备有限公司,美的集团股份有限公司",2016200221189,CN205448225U,F24F13/15(2006.01),实用新型,未缴年费专利权终止,2016-08-10,,False,电子电气
000333.SZ,美的集团,门体装置及轴流柜机,"广东美的制冷设备有限公司,美的集团股份有限公司",2016200238160,CN205448227U,F24F13/20(2006.01),实用新型,未缴年费专利权终止,2016-08-10,,False,电子电气
000333.SZ,美的集团,空调、低噪音风机及其风轮,"广东美的制冷设备有限公司,美的集团股份有限公司",2016200421753,CN205446178U,F04D29/28(2006.01); F04D29/42(2006.01); F04D29/66(2006.01),实用新型,专利权有效期届满终止,2016-08-10,,False,电子电气
000333.SZ,美的集团,一种盖体和锅体的配合结构及电炊具,"佛山市顺德区美的电热电器制造有限公司,美的集团股份有限公司",2016201260848,CN205433300U,A47J27/00(2006.01); A47J27/08(2006.01); A47J37/06(2006.01),实用新型,专利权有效期届满终止,2016-08-10,,False,电子电气
000333.SZ,美的集团,一种电磁加热控制电路和装置,"佛山市顺德区美的电热电器制造有限公司,美的集团股份有限公司",2016201300027,CN205454133U,H05B6/06(2006.01); H05B6/12(2006.01),实用新型,专利权有效期届满终止,2016-08-10,,False,电子电气
000333.SZ,美的集团,空调滑动门控制电路及空调,"广东美的制冷设备有限公司,美的集团股份有限公司",2016201330893,CN205448174U,F24F11/00(2006.01),实用新型,专利权有效期届满终止,2016-08-10,,False,电子电气
000333.SZ,美的集团,蒸发器排水组件和空调器,"广东美的制冷设备有限公司,美的集团股份有限公司",201620152991X,CN205448235U,F24F13/22(2006.01),实用新型,专利权有效期届满终止,2016-08-10,,False,电子电气
000333.SZ,美的集团,热水器内胆及空气源热泵热水器,"广东美的制冷设备有限公司,美的集团股份有限公司",2016201954581,CN205448327U,F24H9/00(2006.01),实用新型,未缴年费专利权终止,2016-08-10,,False,电子电气
000333.SZ,美的集团,一种采用热电制冷的宠物空调,"广东美的制冷设备有限公司,美的集团股份有限公司",2016201985043,CN205448399U,F25B21/02(2006.01); A01K1/00(2006.01),实用新型,未缴年费专利权终止,2016-08-10,,False,电子电气
000333.SZ,美的集团,一种采用空调室内机热气除霜的空调器,"广东美的制冷设备有限公司,美的集团股份有限公司",2016201993143,CN205448416U,F25B39/04(2006.01); F25B47/02(2006.01),实用新型,未缴年费专利权终止,2016-08-10,,False,电子电气
000333.SZ,美的集团,一种采用热水进行除霜的空调器,"广东美的制冷设备有限公司,美的集团股份有限公司",2016201993711,CN205448434U,F25B47/02(2006.01),实用新型,未缴年费专利权终止,2016-08-10,,False,电子电气
000333.SZ,美的集团,过滤滤芯（高精度）,"佛山市美的清湖净水设备有限公司,美的集团股份有限公司",201630001174X,CN303795019S,23-01 (10),外观设计,专利权有效期届满终止,2016-08-10,,False,电子电气
000333.SZ,美的集团,酸奶桶,"佛山市顺德区美的电热电器制造有限公司,美的集团股份有限公司",2016300064785,CN303798517S,31-00 (10),外观设计,专利权有效期届满终止,2016-08-10,,False,电子电气
000333.SZ,美的集团,净水杯,"佛山市美的清湖净水设备有限公司,美的集团股份有限公司",2016300092183,CN303786788S,07-01 (10),外观设计,未缴年费专利权终止,2016-08-10,,False,电子电气
000333.SZ,美的集团,搅拌机,"广东美的生活电器制造有限公司,美的集团股份有限公司",2016300115931,CN303798524S,31-00 (10),外观设计,未缴年费专利权终止,2016-08-10,,False,电子电气
000333.SZ,美的集团,锅具,"佛山市顺德区美的电热电器制造有限公司,美的集团股份有限公司",2016300129563,CN303787162S,07-02 (10),外观设计,专利权有效期届满终止,2016-08-10,,False,电子电气
000333.SZ,美的集团,汤蒸锅,"佛山市顺德区美的电热电器制造有限公司,美的集团股份有限公司",2016300149459,CN303787171S,07-02 (10),外观设计,专利权有效期届满终止,2016-08-10,,False,电子电气
000333.SZ,美的集团,风扇的扇叶,"广东美的环境电器制造有限公司,美的集团股份有限公司",2016300298646,CN303795587S,23-04 (10),外观设计,专利权有效期届满终止,2016-08-10,,False,电子电气
000333.SZ,美的集团,落地扇,"广东美的环境电器制造有限公司,美的集团股份有限公司",2016300299333,CN303795588S,23-04 (10),外观设计,专利权有效期届满终止,2016-08-10,,False,电子电气
000333.SZ,美的集团,分体落地式空调器内机（YB400）,"广东美的制冷设备有限公司,美的集团股份有限公司",2016300333226,CN303795609S,23-04 (10),外观设计,未缴年费专利权终止,2016-08-10,,False,电子电气
000333.SZ,美的集团,移动式空调调节器(PHZSJ-a),"广东美的制冷设备有限公司,美的集团股份有限公司",2016300333279,CN303795610S,23-04 (10),外观设计,专利权有效期届满终止,2016-08-10,,False,电子电气
000333.SZ,美的集团,一种烹饪锅具、烹饪电器及温度传感器,"佛山市顺德区美的电热电器制造有限公司,美的集团股份有限公司",2015211435736,CN205483281U,G01K1/08(2006.01); G01K1/14(2006.01),实用新型,专利权有效期届满终止,2016-08-17,,False,电子电气
000333.SZ,美的集团,风道框体、出风框、空调柜机及空调器,"广东美的制冷设备有限公司,美的集团股份有限公司",2015211436067,CN205481627U,F24F13/08(2006.01); F24F13/24(2006.01); F24F13/22(2006.01),实用新型,专利权有效期届满终止,2016-08-17,,False,电子电气
000333.SZ,美的集团,空调柜机及空调器,"广东美的制冷设备有限公司,美的集团股份有限公司",2015211436086,CN205481628U,F24F13/08(2006.01); F24F1/00(2011.01),实用新型,专利权有效期届满终止,2016-08-17,,False,电子电气
000333.SZ,美的集团,组合柜,"合肥美的电冰箱有限公司,美的集团股份有限公司",2015305501651,CN303800772S,06-04 (10),外观设计,专利权有效期届满终止,2016-08-17,,False,电子电气
000333.SZ,美的集团,用于饮水设备的储物柜和饮水设备,"佛山市顺德区美的饮水机制造有限公司,美的集团股份有限公司",2016200169781,CN205458097U,A47J31/00(2006.01); A47J31/44(2006.01),实用新型,未缴年费专利权终止,2016-08-17,,False,电子电气
000333.SZ,美的集团,轴流柜机的静叶、导流组件和轴流柜机,"广东美的制冷设备有限公司,美的集团股份有限公司",201620022074X,CN205481330U,F24F1/00(2011.01); F24F13/08(2006.01); F24F13/24(2006.01),实用新型,未缴年费专利权终止,2016-08-17,,False,电子电气
000333.SZ,美的集团,传感模组、压力传感器及烹饪器具,"佛山市顺德区美的电热电器制造有限公司,美的集团股份有限公司",2016200237312,CN205483393U,G01L19/14(2006.01),实用新型,专利权有效期届满终止,2016-08-17,,False,电子电气
000333.SZ,美的集团,轴流柜机,"广东美的制冷设备有限公司,美的集团股份有限公司",2016200238508,CN205481331U,F24F1/00(2011.01); F24F13/00(2006.01); F24F13/24(2006.01); F24F13/08(2006.01),实用新型,专利权有效期届满终止,2016-08-17,,False,电子电气
000333.SZ,美的集团,用于净水设备的滤芯组件和具有其的净水设备,"佛山市顺德区美的饮水机制造有限公司,美的集团股份有限公司",2016200394718,CN205473003U,C02F9/02(2006.01); B01D35/30(2006.01),实用新型,专利权有效期届满终止,2016-08-17,,False,电子电气
000333.SZ,美的集团,家电设备及其漏水检测电路,"佛山市顺德区美的饮水机制造有限公司,美的集团股份有限公司",2016200396535,CN205483458U,G01M3/40(2006.01),实用新型,专利权有效期届满终止,2016-08-17,,False,电子电气
000333.SZ,美的集团,空调系统,"广东美的制冷设备有限公司,美的集团股份有限公司",2016200420572,CN205481989U,F25B47/02(2006.01); F25B49/02(2006.01),实用新型,专利权有效期届满终止,2016-08-17,,False,电子电气
000333.SZ,美的集团,用于净水设备的滤芯组件,"佛山市顺德区美的饮水机制造有限公司,美的集团股份有限公司",2016200427209,CN205461357U,B01D36/02(2006.01); C02F1/00(2006.01),实用新型,专利权有效期届满终止,2016-08-17,,False,电子电气
000333.SZ,美的集团,一种涡旋压缩机,"广东美的暖通设备有限公司,美的集团股份有限公司",2016200473461,CN205478295U,F04C18/02(2006.01); F04C29/02(2006.01),实用新型,专利权有效期届满终止,2016-08-17,,False,电子电气
000333.SZ,美的集团,制冷水装置,"佛山市顺德区美的饮水机制造有限公司,美的集团股份有限公司",2016200539990,CN205481976U,F25B41/06(2006.01); F25B39/00(2006.01); F25B49/02(2006.01); A47J31/44(2006.01),实用新型,专利权有效期届满终止,2016-08-17,,False,电子电气
000333.SZ,美的集团,一种空调室内机进风结构及具有其的空调室内机,"广东美的制冷设备有限公司,美的集团股份有限公司",2016200772675,CN205481346U,F24F1/00(2011.01); F24F13/24(2006.01),实用新型,专利权有效期届满终止,2016-08-17,,False,电子电气
000333.SZ,美的集团,截流组件以及具有其的截流装置,"佛山市美的清湖净水设备有限公司,美的集团股份有限公司",2016201003139,CN205461820U,B01D61/10(2006.01); B01D61/12(2006.01); C02F1/44(2006.01),实用新型,专利权有效期届满终止,2016-08-17,,False,电子电气
000333.SZ,美的集团,用于净水设备的管路组件和具有其的净水设备,"佛山市美的清湖净水设备有限公司,美的集团股份有限公司",2016201015761,CN205479818U,F16L19/02(2006.01); F16L19/03(2006.01); F16L47/04(2006.01),实用新型,未缴年费专利权终止,2016-08-17,,False,电子电气
000333.SZ,美的集团,无叶风扇和无叶风扇的俯仰结构,"广东美的环境电器制造有限公司,美的集团股份有限公司",2016201019300,CN205478589U,F04F5/16(2006.01); F04F5/44(2006.01),实用新型,专利权有效期届满终止,2016-08-17,,False,电子电气
000333.SZ,美的集团,截流组件以及具有其的截流装置,"佛山市美的清湖净水设备有限公司,美的集团股份有限公司",2016201026696,CN205461821U,B01D61/10(2006.01); B01D61/12(2006.01); C02F1/44(2006.01),实用新型,专利权有效期届满终止,2016-08-17,,False,电子电气
000333.SZ,美的集团,带图形用户界面的控制器,"广东美的暖通设备有限公司,美的集团股份有限公司",2016300092200,CN303805385S,14-02 (10);14-04 (10),外观设计,专利权有效期届满终止,2016-08-17,,False,电子电气
000333.SZ,美的集团,吸入口体及具备该吸入口体的电动吸尘器,美的集团股份有限公司,2013100985403,CN103356133B,A47L9/04(2006.01)I,授权发明,专利权转移,2016-08-24,,False,电子电气
000333.SZ,美的集团,冰箱,美的集团股份有限公司,2013800224839,CN104272045B,F25D23/00(2006.01)I;F25D19/00(2006.01)I,授权发明,专利权转移,2016-08-24,,False,电子电气
000333.SZ,美的集团,滤芯组件及具有其的净水设备,"佛山市顺德区美的饮水机制造有限公司,美的集团股份有限公司",2016201514365,CN205500943U,C02F9/02(2006.01); C02F1/00(2006.01),实用新型,专利权有效期届满终止,2016-08-24,,False,电子电气
000333.SZ,美的集团,复合滤芯和具有复合滤芯的净水系统,"佛山市美的清湖净水设备有限公司,美的集团股份有限公司",2016201516322,CN205495091U,B01D29/58(2006.01); B01D29/33(2006.01); B01D29/21(2006.01); C02F9/02(2006.01),实用新型,专利权有效期届满终止,2016-08-24,,False,电子电气
000333.SZ,美的集团,净水杯,"佛山市美的清湖净水设备有限公司,美的集团股份有限公司",2016201559775,CN205495112U,B01D35/02(2006.01),实用新型,专利权有效期届满终止,2016-08-24,,False,电子电气
000333.SZ,美的集团,滤芯组件及具有其的净水设备,"佛山市顺德区美的饮水机制造有限公司,美的集团股份有限公司",2016202108782,CN205495129U,B01D35/30(2006.01); C02F1/00(2006.01); C02F9/02(2006.01),实用新型,未缴年费专利权终止,2016-08-24,,False,电子电气
000333.SZ,美的集团,烹饪器具,"广东美的生活电器制造有限公司,美的集团股份有限公司",2016200270518,CN205514218U,A47J43/07(2006.01); A47J19/02(2006.01),实用新型,未缴年费专利权终止,2016-08-31,,False,电子电气
000333.SZ,美的集团,空调器面板和空调器,"广东美的制冷设备有限公司,美的集团股份有限公司",201620046748X,CN205536453U,F24F13/20(2006.01); F24F13/00(2006.01),实用新型,专利权有效期届满终止,2016-08-31,,False,电子电气
000333.SZ,美的集团,一种小型电机隔振系统,"广东美的制冷设备有限公司,美的集团股份有限公司",2016200507538,CN205536472U,F24F13/24(2006.01),实用新型,专利权有效期届满终止,2016-08-31,,False,电子电气
000333.SZ,美的集团,加湿过滤网及净化器,"广东美的制冷设备有限公司,美的集团股份有限公司",2016200560578,CN205536193U,F24F1/02(2011.01); F24F6/00(2006.01); F24F13/28(2006.01),实用新型,专利权有效期届满终止,2016-08-31,,False,电子电气
000333.SZ,美的集团,立式空调器室内机,"广东美的制冷设备有限公司,美的集团股份有限公司",2016200662196,CN205536136U,F24F1/00(2011.01); F24F13/10(2006.01); F24F13/08(2006.01),实用新型,专利权有效期届满终止,2016-08-31,,False,电子电气
000333.SZ,美的集团,空调室内机及空调器,"广东美的制冷设备有限公司,美的集团股份有限公司",2016200671481,CN205536137U,F24F1/00(2011.01); F24F13/20(2006.01),实用新型,专利权有效期届满终止,2016-08-31,,False,电子电气
000333.SZ,美的集团,一种风道内壁可拆卸结构及具有其的厨房空调室内机,"广东美的制冷设备有限公司,美的集团股份有限公司",2016200757957,CN205536428U,F24F13/02(2006.01),实用新型,专利权有效期届满终止,2016-08-31,,False,电子电气
000333.SZ,美的集团,一种空调,"广东美的制冷设备有限公司,美的集团股份有限公司",2016200758184,CN205536705U,F25B39/04(2006.01); F25B1/00(2006.01),实用新型,专利权有效期届满终止,2016-08-31,,False,电子电气
000333.SZ,美的集团,一种室内空调机结构,"广东美的制冷设备有限公司,美的集团股份有限公司",2016200776591,CN205536141U,F24F1/00(2011.01); F24F13/30(2006.01); F24F13/24(2006.01); F24F13/20(2006.01); F24F13/08(2006.01); F24F13/00(2006.01),实用新型,专利权有效期届满终止,2016-08-31,,False,电子电气
000333.SZ,美的集团,一种空调器室内机,"广东美的制冷设备有限公司,美的集团股份有限公司",2016200776661,CN205536142U,F24F1/00(2011.01); F24F13/22(2006.01); F24F13/24(2006.01); F24F13/30(2006.01),实用新型,专利权有效期届满终止,2016-08-31,,False,电子电气
000333.SZ,美的集团,一种带有进风盖的空调室内机,"广东美的制冷设备有限公司,美的集团股份有限公司",2016200778544,CN205536144U,F24F1/00(2011.01)I;F24F13/10(2006.01)I;F24F13/22(2006.01)I,实用新型,专利权有效期届满终止,2016-08-31,,False,电子电气
000333.SZ,美的集团,TFT屏幕的显示装置和电磁炉,"佛山市顺德区美的电热电器制造有限公司,美的集团股份有限公司",2016200824114,CN205541816U,G09G3/20(2006.01),实用新型,专利权有效期届满终止,2016-08-31,,False,电子电气
000333.SZ,美的集团,远红外发热盘及具有其的煎烤机,"佛山市顺德区美的电热电器制造有限公司,美的集团股份有限公司",2016200862648,CN205545994U,H05B3/28(2006.01); A47J37/10(2006.01),实用新型,专利权有效期届满终止,2016-08-31,,False,电子电气
000333.SZ,美的集团,一种包装箱内放置说明书的结构及包装箱,"佛山市顺德区美的电热电器制造有限公司,美的集团股份有限公司",2016200870517,CN205525820U,B65D81/113(2006.01); B65D25/10(2006.01),实用新型,未缴年费专利权终止,2016-08-31,,False,电子电气
000333.SZ,美的集团,压力锅的锅盖组件和具有其的压力锅,"佛山市顺德区美的电热电器制造有限公司,美的集团股份有限公司",2016200885550,CN205514068U,A47J27/08(2006.01),实用新型,专利权有效期届满终止,2016-08-31,,False,电子电气
000333.SZ,美的集团,空调室外机及空调系统,"广东美的制冷设备有限公司,美的集团股份有限公司",2016200945462,CN205536243U,F24F1/06(2011.01); F24F13/32(2006.01),实用新型,未缴年费专利权终止,2016-08-31,,False,电子电气
000333.SZ,美的集团,分体立式室内机的底盘及分体立式室内机,"广东美的制冷设备有限公司,美的集团股份有限公司",2016200964158,CN205536150U,F24F1/00(2011.01); F24F13/32(2006.01); F24F13/22(2006.01),实用新型,未缴年费专利权终止,2016-08-31,,False,电子电气
000333.SZ,美的集团,底座组件及烹饪器具,"佛山市顺德区美的电热电器制造有限公司,美的集团股份有限公司",2016200969645,CN205514146U,A47J36/00(2006.01); A47J27/00(2006.01),实用新型,未缴年费专利权终止,2016-08-31,,False,电子电气
000333.SZ,美的集团,密封圈和料理机,"佛山市顺德区美的电热电器制造有限公司,美的集团股份有限公司",2016200974041,CN205514223U,A47J43/07(2006.01); A47J43/044(2006.01),实用新型,专利权有效期届满终止,2016-08-31,,False,电子电气
000333.SZ,美的集团,空调室外机及空调系统,"广东美的制冷设备有限公司,美的集团股份有限公司",201620097415X,CN205536253U,F24F1/48(2011.01); F24F1/54(2011.01),实用新型,未缴年费专利权终止,2016-08-31,,False,电子电气
000333.SZ,美的集团,分体立式室内机及空调系统,"广东美的制冷设备有限公司,美的集团股份有限公司",2016201008039,CN205536152U,F24F1/00(2011.01); F24F13/22(2006.01); F24F13/20(2006.01); F24F13/30(2006.01); F24F13/00(2006.01),实用新型,专利权有效期届满终止,2016-08-31,,False,电子电气
000333.SZ,美的集团,空调系统及冷媒循环系统,"广东美的制冷设备有限公司,美的集团股份有限公司",2016201008630,CN205536153U,F24F1/00(2011.01); F24F13/24(2006.01),实用新型,专利权有效期届满终止,2016-08-31,,False,电子电气
000333.SZ,美的集团,滤芯的外壳组件和滤芯,"佛山市美的清湖净水设备有限公司,美的集团股份有限公司",201620101562X,CN205516851U,B01D35/30(2006.01); B01D29/11(2006.01); B01D61/08(2006.01); C02F1/00(2006.01); C02F1/44(2006.01),实用新型,专利权有效期届满终止,2016-08-31,,False,电子电气
000333.SZ,美的集团,一种蒸汽口密封圈及含有其的电饭煲顶盖和电饭煲,"佛山市顺德区美的电热电器制造有限公司,美的集团股份有限公司",2016201015812,CN205514020U,A47J27/00(2006.01); A47J36/06(2006.01); A47J36/00(2006.01),实用新型,专利权有效期届满终止,2016-08-31,,False,电子电气
000333.SZ,美的集团,空调室外机及空调系统,"广东美的制冷设备有限公司,美的集团股份有限公司",2016201018295,CN205536251U,F24F1/16(2011.01); F24F1/48(2011.01),实用新型,未缴年费专利权终止,2016-08-31,,False,电子电气
000333.SZ,美的集团,烤架及烹饪器具,"广东美的厨房电器制造有限公司,美的集团股份有限公司",201620102478X,CN205514192U,A47J37/06(2006.01),实用新型,专利权有效期届满终止,2016-08-31,,False,电子电气
000333.SZ,美的集团,用于空调器的导风组件及具有其的空调器,"广东美的暖通设备有限公司,美的集团股份有限公司",2016201024807,CN205536449U,F24F13/14(2006.01),实用新型,专利权有效期届满终止,2016-08-31,,False,电子电气
000333.SZ,美的集团,电磁加热装置及其功率开关管的驱动电路,"佛山市顺德区美的电热电器制造有限公司,美的集团股份有限公司",2016201045926,CN205544904U,H02M1/08(2006.01); H05B6/06(2006.01),实用新型,专利权有效期届满终止,2016-08-31,,False,电子电气
000333.SZ,美的集团,烹饪设备,"广东美的厨房电器制造有限公司,美的集团股份有限公司",2016201259075,CN205514194U,A47J37/06(2006.01),实用新型,专利权有效期届满终止,2016-08-31,,False,电子电气
000333.SZ,美的集团,冰箱门和冰箱,"合肥华凌股份有限公司,美的集团股份有限公司",2016201437284,CN205536863U,F25D27/00(2006.01); F25D23/02(2006.01),实用新型,专利权有效期届满终止,2016-08-31,,False,电子电气
000333.SZ,美的集团,冰箱,"合肥华凌股份有限公司,美的集团股份有限公司",2016201437299,CN205536872U,F25D29/00(2006.01),实用新型,专利权有效期届满终止,2016-08-31,,False,电子电气
000333.SZ,美的集团,冰箱及其风道组件,"合肥华凌股份有限公司,美的集团股份有限公司",2016201438681,CN205536793U,F25D17/08(2006.01); F25D29/00(2006.01); F25D11/02(2006.01),实用新型,专利权有效期届满终止,2016-08-31,,False,电子电气
000333.SZ,美的集团,感温套管组件、制冷装置及冷柜,"合肥华凌股份有限公司,美的集团股份有限公司",2016201439364,CN205536873U,F25D29/00(2006.01),实用新型,专利权有效期届满终止,2016-08-31,,False,电子电气
000333.SZ,美的集团,冰箱的抽屉组件及具有其的冰箱,"合肥华凌股份有限公司,美的集团股份有限公司",2016201487936,CN205536852U,F25D25/02(2006.01),实用新型,专利权有效期届满终止,2016-08-31,,False,电子电气
000333.SZ,美的集团,一种制冷设备,"合肥美的电冰箱有限公司,美的集团股份有限公司",2016201507268,CN205536775U,F25D11/02(2006.01)I;F25D19/00(2006.01)I;F25D21/12(2006.01)I;F25D23/06(2006.01)I;F25D21/14(2006.01)I;F25D17/06(2006.01)I,实用新型,专利权有效期届满终止,2016-08-31,,False,电子电气
000333.SZ,美的集团,锅盖及烹饪器具,"佛山市顺德区美的电热电器制造有限公司,美的集团股份有限公司",2016201555666,CN205514071U,A47J27/08(2006.01),实用新型,未缴年费专利权终止,2016-08-31,,False,电子电气
000333.SZ,美的集团,多出水净水器水路板及净水器,"佛山市美的清湖净水设备有限公司,美的集团股份有限公司",2016201571156,CN205516831U,B01D35/00(2006.01); B01D36/00(2006.01); C02F9/02(2006.01),实用新型,未缴年费专利权终止,2016-08-31,,False,电子电气
000333.SZ,美的集团,移动空调器,"广东美的制冷设备有限公司,美的集团股份有限公司",2016201698335,CN205536222U,F24F1/02(2011.01); F24F13/30(2006.01); F24F11/02(2006.01),实用新型,未缴年费专利权终止,2016-08-31,,False,电子电气
000333.SZ,美的集团,空调器室外机的防护装置、空调器室外机及空调器,"广东美的制冷设备有限公司,美的集团股份有限公司",2016201763902,CN205536244U,F24F1/06(2011.01),实用新型,未缴年费专利权终止,2016-08-31,,False,电子电气
000333.SZ,美的集团,空调器,"广东美的制冷设备有限公司,美的集团股份有限公司",2016300367862,CN303827612S,23-04 (10),外观设计,专利权有效期届满终止,2016-08-31,,False,电子电气
000333.SZ,美的集团,烹饪装置,"佛山市顺德区美的电热电器制造有限公司,美的集团股份有限公司",2015211005757,CN205548359U,A47J37/06(2006.01),实用新型,专利权有效期届满终止,2016-09-07,,False,电子电气
000333.SZ,美的集团,生鲜控制柜,"合肥美的电冰箱有限公司,美的集团股份有限公司",2015305501613,CN303842345S,15-07 (10),外观设计,专利权有效期届满终止,2016-09-07,,False,电子电气
000333.SZ,美的集团,刀具及食物料理机,"佛山市顺德区美的电热电器制造有限公司,美的集团股份有限公司",2016200409840,CN205556782U,C23C30/00(2006.01),实用新型,未缴年费专利权终止,2016-09-07,,False,电子电气
000333.SZ,美的集团,冰箱,"合肥华凌股份有限公司,美的集团股份有限公司",2016201104712,CN205561383U,F25D11/02(2006.01); F25D21/04(2006.01),实用新型,专利权有效期届满终止,2016-09-07,,False,电子电气
000333.SZ,美的集团,滤芯和具有滤芯的净水系统,"佛山市顺德区美的饮水机制造有限公司,美的集团股份有限公司",2016201282048,CN205549815U,B01D35/30(2006.01); B01D35/14(2006.01); B01D29/11(2006.01); B01D36/00(2006.01); C02F9/02(2006.01),实用新型,专利权有效期届满终止,2016-09-07,,False,电子电气
000333.SZ,美的集团,家用电器的摇头机构及家用电器,"广东美的环境电器制造有限公司,美的集团股份有限公司",2016201282118,CN205559333U,F04D25/10(2006.01),实用新型,专利权有效期届满终止,2016-09-07,,False,电子电气
000333.SZ,美的集团,带图形用户界面的遥控器,"广东美的暖通设备有限公司,美的集团股份有限公司",2016300256817,CN303841599S,14-03 (10);14-04 (10),外观设计,专利权有效期届满终止,2016-09-07,,False,电子电气
000333.SZ,美的集团,空调器,"广东美的制冷设备有限公司,美的集团股份有限公司",2016300367858,CN303844396S,23-04 (10),外观设计,专利权有效期届满终止,2016-09-07,,False,电子电气
000333.SZ,美的集团,冰箱（打开状态）,"合肥美的电冰箱有限公司,美的集团股份有限公司",2016300498337,CN303842355S,15-07 (10),外观设计,专利权有效期届满终止,2016-09-07,,False,电子电气
000333.SZ,美的集团,冰箱,"合肥美的电冰箱有限公司,美的集团股份有限公司",2016300498360,CN303842357S,15-07 (10),外观设计,专利权有效期届满终止,2016-09-07,,False,电子电气
000333.SZ,美的集团,冰箱（打开状态）,"合肥美的电冰箱有限公司,美的集团股份有限公司",201630049838X,CN303842358S,15-07 (10),外观设计,专利权有效期届满终止,2016-09-07,,False,电子电气
000333.SZ,美的集团,冰箱,"合肥美的电冰箱有限公司,美的集团股份有限公司",2016300498411,CN303842361S,15-07 (10),外观设计,专利权有效期届满终止,2016-09-07,,False,电子电气
000333.SZ,美的集团,冰箱,"合肥美的电冰箱有限公司,美的集团股份有限公司",201630049845X,CN303842364S,15-07 (10),外观设计,专利权有效期届满终止,2016-09-07,,False,电子电气
000333.SZ,美的集团,冰箱,"合肥美的电冰箱有限公司,美的集团股份有限公司",2016300498464,CN303842365S,15-07 (10),外观设计,专利权有效期届满终止,2016-09-07,,False,电子电气
000333.SZ,美的集团,冰箱门上挂盒,"合肥美的电冰箱有限公司,美的集团股份有限公司",2016300498483,CN303842367S,15-07 (10),外观设计,专利权有效期届满终止,2016-09-07,,False,电子电气
000333.SZ,美的集团,分体落地式空调器内机（D1--wj）,"广东美的制冷设备有限公司,美的集团股份有限公司",2016300588545,CN303844405S,23-04 (10),外观设计,未缴年费专利权终止,2016-09-07,,False,电子电气
000333.SZ,美的集团,风道框体、出风框、空调柜机及空调器,"广东美的制冷设备有限公司,美的集团股份有限公司",201521144403X,CN205579895U,F24F13/08(2006.01),实用新型,专利权有效期届满终止,2016-09-14,,False,电子电气
000333.SZ,美的集团,盖板、空调柜机及空调器,"广东美的制冷设备有限公司,美的集团股份有限公司",2015211444044,CN205579912U,F24F13/20(2006.01); F24F1/00(2011.01); F24F13/24(2006.01),实用新型,专利权有效期届满终止,2016-09-14,,False,电子电气
000333.SZ,美的集团,空调室内机的顶盖及空调室内机,"广东美的制冷设备有限公司,美的集团股份有限公司",2016200457416,CN205579743U,F24F1/00(2011.01); F24F13/20(2006.01),实用新型,专利权有效期届满终止,2016-09-14,,False,电子电气
000333.SZ,美的集团,空调器的进风格栅组件及空调器,"广东美的制冷设备有限公司,美的集团股份有限公司",2016200457543,CN205579896U,F24F13/08(2006.01),实用新型,专利权有效期届满终止,2016-09-14,,False,电子电气
000333.SZ,美的集团,空调器的电控盒组件及空调器,"广东美的制冷设备有限公司,美的集团股份有限公司",2016200460584,CN205584676U,H05K5/03(2006.01); F24F11/02(2006.01),实用新型,专利权有效期届满终止,2016-09-14,,False,电子电气
000333.SZ,美的集团,一种卡线结构及采用该卡线结构的盖体、电饭煲和电器,"佛山市顺德区美的电热电器制造有限公司,美的集团股份有限公司",2016201257597,CN205568662U,A47J27/08(2006.01); A47J36/06(2006.01); A47J31/44(2006.01); H05K7/02(2006.01); H05K5/03(2006.01),实用新型,专利权有效期届满终止,2016-09-14,,False,电子电气
000333.SZ,美的集团,一种蒸笼及使用该蒸笼的蒸煮器具,"佛山市顺德区美的电热电器制造有限公司,美的集团股份有限公司",2015210311365,CN205585857U,A47J36/20(2006.01); A47J27/04(2006.01),实用新型,专利权有效期届满终止,2016-09-21,,False,电子电气
000333.SZ,美的集团,吸油烟机,"广东美的厨房电器制造有限公司,美的集团股份有限公司",2015100479951,CN104595958B,F24C15/20(2006.01),授权发明,未缴年费专利权终止,2016-09-28,,False,电子电气
000333.SZ,美的集团,面条机,"广东美的生活电器制造有限公司,美的集团股份有限公司",2015210341125,CN205597004U,A21C11/16(2006.01); A21C9/00(2006.01),实用新型,专利权有效期届满终止,2016-09-28,,False,电子电气
000333.SZ,美的集团,定位工装、保温水箱及其发泡设备、以及热泵热水机,"广东美的暖通设备有限公司,美的集团股份有限公司",2015210690944,CN205601062U,B29C44/18(2006.01); B29C44/34(2006.01); F24H9/00(2006.01),实用新型,专利权有效期届满终止,2016-09-28,,False,电子电气
000333.SZ,美的集团,电机的自耦降压控制系统,"重庆美的通用制冷设备有限公司,美的集团股份有限公司",2015211066619,CN205610507U,H02P1/28(2006.01),实用新型,专利权有效期届满终止,2016-09-28,,False,电子电气
000333.SZ,美的集团,用于空调器的导风板组件及空调器,"广东美的制冷设备有限公司,美的集团股份有限公司",2015210748466,CN205641420U,F24F13/14(2006.01),实用新型,专利权有效期届满终止,2016-10-12,,False,电子电气
000333.SZ,美的集团,用于空调器的导风板组件及空调器,"广东美的制冷设备有限公司,美的集团股份有限公司",2015210751558,CN205641417U,F24F13/10(2006.01),实用新型,专利权有效期届满终止,2016-10-12,,False,电子电气
000333.SZ,美的集团,用于空调器的导风板组件及空调器,"广东美的制冷设备有限公司,美的集团股份有限公司",2015210751825,CN205641410U,F24F13/08(2006.01),实用新型,专利权有效期届满终止,2016-10-12,,False,电子电气
000333.SZ,美的集团,导风组件及暖风机,"广东美的环境电器制造有限公司,美的集团股份有限公司",2015211138227,CN205641525U,F24H3/04(2006.01); F24H9/00(2006.01),实用新型,专利权有效期届满终止,2016-10-12,,False,电子电气
000333.SZ,美的集团,过滤膜组件和具有它的净水设备,"佛山市美的清湖净水设备有限公司,美的集团股份有限公司",2015211421216,CN205627639U,B01D61/00(2006.01); B01D61/08(2006.01); C02F1/44(2006.01),实用新型,专利权有效期届满终止,2016-10-12,,False,电子电气
000333.SZ,美的集团,穿戴式设备的控制装置及具有其的穿戴式设备,"广东美的制冷设备有限公司,美的集团股份有限公司",2015211424820,CN205644548U,G06F19/00(2011.01); G06F3/0346(2013.01); A61B5/024(2006.01),实用新型,专利权有效期届满终止,2016-10-12,,False,电子电气
000333.SZ,美的集团,轴流柜机的动叶、导流组件和轴流柜机,"广东美的制冷设备有限公司,美的集团股份有限公司",2016200220542,CN205639069U,F04D29/38(2006.01); F04D29/54(2006.01); F04D29/66(2006.01); F24F1/00(2011.01),实用新型,未缴年费专利权终止,2016-10-12,,False,电子电气
000333.SZ,美的集团,水嘴组件及具有其的电器,"佛山市顺德区美的饮水机制造有限公司,美的集团股份有限公司",2016200277023,CN205625631U,A47J31/46(2006.01),实用新型,专利权有效期届满终止,2016-10-12,,False,电子电气
000333.SZ,美的集团,一种电磁加热烹饪系统,"佛山市顺德区美的电热电器制造有限公司,美的集团股份有限公司",2016201106046,CN205641046U,F24C7/08(2006.01); A47J27/00(2006.01); A47J27/086(2006.01); A47J36/24(2006.01); H05B6/02(2006.01); H05B6/12(2006.01),实用新型,专利权有效期届满终止,2016-10-12,,False,电子电气
000333.SZ,美的集团,空调器室内机及其外壳,"广东美的制冷设备有限公司,美的集团股份有限公司",2016201372364,CN205641165U,F24F1/00(2011.01); F24F13/20(2006.01); F24F13/32(2006.01),实用新型,专利权有效期届满终止,2016-10-12,,False,电子电气
000333.SZ,美的集团,包装组件及空调,"广东美的制冷设备有限公司,美的集团股份有限公司",2016201441487,CN205633626U,B65D81/133(2006.01); B65D25/02(2006.01); B65D85/68(2006.01),实用新型,专利权有效期届满终止,2016-10-12,,False,电子电气
000333.SZ,美的集团,烹饪器具,"佛山市顺德区美的电热电器制造有限公司,美的集团股份有限公司",2016201570740,CN205625567U,A47J27/00(2006.01); A47J36/02(2006.01),实用新型,专利权有效期届满终止,2016-10-12,,False,电子电气
000333.SZ,美的集团,压力锅的锅盖和具有其的压力锅,"佛山市顺德区美的电热电器制造有限公司,美的集团股份有限公司",2016201695500,CN205625589U,A47J27/08(2006.01),实用新型,未缴年费专利权终止,2016-10-12,,False,电子电气
000333.SZ,美的集团,搅拌机,"广东美的生活电器制造有限公司,美的集团股份有限公司",2016201797078,CN205625693U,A47J43/046(2006.01); A47J43/07(2006.01),实用新型,未缴年费专利权终止,2016-10-12,,False,电子电气
000333.SZ,美的集团,搅拌机,"广东美的生活电器制造有限公司,美的集团股份有限公司",2016201797097,CN205625694U,A47J43/046(2006.01); A47J43/07(2006.01),实用新型,未缴年费专利权终止,2016-10-12,,False,电子电气
000333.SZ,美的集团,搅拌机,"广东美的生活电器制造有限公司,美的集团股份有限公司",2016201797237,CN205625695U,A47J43/046(2006.01); A47J43/07(2006.01),实用新型,未缴年费专利权终止,2016-10-12,,False,电子电气
000333.SZ,美的集团,破壁机和破壁机的主机,"广东美的生活电器制造有限公司,美的集团股份有限公司",2016201810104,CN205625696U,A47J43/046(2006.01); A47J43/07(2006.01),实用新型,未缴年费专利权终止,2016-10-12,,False,电子电气
000333.SZ,美的集团,空调系统,"广东美的制冷设备有限公司,美的集团股份有限公司",2016201955052,CN205641622U,F25B1/00(2006.01); F25B41/04(2006.01); F25B49/02(2006.01),实用新型,未缴年费专利权终止,2016-10-12,,False,电子电气
000333.SZ,美的集团,空调遥控器（ZL-01）,"广东美的制冷设备有限公司,美的集团股份有限公司",2016300587985,CN303887949S,14-03 (10),外观设计,未缴年费专利权终止,2016-10-12,,False,电子电气
000333.SZ,美的集团,冰箱制冰机罩的安装结构、冰箱门和冰箱,"合肥华凌股份有限公司,美的集团股份有限公司",2016201475712,CN205655587U,F25D23/12(2006.01),实用新型,专利权有效期届满终止,2016-10-19,,False,电子电气
000333.SZ,美的集团,一种储冰盒组件及应用该组件的冰箱,"合肥华凌股份有限公司,美的集团股份有限公司",2016201489876,CN205655543U,F25C1/24(2006.01); F25C5/02(2006.01),实用新型,专利权有效期届满终止,2016-10-19,,False,电子电气
000333.SZ,美的集团,锅体和锅具,"佛山市顺德区美的电热电器制造有限公司,美的集团股份有限公司",2016201235780,CN205658755U,A47J27/00(2006.01); A47J36/02(2006.01); A47J27/02(2006.01),实用新型,专利权有效期届满终止,2016-10-26,,False,电子电气
000333.SZ,美的集团,饮水装置,"佛山市顺德区美的饮水机制造有限公司,美的集团股份有限公司",2016200557325,CN205690798U,F25D31/00(2006.01); F25B1/00(2006.01); F25B13/00(2006.01); F25B49/02(2006.01),实用新型,专利权有效期届满终止,2016-11-16,,False,电子电气
000333.SZ,美的集团,炉脚组件及烹饪器具,"广东美的厨房电器制造有限公司,美的集团股份有限公司",2016202038883,CN205697302U,A47J37/06(2006.01),实用新型,未缴年费专利权终止,2016-11-23,,False,电子电气
000333.SZ,美的集团,净水器,"佛山市美的清湖净水设备有限公司,美的集团股份有限公司",2016200178668,CN205740386U,C02F1/00(2006.01),实用新型,专利权有效期届满终止,2016-11-30,,False,电子电气
000333.SZ,美的集团,涡流风机蜗壳、涡流风机以及空调器,"广东美的制冷设备有限公司,美的集团股份有限公司",201620030940X,CN205744602U,F04D29/42(2006.01); F04D29/66(2006.01),实用新型,专利权有效期届满终止,2016-11-30,,False,电子电气
000333.SZ,美的集团,涡流风机蜗壳、涡流风机以及空调器,"广东美的制冷设备有限公司,美的集团股份有限公司",201620032458X,CN205744603U,F04D29/42(2006.01); F04D29/66(2006.01),实用新型,专利权有效期届满终止,2016-11-30,,False,电子电气
000333.SZ,美的集团,涡流风机蜗壳、涡流风机以及空调器,"广东美的制冷设备有限公司,美的集团股份有限公司",2016200324594,CN205744616U,F04D29/66(2006.01); F04D29/28(2006.01),实用新型,专利权有效期届满终止,2016-11-30,,False,电子电气
000333.SZ,美的集团,一种空调器室内机,"广东美的制冷设备有限公司,美的集团股份有限公司",2016200821614,CN205747155U,F24F1/00(2011.01); F24F13/02(2006.01); F24F13/28(2006.01),实用新型,专利权有效期届满终止,2016-11-30,,False,电子电气
000333.SZ,美的集团,烹饪锅具,"佛山市顺德区美的电热电器制造有限公司,美的集团股份有限公司",2016200861715,CN205729028U,A47J27/00(2006.01); A47J36/00(2006.01),实用新型,未缴年费专利权终止,2016-11-30,,False,电子电气
000333.SZ,美的集团,加热保温杯及加热系统,"广东美的厨房电器制造有限公司,美的集团股份有限公司",2016201976557,CN205728938U,A47G19/22(2006.01); A47G23/04(2006.01),实用新型,未缴年费专利权终止,2016-11-30,,False,电子电气
000333.SZ,美的集团,壁挂式空调器室内机（WANG-WDA）,"广东美的制冷设备有限公司,美的集团股份有限公司",2016300129760,CN303951755S,23-04 (10),外观设计,未缴年费专利权终止,2016-11-30,,False,电子电气
000333.SZ,美的集团,净饮机,"佛山市顺德区美的饮水机制造有限公司,美的集团股份有限公司",2016201014913,CN205773669U,C02F9/02(2006.01); C02F9/10(2006.01); B01D53/76(2006.01),实用新型,专利权有效期届满终止,2016-12-07,,False,电子电气
000333.SZ,美的集团,烹饪器具,"广东美的厨房电器制造有限公司,美的集团股份有限公司",2016201488727,CN205758285U,A47J27/00(2006.01); A47J36/00(2006.01),实用新型,专利权有效期届满终止,2016-12-07,,False,电子电气
000333.SZ,美的集团,冰箱,"东芝家用电器制造(南海)有限公司,美的集团股份有限公司",201620336745X,CN205784135U,F25D11/02(2006.01); F25D17/04(2006.01),实用新型,专利权转移,2016-12-07,,False,电子电气
000333.SZ,美的集团,空调器,"广东美的制冷设备有限公司,美的集团股份有限公司",2015210813041,CN205842971U,F24F13/06(2006.01); F24F13/10(2006.01),实用新型,专利权有效期届满终止,2016-12-28,,False,电子电气
000333.SZ,美的集团,液体加热容器,"广东美的生活电器制造有限公司,美的集团股份有限公司",2016200659102,CN205866607U,A47J31/00(2006.01); A47J31/44(2006.01); A47J31/56(2006.01),实用新型,专利权有效期届满终止,2017-01-11,,False,电子电气
000333.SZ,美的集团,冰箱,美的集团股份有限公司,201380044763X,CN104781623B,F25D29/00(2006.01)I;F25D23/00(2006.01)I,授权发明,专利权转移,2017-02-22,,False,电子电气
000333.SZ,美的集团,空调器,"广东美的制冷设备有限公司,美的集团股份有限公司",2015210813018,CN205980213U,F24F13/10(2006.01),实用新型,专利权有效期届满终止,2017-02-22,,False,电子电气
000333.SZ,美的集团,空调机,美的集团股份有限公司,2014100834605,CN104048357B,F24F1/00(2011.01)I;F24F11/02(2006.01)I;F24F13/10(2006.01)I,授权发明,专利权转移,2017-03-01,,False,电子电气
000333.SZ,美的集团,电动扫除机,美的集团股份有限公司,2016305076312,CN304062026S,15-05 (10),外观设计,专利权转移,2017-03-01,,False,电子电气
000333.SZ,美的集团,冰箱,美的集团股份有限公司,2016305576864,CN304062043S,15-07 (10),外观设计,专利权转移,2017-03-01,,False,电子电气
000333.SZ,美的集团,电动吸尘器,美的集团股份有限公司,2011800718774,CN103648348B,A47L9/16(2006.01)I,授权发明,专利权转移,2017-03-08,,False,电子电气
000333.SZ,美的集团,一种甲醛检测设备,美的集团股份有限公司,2012100219787,CN102590197B,G01N21/78(2006.01),授权发明,未缴年费专利权终止,2017-03-08,,False,电子电气
000333.SZ,美的集团,冰箱,"东芝家用电器制造(南海)有限公司,美的集团股份有限公司",2016207418893,CN206001790U,F25D25/02(2006.01),实用新型,专利权转移,2017-03-08,,False,电子电气
000333.SZ,美的集团,冰箱箱内冷藏盒,美的集团股份有限公司,2016305065661,CN304089439S,15-07 (10),外观设计,专利权转移,2017-03-29,,False,电子电气
000333.SZ,美的集团,空气调节器,"广东美的制冷设备有限公司,美的集团股份有限公司",2017300467761,CN304090601S,23-04 (10),外观设计,未缴年费专利权终止,2017-03-29,,False,电子电气
000333.SZ,美的集团,除湿机,"广东美的制冷设备有限公司,美的集团股份有限公司",2017300490005,CN304106101S,23-04 (10),外观设计,未缴年费专利权终止,2017-04-12,,False,电子电气
000333.SZ,美的集团,智能家居控制终端,"广东美的制冷设备有限公司,美的集团股份有限公司",2017300664026,CN304102678S,10-05 (11),外观设计,未缴年费专利权终止,2017-04-12,,False,电子电气
000333.SZ,美的集团,电动吸尘器,美的集团股份有限公司,2014800032871,CN104822301B,A47L9/16(2006.01)I,授权发明,专利权转移,2017-04-19,,False,电子电气
000333.SZ,美的集团,燃烧器及燃气用具,"广东美的厨房电器制造有限公司,美的集团股份有限公司",2015101101409,CN104713083B,F23D14/02(2006.01); F23D14/46(2006.01),授权发明,未缴年费专利权终止,2017-05-03,,False,电子电气
000333.SZ,美的集团,冷却空调器电控变频模块的方法及空调器,"广东美的暖通设备有限公司,美的集团股份有限公司",2014100843854,CN103900222B,F24F11/02(2006.01); F24F1/00(2011.01); F24F13/00(2006.01),授权发明,未缴年费专利权终止,2017-05-24,,False,电子电气
000333.SZ,美的集团,集尘装置及具备该集尘装置的电动吸尘器,美的集团股份有限公司,2013103417888,CN103565362B,A47L9/16(2006.01)I,授权发明,专利权转移,2017-06-06,,False,电子电气
000333.SZ,美的集团,冷霸,"广东美的暖通设备有限公司,美的集团股份有限公司",2017300089240,CN304159784S,23-04 (11),外观设计,未缴年费专利权终止,2017-06-06,,False,电子电气
000333.SZ,美的集团,移动式空气调节器,"广东美的制冷设备有限公司,美的集团股份有限公司",2017300467916,CN304171570S,28-03 (10),外观设计,未缴年费专利权终止,2017-06-09,,False,电子电气
000333.SZ,美的集团,除湿机,"广东美的制冷设备有限公司,美的集团股份有限公司",2017300493253,CN304170208S,23-04 (10),外观设计,未缴年费专利权终止,2017-06-09,,False,电子电气
000333.SZ,美的集团,微波炉,"广东美的厨房电器制造有限公司,美的集团股份有限公司",2016306471677,CN304178852S,07-02 (10),外观设计,未缴年费专利权终止,2017-06-16,,False,电子电气
000333.SZ,美的集团,冰箱,美的集团股份有限公司,201380044756X,CN104769374B,F25D23/06(2006.01)I;F25D23/02(2006.01)I;F25D23/08(2006.01)I,授权发明,专利权转移,2017-06-20,,False,电子电气
000333.SZ,美的集团,用于食物料理机的过流保护装置和食物料理机,"广东美的生活电器制造有限公司,美的集团股份有限公司",2016214915886,CN206293875U,H02H3/08(2006.01),实用新型,未缴年费专利权终止,2017-06-30,,False,电子电气
000333.SZ,美的集团,四面出风空调内机,"广东美的暖通设备有限公司,美的集团股份有限公司",2017300126771,CN304192324S,23-04 (10),外观设计,未缴年费专利权终止,2017-06-30,,False,电子电气
000333.SZ,美的集团,冷水机组,"重庆美的通用制冷设备有限公司,美的集团股份有限公司",2017300391391,CN304192338S,23-04 (11),外观设计,未缴年费专利权终止,2017-06-30,,False,电子电气
000333.SZ,美的集团,冷水机组,"重庆美的通用制冷设备有限公司,美的集团股份有限公司",2017300391404,CN304192339S,23-04 (11),外观设计,未缴年费专利权终止,2017-06-30,,False,电子电气
000333.SZ,美的集团,冰箱,美的集团股份有限公司,2014800302796,CN105308403B,F25D23/02(2006.01)I;F25D23/06(2006.01)I;F25D27/00(2006.01)I;F25D29/00(2006.01)I;H01H36/00(2006.01)I,授权发明,专利权转移,2017-07-07,,False,电子电气
000333.SZ,美的集团,空调器,"广州华凌制冷设备有限公司,美的集团股份有限公司",2016214381906,CN206310639U,F24F3/06(2006.01); F24F11/00(2006.01); F24F13/30(2006.01); F25B13/00(2006.01); F25B41/04(2006.01),实用新型,未缴年费专利权终止,2017-07-07,,False,电子电气
000333.SZ,美的集团,灶具（MQ7652-GA）,"广东美的厨房电器制造有限公司,美的集团股份有限公司",2017300443184,CN304196652S,07-02 (11),外观设计,未缴年费专利权终止,2017-07-07,,False,电子电气
000333.SZ,美的集团,电动吸尘器,美的集团股份有限公司,2014800032763,CN104822300B,A47L9/16(2006.01)I;A47L9/00(2006.01)I,授权发明,专利权转移,2017-07-11,,False,电子电气
000333.SZ,美的集团,冰箱门及冰箱,美的集团股份有限公司,2014104332576,CN104567215B,F25D23/02(2006.01)I,授权发明,专利权转移,2017-07-14,,False,电子电气
000333.SZ,美的集团,空气净化器,"广东美的环境电器制造有限公司,美的集团股份有限公司",2016214620150,CN206338874U,F24F1/02(2011.01); F24F3/16(2006.01); F24F13/20(2006.01); F24F13/28(2006.01),实用新型,未缴年费专利权终止,2017-07-18,,False,电子电气
000333.SZ,美的集团,水过滤系统,"佛山市美的清湖净水设备有限公司,美的集团股份有限公司",2016214890075,CN206337042U,C02F1/00(2006.01),实用新型,未缴年费专利权终止,2017-07-18,,False,电子电气
000333.SZ,美的集团,冷水机组,"重庆美的通用制冷设备有限公司,美的集团股份有限公司",2017300392676,CN304223252S,23-04 (11),外观设计,未缴年费专利权终止,2017-07-28,,False,电子电气
000333.SZ,美的集团,空调遥控器,"广东美的暖通设备有限公司,美的集团股份有限公司",2017300469080,CN304221063S,14-03 (11),外观设计,未缴年费专利权终止,2017-07-28,,False,电子电气
000333.SZ,美的集团,多联外机,"广东美的暖通设备有限公司,美的集团股份有限公司",2017300502924,CN304223278S,23-04 (11),外观设计,未缴年费专利权终止,2017-07-28,,False,电子电气
000333.SZ,美的集团,线控器防水盒,"广东美的暖通设备有限公司,美的集团股份有限公司",2017300609870,CN304223303S,23-04 (11),外观设计,未缴年费专利权终止,2017-07-28,,False,电子电气
000333.SZ,美的集团,遥控器,"广东美的暖通设备有限公司,美的集团股份有限公司",2017300654306,CN304221090S,14-03 (11),外观设计,未缴年费专利权终止,2017-07-28,,False,电子电气
000333.SZ,美的集团,冰箱,美的集团股份有限公司,2014800433720,CN105473963B,F25D23/00(2006.01)I,授权发明,专利权转移,2017-08-04,,False,电子电气
000333.SZ,美的集团,烤架,"广东美的厨房电器制造有限公司,美的集团股份有限公司",2017300452450,CN304231038S,07-02 (11),外观设计,未缴年费专利权终止,2017-08-04,,False,电子电气
000333.SZ,美的集团,微波饭煲,"广东美的厨房电器制造有限公司,美的集团股份有限公司",2017300523155,CN304231042S,07-02 (11),外观设计,未缴年费专利权终止,2017-08-04,,False,电子电气
000333.SZ,美的集团,半导体微波炉,"广东美的厨房电器制造有限公司,美的集团股份有限公司",2017300525822,CN304231043S,07-02 (11),外观设计,未缴年费专利权终止,2017-08-04,,False,电子电气
000333.SZ,美的集团,微波炉,"广东美的厨房电器制造有限公司,美的集团股份有限公司",2017300544753,CN304231046S,07-02 (11),外观设计,未缴年费专利权终止,2017-08-04,,False,电子电气
000333.SZ,美的集团,烤箱,"广东美的厨房电器制造有限公司,美的集团股份有限公司",2017300574852,CN304231052S,07-02 (11),外观设计,未缴年费专利权终止,2017-08-04,,False,电子电气
000333.SZ,美的集团,微波饭煲,"广东美的厨房电器制造有限公司,美的集团股份有限公司",2017300574922,CN304231053S,07-02 (11),外观设计,未缴年费专利权终止,2017-08-04,,False,电子电气
000333.SZ,美的集团,微波饭煲,"广东美的厨房电器制造有限公司,美的集团股份有限公司",2017300574937,CN304231054S,07-02 (11),外观设计,未缴年费专利权终止,2017-08-04,,False,电子电气
000333.SZ,美的集团,微波炉,"广东美的厨房电器制造有限公司,美的集团股份有限公司",201730057868X,CN304231056S,07-02 (11),外观设计,未缴年费专利权终止,2017-08-04,,False,电子电气
000333.SZ,美的集团,微波炉,"广东美的厨房电器制造有限公司,美的集团股份有限公司",2017300578834,CN304231057S,07-02 (11),外观设计,未缴年费专利权终止,2017-08-04,,False,电子电气
000333.SZ,美的集团,电烤箱,"广东美的厨房电器制造有限公司,美的集团股份有限公司",2017300629179,CN304231059S,07-02 (11),外观设计,未缴年费专利权终止,2017-08-04,,False,电子电气
000333.SZ,美的集团,微波饭煲,"广东美的厨房电器制造有限公司,美的集团股份有限公司",2017300734048,CN304231068S,07-02 (11),外观设计,未缴年费专利权终止,2017-08-04,,False,电子电气
000333.SZ,美的集团,微波饭煲,"广东美的厨房电器制造有限公司,美的集团股份有限公司",2017300734052,CN304231069S,07-02 (11),外观设计,未缴年费专利权终止,2017-08-04,,False,电子电气
000333.SZ,美的集团,冰箱,美的集团股份有限公司,2014800396990,CN105452788B,F25D29/00(2006.01)I;F25D11/00(2006.01)I;F25D23/00(2006.01)I,授权发明,专利权转移,2017-08-11,,False,电子电气
000333.SZ,美的集团,定频机调节系统和定频空调机,"广东美的制冷设备有限公司,美的集团股份有限公司",2016214441131,CN206398850U,F24F1/00(2011.01); F24F11/02(2006.01),实用新型,未缴年费专利权终止,2017-08-11,,False,电子电气
000333.SZ,美的集团,一种风机与语音交互结构的安装结构及空气净化器,"广东美的环境电器制造有限公司,美的集团股份有限公司",201720079962X,CN206398938U,F24F11/00(2006.01); F24F13/24(2006.01),实用新型,未缴年费专利权终止,2017-08-11,,False,电子电气
000333.SZ,美的集团,分体壁挂式空调器,"广东美的制冷设备有限公司,美的集团股份有限公司",2017300442533,CN304241960S,23-04 (11),外观设计,未缴年费专利权终止,2017-08-11,,False,电子电气
000333.SZ,美的集团,扇头及无叶风扇,美的集团股份有限公司,2016214508254,CN206409420U,F04D29/00(2006.01); F04F5/16(2006.01),实用新型,未缴年费专利权终止,2017-08-15,,False,电子电气
000333.SZ,美的集团,电吸尘器,美的集团股份有限公司,201510119649X,CN104921659B,A47L9/00(2006.01)I,授权发明,专利权转移,2017-08-25,,False,电子电气
000333.SZ,美的集团,温度传感器组件和料理机,"广东美的生活电器制造有限公司,美的集团股份有限公司",201720089373X,CN206440393U,G01K1/08(2006.01); A47J43/046(2006.01),实用新型,未缴年费专利权终止,2017-08-25,,False,电子电气
000333.SZ,美的集团,风管机出风面板,"广东美的暖通设备有限公司,美的集团股份有限公司",2017300533320,CN304262133S,23-04 (11),外观设计,未缴年费专利权终止,2017-08-29,,False,电子电气
000333.SZ,美的集团,壁挂式热泵热水器,"广东美的暖通设备有限公司,美的集团股份有限公司",2017300777876,CN304262102S,23-03 (11),外观设计,未缴年费专利权终止,2017-08-29,,False,电子电气
000333.SZ,美的集团,冰箱,"东芝家用电器制造(南海)有限公司,美的集团股份有限公司",2016214346832,CN206459404U,F25D11/00(2006.01); F25D23/02(2006.01),实用新型,专利权转移,2017-09-01,,False,电子电气
000333.SZ,美的集团,冰箱,美的集团股份有限公司,2016214356694,CN206459407U,F25D11/02(2006.01)I;F25D23/06(2006.01)I;F26B23/02(2006.01)I;F25D21/06(2006.01)I,实用新型,专利权转移,2017-09-01,,False,电子电气
000333.SZ,美的集团,空调器室内机的壳体组件、空调器室内机和空调器,"广东美的制冷设备有限公司,美的集团股份有限公司",2017200708870,CN206469359U,F24F1/00(2011.01); F24F13/20(2006.01); F24F13/28(2006.01); F24F13/30(2006.01); F24F13/00(2006.01),实用新型,未缴年费专利权终止,2017-09-05,,False,电子电气
000333.SZ,美的集团,温度传感器和烹饪装置,"广东美的生活电器制造有限公司,美的集团股份有限公司",2017200928724,CN206469986U,G01K1/08(2006.01),实用新型,未缴年费专利权终止,2017-09-05,,False,电子电气
000333.SZ,美的集团,电动扫除机用吸入口,美的集团股份有限公司,2017300591307,CN304270866S,15-05 (11),外观设计,专利权转移,2017-09-05,,False,电子电气
000333.SZ,美的集团,冰箱,美的集团股份有限公司,2014104292884,CN104677044B,F25D29/00(2006.01)I,授权发明,专利权转移,2017-09-08,,False,电子电气
000333.SZ,美的集团,一种空调器,"广东美的制冷设备有限公司,美的集团股份有限公司",2017200330797,CN206478786U,F24F5/00(2006.01); F24F3/14(2006.01); F25B25/02(2006.01),实用新型,未缴年费专利权终止,2017-09-08,,False,电子电气
000333.SZ,美的集团,空调挂机,"广东美的制冷设备有限公司,美的集团股份有限公司",2017200926292,CN206478745U,F24F1/00(2011.01); F24F13/08(2006.01); F24F13/20(2006.01),实用新型,未缴年费专利权终止,2017-09-08,,False,电子电气
000333.SZ,美的集团,一种空调器,"广东美的制冷设备有限公司,美的集团股份有限公司",2017200251013,CN206496424U,F24F1/00(2011.01); F24F11/02(2006.01); F24F13/28(2006.01),实用新型,未缴年费专利权终止,2017-09-15,,False,电子电气
000333.SZ,美的集团,滚筒式洗衣机,美的集团股份有限公司,2017200188147,CN206502986U,D06F37/04(2006.01)I,实用新型,专利权转移,2017-09-19,,False,电子电气
000333.SZ,美的集团,烤箱,"广东美的厨房电器制造有限公司,美的集团股份有限公司",2017300442548,CN304286625S,07-02 (11),外观设计,未缴年费专利权终止,2017-09-19,,False,电子电气
000333.SZ,美的集团,微波炉,"广东美的厨房电器制造有限公司,美的集团股份有限公司",2017300558192,CN304286628S,07-02 (11),外观设计,未缴年费专利权终止,2017-09-19,,False,电子电气
000333.SZ,美的集团,微波炉蒸盘,"广东美的厨房电器制造有限公司,美的集团股份有限公司",2017300560347,CN304286629S,07-02 (11),外观设计,未缴年费专利权终止,2017-09-19,,False,电子电气
000333.SZ,美的集团,空调器,"广东美的制冷设备有限公司,美的集团股份有限公司",2017300797935,CN304294194S,23-04 (11),外观设计,未缴年费专利权终止,2017-09-22,,False,电子电气
000333.SZ,美的集团,洗衣机,美的集团股份有限公司,2014800234341,CN105164331B,D06F33/02(2006.01)I;D06F23/04(2006.01)I;D06F39/08(2006.01)I,授权发明,专利权转移,2017-09-26,,False,电子电气
000333.SZ,美的集团,送风组件和空调器,"广东美的制冷设备有限公司,美的集团股份有限公司",2017201638413,CN206531249U,F24F13/06(2006.01); F24F13/24(2006.01),实用新型,未缴年费专利权终止,2017-09-29,,False,电子电气
000333.SZ,美的集团,送风组件和空调室外机,"广东美的制冷设备有限公司,美的集团股份有限公司",2017201638432,CN206531195U,F24F1/48(2011.01),实用新型,未缴年费专利权终止,2017-09-29,,False,电子电气
000333.SZ,美的集团,风轮组件、空调器室内机及空调器,"广东美的制冷设备有限公司,美的集团股份有限公司",2017201658760,CN206531169U,F24F1/00(2011.01); F24F3/16(2006.01); A61L9/20(2006.01),实用新型,未缴年费专利权终止,2017-09-29,,False,电子电气
000333.SZ,美的集团,换气组件和空调器,"广东美的制冷设备有限公司,美的集团股份有限公司",2017201660949,CN206531206U,F24F3/16(2006.01); F24F7/007(2006.01); F24F11/00(2006.01); F24F11/02(2006.01); F24F13/02(2006.01); F24F13/14(2006.01); F24F13/28(2006.01); F24F13/30(2006.01),实用新型,未缴年费专利权终止,2017-09-29,,False,电子电气
000333.SZ,美的集团,空气净化装置以及家用电器,"广东美的制冷设备有限公司,美的集团股份有限公司",201720245333X,CN206540259U,F24F1/02(2011.01)I;F24F3/16(2006.01)I;F24F11/00(2006.01)I;A61L9/14(2006.01)I,实用新型,未缴年费专利权终止,2017-10-03,,False,电子电气
000333.SZ,美的集团,风道结构和冰箱,美的集团股份有限公司,2016214751301,CN206556329U,F25D11/02(2006.01); F25D17/06(2006.01),实用新型,未缴年费专利权终止,2017-10-13,,False,电子电气
000333.SZ,美的集团,蒸汽发生器壳体、蒸汽发生器及其挂烫机,"广东美的环境电器制造有限公司,美的集团股份有限公司",2016214766078,CN206553788U,D06F73/00(2006.01),实用新型,未缴年费专利权终止,2017-10-13,,False,电子电气
000333.SZ,美的集团,电动送风机,美的集团股份有限公司,2017200323736,CN206555151U,F04D25/08(2006.01)I;F04D29/42(2006.01)I;F04D29/62(2006.01)I,实用新型,专利权转移,2017-10-13,,False,电子电气
000333.SZ,美的集团,坐便器手柄安装结构和智能坐便器,"广东美的环境电器制造有限公司,美的集团股份有限公司",2017200866925,CN206562646U,E03D9/00(2006.01); E03D5/09(2006.01); E03D5/10(2006.01),实用新型,未缴年费专利权终止,2017-10-17,,False,电子电气
000333.SZ,美的集团,食物料理机及其防堵转装置,"广东美的生活电器制造有限公司,美的集团股份有限公司",2017201695685,CN206564557U,H02P29/028(2016.01); A47J43/08(2006.01),实用新型,未缴年费专利权终止,2017-10-17,,False,电子电气
000333.SZ,美的集团,空调器,"广东美的暖通设备有限公司,美的集团股份有限公司",2017202091004,CN206572810U,F25B41/04(2006.01); F25B41/06(2006.01); F25B47/02(2006.01); F25B49/02(2006.01),实用新型,未缴年费专利权终止,2017-10-20,,False,电子电气
000333.SZ,美的集团,空调器,"广东美的暖通设备有限公司,美的集团股份有限公司",201720209188X,CN206572818U,F25B47/02(2006.01); F25B41/00(2006.01),实用新型,未缴年费专利权终止,2017-10-20,,False,电子电气
000333.SZ,美的集团,燃烧器及燃气用具,"广东美的厨房电器制造有限公司,美的集团股份有限公司",2015101101771,CN104713084B,F23D14/02(2006.01); F23D14/46(2006.01),授权发明,未缴年费专利权终止,2017-10-27,,False,电子电气
000333.SZ,美的集团,底杯盖及燃烧器及燃气用具,"广东美的厨房电器制造有限公司,美的集团股份有限公司",2015101101860,CN104713087B,F23D14/46(2006.01); F23D14/02(2006.01),授权发明,未缴年费专利权终止,2017-10-27,,False,电子电气
000333.SZ,美的集团,冰箱,美的集团股份有限公司,2016214346527,CN206593360U,F25D11/02(2006.01)I;F25D17/04(2006.01)I,实用新型,专利权转移,2017-10-27,,False,电子电气
000333.SZ,美的集团,家用电器的控制装置、服务器、终端及食物料理机,"广东美的生活电器制造有限公司,美的集团股份有限公司",2016214751867,CN206596027U,H04L29/08(2006.01); H04L12/28(2006.01); A47J43/07(2006.01),实用新型,未缴年费专利权终止,2017-10-27,,False,电子电气
000333.SZ,美的集团,分配器、换热器组件和空调器,"广东美的暖通设备有限公司,美的集团股份有限公司",2017202433942,CN206593344U,F25B41/00(2006.01); F25B39/00(2006.01); F24F13/30(2006.01),实用新型,未缴年费专利权终止,2017-10-27,,False,电子电气
000333.SZ,美的集团,一种用于食物料理机的过热保护装置和食物料理机,"广东美的生活电器制造有限公司,美的集团股份有限公司",2016214756644,CN206621294U,A47J43/07(2006.01); A47J43/044(2006.01); A47J27/00(2006.01); A47J36/00(2006.01),实用新型,未缴年费专利权终止,2017-11-10,,False,电子电气
000333.SZ,美的集团,食物料理机的控制装置及食物料理机,"广东美的生活电器制造有限公司,美的集团股份有限公司",2016214757929,CN206621295U,A47J43/07(2006.01); A47J43/044(2006.01),实用新型,未缴年费专利权终止,2017-11-10,,False,电子电气
000333.SZ,美的集团,空气净化器及其空气过滤网使用寿命的监测装置,"广东美的制冷设备有限公司,美的集团股份有限公司",2017200601515,CN206626752U,F24F11/00(2006.01); F24F13/28(2006.01),实用新型,未缴年费专利权终止,2017-11-10,,False,电子电气
000333.SZ,美的集团,空调室外机和空调器,"广东美的暖通设备有限公司,美的集团股份有限公司",2017202302984,CN206626703U,F24F1/06(2011.01),实用新型,未缴年费专利权终止,2017-11-10,,False,电子电气
000333.SZ,美的集团,用于空调室内机的导风板组件、空调室内机及空调器,"广东美的制冷设备有限公司,美的集团股份有限公司",2017202678723,CN206626675U,F24F1/00(2011.01); F24F13/14(2006.01),实用新型,未缴年费专利权终止,2017-11-10,,False,电子电气
000333.SZ,美的集团,换热器组件、空调室内机和空调器,"广东美的制冷设备有限公司,美的集团股份有限公司",2017202684279,CN206626677U,F24F1/00(2011.01); F24F13/30(2006.01); F24F13/15(2006.01),实用新型,未缴年费专利权终止,2017-11-10,,False,电子电气
000333.SZ,美的集团,空调室内机和具有其的空调器,"广东美的制冷设备有限公司,美的集团股份有限公司",2017202689126,CN206626678U,F24F1/00(2011.01); F24F13/20(2006.01); F24F13/30(2006.01); F24F6/12(2006.01),实用新型,未缴年费专利权终止,2017-11-10,,False,电子电气
000333.SZ,美的集团,空调器室内机面板,美的集团股份有限公司,2012100626548,CN102620402B,F24F13/20(2006.01),授权发明,未缴年费专利权终止,2017-11-14,,False,电子电气
000333.SZ,美的集团,安装组件、空调器室内挂机组件和空调器,"广东美的制冷设备有限公司,美的集团股份有限公司",201720165613X,CN206669878U,F24F1/00(2011.01); F24F13/00(2006.01); F24F11/02(2006.01); F24F11/00(2006.01),实用新型,未缴年费专利权终止,2017-11-24,,False,电子电气
000333.SZ,美的集团,净水设备,"佛山市顺德区美的饮水机制造有限公司,美的集团股份有限公司",2017202433618,CN206666248U,C02F9/02(2006.01),实用新型,未缴年费专利权终止,2017-11-24,,False,电子电气
000333.SZ,美的集团,滤芯组件和净水系统,"佛山市顺德区美的饮水机制造有限公司,美的集团股份有限公司",2017202434856,CN206660698U,B01D29/11(2006.01); B01D29/90(2006.01); B01D35/12(2006.01); C02F9/02(2006.01),实用新型,质押合同登记生效,2017-11-24,,False,电子电气
000333.SZ,美的集团,滤芯夹和净水设备,"佛山市顺德区美的饮水机制造有限公司,美的集团股份有限公司",2017202497111,CN206668697U,F16B13/08(2006.01); C02F1/44(2006.01),实用新型,未缴年费专利权终止,2017-11-24,,False,电子电气
000333.SZ,美的集团,冰箱,美的集团股份有限公司,201410286119X,CN104251585B,F25D11/02(2006.01)I;F25D23/02(2006.01)I;F25D29/00(2006.01)I,授权发明,专利权转移,2017-11-28,,False,电子电气
000333.SZ,美的集团,一种具有自清洁功能的发热器及挂烫机,"广东美的环境电器制造有限公司,美的集团股份有限公司",2017200160512,CN206692926U,D06F73/00(2006.01),实用新型,未缴年费专利权终止,2017-12-01,,False,电子电气
000333.SZ,美的集团,一种食物料理机的加热控制装置及食物料理机,"广东美的生活电器制造有限公司,美的集团股份有限公司",2016214905422,CN206700070U,A47J43/07(2006.01)I;A47J36/24(2006.01)I;A47J27/56(2006.01)I;A47J43/044(2006.01)I;A47J27/04(2006.01)I;A47J27/00(2006.01)I,实用新型,未缴年费专利权终止,2017-12-05,,False,电子电气
000333.SZ,美的集团,一种食物料理机的搅打控制装置,"广东美的生活电器制造有限公司,美的集团股份有限公司",201621491647X,CN206714658U,A47J43/044(2006.01); A47J43/07(2006.01),实用新型,未缴年费专利权终止,2017-12-08,,False,电子电气
000333.SZ,美的集团,温度传感器和烹饪装置,"广东美的生活电器制造有限公司,美的集团股份有限公司",2017200866855,CN206729766U,A47J36/24(2006.01); G01K7/22(2006.01); G01K1/08(2006.01),实用新型,未缴年费专利权终止,2017-12-12,,False,电子电气
000333.SZ,美的集团,蒸汽微波炉,"广东美的厨房电器制造有限公司,美的集团股份有限公司",2017202312295,CN206755265U,F24C7/02(2006.01); F22B1/28(2006.01),实用新型,未缴年费专利权终止,2017-12-15,,False,电子电气
000333.SZ,美的集团,具有搅拌功能的料理机,"广东美的生活电器制造有限公司,美的集团股份有限公司",2017200925995,CN206761578U,A47J43/07(2006.01); A47J31/44(2006.01),实用新型,未缴年费专利权终止,2017-12-19,,False,电子电气
000333.SZ,美的集团,具有搅拌功能的料理机的杯体以及料理机,"广东美的生活电器制造有限公司,美的集团股份有限公司",2017200926485,CN206761484U,A47J31/00(2006.01); A47J31/44(2006.01); A47J43/046(2006.01); A47J43/07(2006.01); A47J19/00(2006.01),实用新型,未缴年费专利权终止,2017-12-19,,False,电子电气
000333.SZ,美的集团,一种空调器及空调器的控制器,"广东美的制冷设备有限公司,美的集团股份有限公司",2017201905293,CN206771568U,F24F1/06(2011.01); F24F11/00(2006.01),实用新型,未缴年费专利权终止,2017-12-19,,False,电子电气
000333.SZ,美的集团,食物料理机,"广东美的生活电器制造有限公司,美的集团股份有限公司",2017200708457,CN206809194U,A47J43/046(2006.01); A47J43/07(2006.01); A47J43/08(2006.01); A47J31/00(2006.01); A47J31/44(2006.01); A47J19/00(2006.01),实用新型,未缴年费专利权终止,2017-12-29,,False,电子电气
000333.SZ,美的集团,食物料理机,"广东美的生活电器制造有限公司,美的集团股份有限公司",2017200708902,CN206809195U,A47J43/046(2006.01); A47J43/07(2006.01); A47J27/00(2006.01); A47J36/24(2006.01),实用新型,未缴年费专利权终止,2017-12-29,,False,电子电气
000333.SZ,美的集团,杯盖组件和食物料理机,"广东美的生活电器制造有限公司,美的集团股份有限公司",2017201196634,CN206809203U,A47J43/07(2006.01); A47J43/046(2006.01),实用新型,未缴年费专利权终止,2017-12-29,,False,电子电气
000333.SZ,美的集团,燃烧器及燃气用具,"广东美的厨房电器制造有限公司,美的集团股份有限公司",2015101101377,CN104713089B,F23D14/58(2006.01); F23D14/62(2006.01); F23D14/46(2006.01),授权发明,未缴年费专利权终止,2018-01-02,,False,电子电气
000333.SZ,美的集团,研磨罩组件和烹饪器具,"广东美的生活电器制造有限公司,美的集团股份有限公司",2017200857964,CN206896258U,A47J31/44(2006.01); A47J43/07(2006.01),实用新型,未缴年费专利权终止,2018-01-19,,False,电子电气
000333.SZ,美的集团,洗衣机,美的集团股份有限公司,2015103975671,CN105386270B,D06F25/00(2006.01)I;D06F33/02(2006.01)I,授权发明,专利权转移,2018-01-26,,False,电子电气
000333.SZ,美的集团,电动吸尘器,美的集团股份有限公司,201720032369X,CN206950124U,A47L5/36(2006.01)I;A47L9/00(2006.01)I;A47L9/12(2006.01)I;A47L9/26(2006.01)I,实用新型,专利权转移,2018-02-02,,False,电子电气
000333.SZ,美的集团,电动清扫装置,美的集团股份有限公司,2017200324103,CN206995184U,A47L9/00(2006.01)I;A47L9/02(2006.01)I;A47L9/28(2006.01)I;A47L9/10(2006.01)I,实用新型,专利权转移,2018-02-13,,False,电子电气
000333.SZ,美的集团,电饭煲,美的集团股份有限公司,2017304329879,CN304522734S,07-02 (11),外观设计,专利权转移,2018-03-02,,False,电子电气
000333.SZ,美的集团,温度传感器组件和料理机,"广东美的生活电器制造有限公司,美的集团股份有限公司",2017200858740,CN207114053U,G01K7/22(2006.01); G01K1/14(2006.01); G01K1/08(2006.01),实用新型,未缴年费专利权终止,2018-03-16,,False,电子电气
000333.SZ,美的集团,温度传感器组件和料理机,"广东美的生活电器制造有限公司,美的集团股份有限公司",2017200859368,CN207114056U,G01K13/00(2006.01); G01K1/14(2006.01); A47J43/07(2006.01),实用新型,未缴年费专利权终止,2018-03-16,,False,电子电气
000333.SZ,美的集团,冰箱,美的集团股份有限公司,2017305520609,CN304549450S,15-07 (11),外观设计,专利权转移,2018-03-23,,False,电子电气
000333.SZ,美的集团,冰箱,美的集团股份有限公司,2015100678175,CN105300010B,F25D23/00(2006.01)I,授权发明,专利权转移,2018-04-03,,False,电子电气
000333.SZ,美的集团,散热器及洗衣机,美的集团股份有限公司,2017205441866,CN207201168U,H05K7/20(2006.01)I,实用新型,专利权转移,2018-04-06,,False,电子电气
000333.SZ,美的集团,空气调节器（LPSeriesAC）,"广东美的制冷设备有限公司,美的集团股份有限公司",201830083741X,CN304573198S,23-04 (11),外观设计,未缴年费专利权终止,2018-04-06,,False,电子电气
000333.SZ,美的集团,冰箱,美的集团股份有限公司,2014800360823,CN105378405B,F25D23/00(2006.01)I;F25D29/00(2006.01)I,授权发明,专利权转移,2018-04-24,,False,电子电气
000333.SZ,美的集团,冰箱用箱内冷气风道,美的集团股份有限公司,2017305520721,CN304606853S,15-07 (11),外观设计,专利权转移,2018-05-01,,False,电子电气
000333.SZ,美的集团,冰箱用箱内容器,美的集团股份有限公司,2017305586165,CN304606855S,15-07 (11),外观设计,专利权转移,2018-05-01,,False,电子电气
000333.SZ,美的集团,冰箱箱内容器用透湿盒,美的集团股份有限公司,201730558617X,CN304606856S,15-07 (11),外观设计,专利权转移,2018-05-01,,False,电子电气
000333.SZ,美的集团,冰箱用箱内容器,美的集团股份有限公司,2017305586184,CN304606857S,15-07 (11),外观设计,专利权转移,2018-05-01,,False,电子电气
000333.SZ,美的集团,食物料理机,"广东美的生活电器制造有限公司,美的集团股份有限公司",2017202126516,CN207323368U,A47J43/07(2006.01),实用新型,未缴年费专利权终止,2018-05-08,,False,电子电气
000333.SZ,美的集团,功率监控系统和监控装置,"广东美的制冷设备有限公司,美的集团股份有限公司",2017202684419,CN207337262U,G05F1/66(2006.01),实用新型,未缴年费专利权终止,2018-05-08,,False,电子电气
000333.SZ,美的集团,净饮机（G20）,"佛山市顺德区美的饮水机制造有限公司,美的集团股份有限公司",2018300457938,CN304620513S,23-01 (11),外观设计,未缴年费专利权终止,2018-05-08,,False,电子电气
000333.SZ,美的集团,净饮机（G20）,"佛山市顺德区美的饮水机制造有限公司,美的集团股份有限公司",2018300457957,CN304620514S,23-01 (11),外观设计,未缴年费专利权终止,2018-05-08,,False,电子电气
000333.SZ,美的集团,净饮机（G20）,"佛山市顺德区美的饮水机制造有限公司,美的集团股份有限公司",2018300458358,CN304620515S,23-01 (11),外观设计,未缴年费专利权终止,2018-05-08,,False,电子电气
000333.SZ,美的集团,净饮机（G20）,"佛山市顺德区美的饮水机制造有限公司,美的集团股份有限公司",2018300458786,CN304620516S,23-01 (11),外观设计,未缴年费专利权终止,2018-05-08,,False,电子电气
000333.SZ,美的集团,窗式空调器,"广东美的制冷设备有限公司,美的集团股份有限公司",2018300726671,CN304631371S,23-04 (11),外观设计,未缴年费专利权终止,2018-05-15,,False,电子电气
000333.SZ,美的集团,净水机（禅意系列）,"佛山市顺德区美的饮水机制造有限公司,美的集团股份有限公司",201830015409X,CN304647367S,23-01 (11),外观设计,未缴年费专利权终止,2018-05-25,,False,电子电气
000333.SZ,美的集团,净饮机,"佛山市顺德区美的饮水机制造有限公司,美的集团股份有限公司",2018300839260,CN304652243S,23-01 (11),外观设计,未缴年费专利权终止,2018-05-29,,False,电子电气
000333.SZ,美的集团,净饮机（模块组合）,"佛山市顺德区美的饮水机制造有限公司,美的集团股份有限公司",2017306808844,CN304658557S,23-01 (11),外观设计,未缴年费专利权终止,2018-06-01,,False,电子电气
000333.SZ,美的集团,净饮机（G20）,"佛山市顺德区美的饮水机制造有限公司,美的集团股份有限公司",2018300458269,CN304658578S,23-01 (11),外观设计,未缴年费专利权终止,2018-06-01,,False,电子电气
000333.SZ,美的集团,净饮机（G20）,"佛山市顺德区美的饮水机制造有限公司,美的集团股份有限公司",2018300458574,CN304658579S,23-01 (11),外观设计,未缴年费专利权终止,2018-06-01,,False,电子电气
000333.SZ,美的集团,电动工具,"江苏美的清洁电器股份有限公司,美的集团股份有限公司",2018300763153,CN304655320S,08-01 (11),外观设计,未缴年费专利权终止,2018-06-01,,False,电子电气
000333.SZ,美的集团,吸尘器,"江苏美的清洁电器股份有限公司,美的集团股份有限公司",2018300772237,CN304657852S,15-05 (11),外观设计,未缴年费专利权终止,2018-06-01,,False,电子电气
000333.SZ,美的集团,吸尘器,"江苏美的清洁电器股份有限公司,美的集团股份有限公司",2018300772256,CN304657853S,15-05 (11),外观设计,未缴年费专利权终止,2018-06-01,,False,电子电气
000333.SZ,美的集团,吸尘器,"江苏美的清洁电器股份有限公司,美的集团股份有限公司",2018300772260,CN304657854S,15-05 (11),外观设计,未缴年费专利权终止,2018-06-01,,False,电子电气
000333.SZ,美的集团,吸尘器,"江苏美的清洁电器股份有限公司,美的集团股份有限公司",2018300772275,CN304657855S,15-05 (11),外观设计,未缴年费专利权终止,2018-06-01,,False,电子电气
000333.SZ,美的集团,电动工具手柄,"江苏美的清洁电器股份有限公司,美的集团股份有限公司",201830077267X,CN304655530S,08-99 (11),外观设计,未缴年费专利权终止,2018-06-01,,False,电子电气
000333.SZ,美的集团,排气阀组件,"佛山市顺德区美的电热电器制造有限公司,美的集团股份有限公司",2015100164260,CN105832169B,A47J36/38(2006.01); A47J27/00(2006.01),授权发明,未缴年费专利权终止,2018-06-08,,False,电子电气
000333.SZ,美的集团,冰箱,美的集团股份有限公司,2018300722990,CN304672435S,15-07 (11),外观设计,专利权转移,2018-06-08,,False,电子电气
000333.SZ,美的集团,净饮机（G20）,"佛山市顺德区美的饮水机制造有限公司,美的集团股份有限公司",201830045856X,CN304679223S,23-01 (11),外观设计,未缴年费专利权终止,2018-06-12,,False,电子电气
000333.SZ,美的集团,旋转清扫器、吸入口器具以及电动吸尘器,美的集团股份有限公司,2015105303842,CN105380569B,A47L9/04(2006.01)I;A47L9/00(2006.01)I,授权发明,专利权转移,2018-06-29,,False,电子电气
000333.SZ,美的集团,嵌入式烤箱,"广东美的厨房电器制造有限公司,美的集团股份有限公司",2018300823559,CN304703061S,07-02 (11),外观设计,未缴年费专利权终止,2018-06-29,,False,电子电气
000333.SZ,美的集团,食品料理机,"广东美的生活电器制造有限公司,美的集团股份有限公司",2014108575223,CN105266591B,A47J31/00(2006.01); A47J31/44(2006.01); A47J43/044(2006.01); A47J43/07(2006.01),授权发明,未缴年费专利权终止,2018-07-13,,False,电子电气
000333.SZ,美的集团,无电刷马达及其制造方法,美的集团股份有限公司,2015800064735,CN105981273B,H02K21/18(2006.01)I;H02K3/52(2006.01)I;H02K29/08(2006.01)I,授权发明,专利权转移,2018-07-13,,False,电子电气
000333.SZ,美的集团,一种温度检测装置及烹饪器具,美的集团股份有限公司,2017218661807,CN207610795U,G01K7/16(2006.01),实用新型,未缴年费专利权终止,2018-07-13,,False,电子电气
000333.SZ,美的集团,洗衣机的电机驱动装置,美的集团股份有限公司,2016102290385,CN106065522B,D06F37/30(2006.01)I,授权发明,专利权转移,2018-08-24,,False,电子电气
000333.SZ,美的集团,空气净化器,"广东美的环境电器制造有限公司,美的集团股份有限公司",2016214647365,CN207755932U,B01D53/00(2006.01),实用新型,未缴年费专利权终止,2018-08-24,,False,电子电气
000333.SZ,美的集团,静电催化装置和空气净化器,"广东美的环境电器制造有限公司,美的集团股份有限公司",2018203390703,CN207756283U,B03C3/017(2006.01),实用新型,未缴年费专利权终止,2018-08-24,,False,电子电气
000333.SZ,美的集团,增压泵用底脚和具有其的净饮设备,"佛山市顺德区美的饮水机制造有限公司,美的集团股份有限公司",2018200490216,CN207777151U,F04B53/00(2006.01); F16M7/00(2006.01),实用新型,未缴年费专利权终止,2018-08-28,,False,电子电气
000333.SZ,美的集团,减振安装脚和具有其的净饮设备,"佛山市顺德区美的饮水机制造有限公司,美的集团股份有限公司",2018200491577,CN207777896U,F16M7/00(2006.01); F16F15/02(2006.01),实用新型,未缴年费专利权终止,2018-08-28,,False,电子电气
000333.SZ,美的集团,吸尘器手柄组件,"江苏美的清洁电器股份有限公司,美的集团股份有限公司",201830077228X,CN304788787S,15-05 (11),外观设计,未缴年费专利权终止,2018-08-28,,False,电子电气
000333.SZ,美的集团,厨下净水机（E400-B）,"佛山市顺德区美的饮水机制造有限公司,美的集团股份有限公司",2018300125650,CN304807208S,23-01 (11),外观设计,未缴年费专利权终止,2018-09-07,,False,电子电气
000333.SZ,美的集团,净饮机（G20）,"佛山市顺德区美的饮水机制造有限公司,美的集团股份有限公司",2018300457548,CN304808183S,31-00 (11),外观设计,未缴年费专利权终止,2018-09-07,,False,电子电气
000333.SZ,美的集团,带图形用户界面的饮水机,"佛山市顺德区美的饮水机制造有限公司,美的集团股份有限公司",2018300849493,CN304808189S,31-00 (11);14-04 (11),外观设计,未缴年费专利权终止,2018-09-07,,False,电子电气
000333.SZ,美的集团,食品料理机,"广东美的生活电器制造有限公司,美的集团股份有限公司",2014108569576,CN105286634B,A47J31/00(2006.01); A47J31/44(2006.01); A47J43/044(2006.01); A47J43/07(2006.01); A47J43/08(2006.01),授权发明,未缴年费专利权终止,2018-09-11,,False,电子电气
000333.SZ,美的集团,落地式空调器及其送风方法及系统,"广东美的制冷设备有限公司,美的集团股份有限公司",2016100741309,CN105605759B,F24F13/14(2006.01); F24F1/00(2011.01),授权发明,未缴年费专利权终止,2018-09-11,,False,电子电气
000333.SZ,美的集团,电控装置,"广东美的制冷设备有限公司,美的集团股份有限公司",201830054104X,CN304821330S,13-03 (11),外观设计,未缴年费专利权终止,2018-09-18,,False,电子电气
000333.SZ,美的集团,增压泵用底脚和具有其的净饮设备,"佛山市顺德区美的饮水机制造有限公司,美的集团股份有限公司",2018200477777,CN207935648U,F16M7/00(2006.01); F04B53/00(2006.01),实用新型,未缴年费专利权终止,2018-10-02,,False,电子电气
000333.SZ,美的集团,压缩机型号的自动检测方法和系统,"广东美的制冷设备有限公司,美的集团股份有限公司",2016100743906,CN105717452B,G01R31/34(2006.01),授权发明,未缴年费专利权终止,2018-10-09,,False,电子电气
000333.SZ,美的集团,洗衣机以及洗衣机的制造方法,美的集团股份有限公司,2014800355469,CN105339543B,D06F39/12(2006.01)I;D06F23/02(2006.01)I;D06F23/04(2006.01)I;D06F23/06(2006.01)I;D06F37/02(2006.01)I,授权发明,专利权转移,2018-10-16,,False,电子电气
000333.SZ,美的集团,食品料理机,"广东美的生活电器制造有限公司,美的集团股份有限公司",2014108570395,CN105286635B,A47J31/00(2006.01); A47J31/44(2006.01); A47J43/044(2006.01); A47J43/07(2006.01),授权发明,未缴年费专利权终止,2018-10-19,,False,电子电气
000333.SZ,美的集团,减振安装脚和具有其的净饮设备,"佛山市顺德区美的饮水机制造有限公司,美的集团股份有限公司",2018200486704,CN208074428U,F16M7/00(2006.01); F16F15/02(2006.01),实用新型,未缴年费专利权终止,2018-11-09,,False,电子电气
000333.SZ,美的集团,电器扫除机,美的集团股份有限公司,2014800708668,CN105848548B,A47L9/28(2006.01)I,授权发明,专利权转移,2018-11-13,,False,电子电气
000333.SZ,美的集团,洗衣机,美的集团股份有限公司,2014102811010,CN104233695B,D06F23/02(2006.01)I;D06F37/04(2006.01)I;D06F33/02(2006.01)I,授权发明,专利权转移,2018-11-16,,False,电子电气
000333.SZ,美的集团,冰箱,美的集团股份有限公司,2018202093767,CN208108592U,F25D11/02(2006.01)I;F25D25/02(2006.01)I,实用新型,专利权转移,2018-11-16,,False,电子电气
000333.SZ,美的集团,燃烧器及烹饪器具,"广东美的厨房电器制造有限公司,美的集团股份有限公司",2018203324735,CN208108095U,F23D14/06(2006.01); F23D14/84(2006.01); F23D14/64(2006.01); F23D14/46(2006.01),实用新型,未缴年费专利权终止,2018-11-16,,False,电子电气
000333.SZ,美的集团,摄像机系统及冰箱,美的集团股份有限公司,2014800457937,CN105474617B,H04N5/225(2006.01)I;G03B17/24(2006.01)I,授权发明,专利权转移,2018-11-20,,False,电子电气
000333.SZ,美的集团,洗衣机,美的集团股份有限公司,201610306343X,CN106192282B,D06F21/08(2006.01)I;D06F39/02(2006.01)I;D06F39/00(2006.01)I;D06F33/02(2006.01)I,授权发明,专利权转移,2018-11-23,,False,电子电气
000333.SZ,美的集团,净水机和用于净水机的主机,"佛山市顺德区美的饮水机制造有限公司,美的集团股份有限公司",2018204591926,CN208166607U,C02F1/00(2006.01),实用新型,专利权全部无效,2018-11-30,,False,电子电气
000333.SZ,美的集团,微波饭煲,"广东美的厨房电器制造有限公司,美的集团股份有限公司",2018300926358,CN304924401S,07-02 (11),外观设计,未缴年费专利权终止,2018-12-04,,False,电子电气
000333.SZ,美的集团,衣物干燥机,美的集团股份有限公司,2015109820231,CN105821632B,D06F58/10(2006.01)I;D06F58/24(2006.01)I;D06F58/20(2006.01)I,授权发明,专利权转移,2018-12-11,,False,电子电气
000333.SZ,美的集团,食品料理机的机头,"广东美的生活电器制造有限公司,美的集团股份有限公司",2014108567960,CN105193260B,A47J31/00(2006.01); A47J31/44(2006.01); A47J43/044(2006.01); A47J43/07(2006.01),授权发明,未缴年费专利权终止,2018-12-18,,False,电子电气
000333.SZ,美的集团,冰箱,美的集团股份有限公司,2018201600196,CN208296443U,F25D25/02(2006.01)I;F25D23/02(2006.01)I,实用新型,专利权转移,2018-12-28,,False,电子电气
000333.SZ,美的集团,熨斗用搁置台,美的集团股份有限公司,2018303881594,CN304966215S,07-05 (11),外观设计,专利权转移,2018-12-28,,False,电子电气
000333.SZ,美的集团,移动体装置,美的集团股份有限公司,2014800672609,CN105874394B,G05D1/02(2006.01)I;A47L9/28(2006.01)I,授权发明,专利权转移,2019-01-01,,False,电子电气
000333.SZ,美的集团,电动吸尘器,美的集团股份有限公司,2014800585117,CN105682526B,A47L9/10(2006.01)I;A47L9/16(2006.01)I,授权发明,专利权转移,2019-01-11,,False,电子电气
000333.SZ,美的集团,洗衣烘干机,美的集团股份有限公司,2016106179279,CN106400378B,D06F25/00(2006.01)I;D06F33/02(2006.01)I;D06F35/00(2006.01)I;D06F39/08(2006.01)I;D06F58/22(2006.01)I;D06F58/28(2006.01)I,授权发明,专利权转移,2019-01-22,,False,电子电气
000333.SZ,美的集团,加热烹调器,"广东美的厨房电器制造有限公司,美的集团股份有限公司",2018203187865,CN208425979U,A47J37/06(2006.01),实用新型,未缴年费专利权终止,2019-01-25,,False,电子电气
000333.SZ,美的集团,吸尘器,"江苏美的清洁电器股份有限公司,美的集团股份有限公司",2018202649369,CN208435467U,A47L9/00(2006.01); A47L9/22(2006.01),实用新型,未缴年费专利权终止,2019-01-29,,False,电子电气
000333.SZ,美的集团,冰箱,美的集团股份有限公司,2018207447202,CN208443090U,F25D23/02(2006.01)I,实用新型,专利权转移,2019-01-29,,False,电子电气
000333.SZ,美的集团,空调室内机,"广东美的制冷设备有限公司,美的集团股份有限公司",2015103194997,CN104913388B,F24F1/0007(2019.01); F24F13/20(2006.01); F24F11/52(2018.01); F24F11/89(2018.01),授权发明,专利权全部无效,2019-02-01,,False,电子电气
000333.SZ,美的集团,苏打水罐和苏打水机,"佛山市顺德区美的饮水机制造有限公司,美的集团股份有限公司",2018203564847,CN208463705U,A47J31/44(2006.01); A47J31/00(2006.01),实用新型,未缴年费专利权终止,2019-02-05,,False,电子电气
000333.SZ,美的集团,洗衣机用操作面板,美的集团股份有限公司,201830593701X,CN305032195S,15-05 (11),外观设计,专利权转移,2019-02-12,,False,电子电气
000333.SZ,美的集团,洗衣机用操作面板,美的集团股份有限公司,2018305937024,CN305032196S,15-05 (11),外观设计,专利权转移,2019-02-12,,False,电子电气
000333.SZ,美的集团,洗衣机用操作面板,美的集团股份有限公司,2018305944136,CN305041845S,15-05 (11),外观设计,专利权转移,2019-02-19,,False,电子电气
000333.SZ,美的集团,家用电器,"佛山市顺德区美的饮水机制造有限公司,美的集团股份有限公司",2017202244207,CN208561722U,C02F1/00(2006.01); F24H9/02(2006.01); F24H9/20(2006.01),实用新型,未缴年费专利权终止,2019-03-01,,False,电子电气
000333.SZ,美的集团,食物处理机,美的集团股份有限公司,2017218632556,CN208551495U,A47J43/07(2006.01); A47J19/00(2006.01),实用新型,未缴年费专利权终止,2019-03-01,,False,电子电气
000333.SZ,美的集团,杯组件及食物料理机,美的集团股份有限公司,2017218650535,CN208551496U,A47J43/07(2006.01); A47J43/046(2006.01),实用新型,未缴年费专利权终止,2019-03-01,,False,电子电气
000333.SZ,美的集团,胶脚组件及食物处理机,美的集团股份有限公司,2017218650554,CN208551497U,A47J43/07(2006.01),实用新型,未缴年费专利权终止,2019-03-01,,False,电子电气
000333.SZ,美的集团,食物料理机,美的集团股份有限公司,2017218650677,CN208551498U,A47J43/07(2006.01); A47J43/046(2006.01),实用新型,未缴年费专利权终止,2019-03-01,,False,电子电气
000333.SZ,美的集团,食物料理机,美的集团股份有限公司,2017218650681,CN208551499U,A47J43/07(2006.01); A47J43/046(2006.01),实用新型,未缴年费专利权终止,2019-03-01,,False,电子电气
000333.SZ,美的集团,食物料理机,美的集团股份有限公司,2017218661737,CN208551539U,A47J44/02(2006.01); A47J43/046(2006.01); A47J43/07(2006.01); A47J27/00(2006.01); A47J27/04(2006.01); A47J36/24(2006.01),实用新型,未缴年费专利权终止,2019-03-01,,False,电子电气
000333.SZ,美的集团,搅拌组件及食物料理机,美的集团股份有限公司,2017218661794,CN208551500U,A47J43/07(2006.01); A47J43/046(2006.01); A47J43/08(2006.01),实用新型,未缴年费专利权终止,2019-03-01,,False,电子电气
000333.SZ,美的集团,杯体和食物料理机,美的集团股份有限公司,2017218661826,CN208551471U,A47J43/046(2006.01); A47J43/07(2006.01),实用新型,未缴年费专利权终止,2019-03-01,,False,电子电气
000333.SZ,美的集团,饮水装置,"佛山市顺德区美的饮水机制造有限公司,美的集团股份有限公司",201820309583X,CN208551278U,A47J31/00(2006.01); A47J31/44(2006.01); A47J31/56(2006.01),实用新型,未缴年费专利权终止,2019-03-01,,False,电子电气
000333.SZ,美的集团,洗衣机,美的集团股份有限公司,2016105560598,CN106480663B,D06F39/00(2006.01)I,授权发明,专利权转移,2019-03-05,,False,电子电气
000333.SZ,美的集团,充电式吸尘器,"江苏美的清洁电器股份有限公司,美的集团股份有限公司",201820243550X,CN208573601U,A47L9/28(2006.01); A47L9/12(2006.01); A47L9/16(2006.01),实用新型,未缴年费专利权终止,2019-03-05,,False,电子电气
000333.SZ,美的集团,用于吸尘器的尘杯和吸尘器,"江苏美的清洁电器股份有限公司,美的集团股份有限公司",2018202637431,CN208573586U,A47L9/10(2006.01),实用新型,未缴年费专利权终止,2019-03-05,,False,电子电气
000333.SZ,美的集团,吸尘器,"江苏美的清洁电器股份有限公司,美的集团股份有限公司",2018202720142,CN208573580U,A47L9/00(2006.01); A47L9/10(2006.01); A47L9/32(2006.01),实用新型,未缴年费专利权终止,2019-03-05,,False,电子电气
000333.SZ,美的集团,吸尘器,"江苏美的清洁电器股份有限公司,美的集团股份有限公司",201820277360X,CN208573558U,A47L5/12(2006.01); A47L9/04(2006.01); A47L9/32(2006.01),实用新型,未缴年费专利权终止,2019-03-05,,False,电子电气
000333.SZ,美的集团,家电设备的信息通报系统,美的集团股份有限公司,201410421908X,CN104426999B,H04L29/08(2006.01)I;H04L12/28(2006.01)I,授权发明,专利权转移,2019-03-12,,False,电子电气
000333.SZ,美的集团,一种空调器运行状态的调节方法、系统及空调器,"广东美的制冷设备有限公司,美的集团股份有限公司",2017100133187,CN106801977B,F24F11/41(2018.01); F24F11/30(2018.01); F24F11/89(2018.01); F25B13/00(2006.01); F25B41/04(2006.01); F25B41/06(2006.01); F24F110/10(2018.01),授权发明,未缴年费专利权终止,2019-03-15,,False,电子电气
000333.SZ,美的集团,一种空调器实时送风量的检测方法及装置、空调器,"广东美的制冷设备有限公司,美的集团股份有限公司",2017101561628,CN106839339B,F24F11/89(2018.01),授权发明,未缴年费专利权终止,2019-03-26,,False,电子电气
000333.SZ,美的集团,洗衣机,美的集团股份有限公司,2016105524799,CN106637809B,D06F33/02(2006.01)I;D06F39/08(2006.01)I,授权发明,专利权转移,2019-03-29,,False,电子电气
000333.SZ,美的集团,过滤组件、控制方法、控制装置及空调器,"广东美的制冷设备有限公司,美的集团股份有限公司",2017100152277,CN106642846B,F25B43/00(2006.01),授权发明,未缴年费专利权终止,2019-03-29,,False,电子电气
000333.SZ,美的集团,冰箱,美的集团股份有限公司,2018210994854,CN208671462U,F25D11/02(2006.01)I;F25D25/02(2006.01)I;F25D23/08(2006.01)I,实用新型,专利权转移,2019-03-29,,False,电子电气
000333.SZ,美的集团,滚筒式洗衣机,美的集团股份有限公司,2016105344372,CN106367912B,D06F23/02(2006.01)I;D06F37/04(2006.01)I;D06F39/04(2006.01)I,授权发明,专利权转移,2019-04-05,,False,电子电气
000333.SZ,美的集团,杯组件和食物料理机,美的集团股份有限公司,2017218661845,CN208693059U,A47J43/04(2006.01); A47J43/07(2006.01),实用新型,未缴年费专利权终止,2019-04-05,,False,电子电气
000333.SZ,美的集团,冰箱,美的集团股份有限公司,2015800091395,CN106030226B,F25D23/00(2006.01)I;F25D11/02(2006.01)I,授权发明,专利权转移,2019-04-09,,False,电子电气
000333.SZ,美的集团,冰箱,美的集团股份有限公司,2018210375040,CN208735995U,F25D11/00(2006.01)I;F25D23/02(2006.01)I;F25D25/00(2006.01)I,实用新型,专利权转移,2019-04-12,,False,电子电气
000333.SZ,美的集团,摄像系统以及摄像装置,美的集团股份有限公司,2014800457956,CN105474618B,H04N5/225(2006.01)I;F25D23/00(2006.01)I,授权发明,专利权转移,2019-04-19,,False,电子电气
000333.SZ,美的集团,空调挂墙件、空调挂墙板和空调器,"广东美的制冷设备有限公司,美的集团股份有限公司",2016100705711,CN105546655B,F24F1/0057(2019.01); F24F13/32(2006.01); F24F13/20(2006.01),授权发明,未缴年费专利权终止,2019-04-19,,False,电子电气
000333.SZ,美的集团,一种移动空调出风结构及具有其的移动空调,"广东美的制冷设备有限公司,美的集团股份有限公司",2016101481474,CN105783226B,F24F13/14(2006.01); F24F1/022(2019.01),授权发明,未缴年费专利权终止,2019-04-19,,False,电子电气
000333.SZ,美的集团,洗衣机,美的集团股份有限公司,2016105524869,CN106609437B,D06F33/02(2006.01)I;D06F37/04(2006.01)I;D06F37/28(2006.01)I;D06F39/08(2006.01)I,授权发明,专利权转移,2019-04-19,,False,电子电气
000333.SZ,美的集团,洗衣机,美的集团股份有限公司,2016107039571,CN106480668B,D06F39/08(2006.01)I;D06F39/12(2006.01)I,授权发明,专利权转移,2019-04-19,,False,电子电气
000333.SZ,美的集团,熨斗,美的集团股份有限公司,2018303889045,CN305123390S,07-05 (11),外观设计,专利权转移,2019-04-23,,False,电子电气
000333.SZ,美的集团,电动装置,"江苏美的清洁电器股份有限公司,美的集团股份有限公司",2018203077507,CN208784588U,A47L5/22(2006.01); A47L9/10(2006.01); A47L9/00(2006.01); A47L9/28(2006.01),实用新型,未缴年费专利权终止,2019-04-26,,False,电子电气
000333.SZ,美的集团,电动装置,"江苏美的清洁电器股份有限公司,美的集团股份有限公司",201820308808X,CN208784599U,A47L9/28(2006.01),实用新型,未缴年费专利权终止,2019-04-26,,False,电子电气
000333.SZ,美的集团,电动吸尘器,美的集团股份有限公司,2015800358315,CN106470584B,A47L9/28(2006.01)I,授权发明,专利权转移,2019-04-30,,False,电子电气
000333.SZ,美的集团,滚筒式洗衣机,美的集团股份有限公司,2018212000472,CN208869838U,D06F37/20(2006.01)I,实用新型,专利权转移,2019-05-17,,False,电子电气
000333.SZ,美的集团,柜式空调,"广东美的制冷设备有限公司,美的集团股份有限公司",2019300400915,CN305180383S,23-04 (12),外观设计,未缴年费专利权终止,2019-05-24,,False,电子电气
000333.SZ,美的集团,电机及洗衣机,美的集团股份有限公司,2014800596126,CN105684266B,H02K1/22(2006.01)I;D06F37/30(2006.01)I;H02K1/27(2006.01)I;H02K21/22(2006.01)I,授权发明,专利权转移,2019-06-14,,False,电子电气
000333.SZ,美的集团,行驶体装置,美的集团股份有限公司,2015800040980,CN105900033B,G05D1/02(2006.01)I;A47L9/28(2006.01)I,授权发明,专利权转移,2019-06-18,,False,电子电气
000333.SZ,美的集团,冰箱,美的集团股份有限公司,2017100283606,CN106895659B,F25D29/00(2006.01)I,授权发明,专利权转移,2019-06-18,,False,电子电气
000333.SZ,美的集团,一种空调器控制方法及空调器,"广东美的制冷设备有限公司,美的集团股份有限公司",2017101147628,CN106705386B,F24F11/65(2018.01); F24F11/42(2018.01),授权发明,未缴年费专利权终止,2019-06-21,,False,电子电气
000333.SZ,美的集团,自走式设备,美的集团股份有限公司,2015800040317,CN105900032B,G05D1/02(2006.01)I;B25J19/00(2006.01)I,授权发明,专利权转移,2019-06-28,,False,电子电气
000333.SZ,美的集团,吸入口体以及电动吸尘器,美的集团股份有限公司,2016105282662,CN106333629B,A47L9/04(2006.01)I,授权发明,专利权转移,2019-06-28,,False,电子电气
000333.SZ,美的集团,冰箱,美的集团股份有限公司,2014800360819,CN105339747B,F25D29/00(2006.01)I;F25D23/00(2006.01)I;F25D23/02(2006.01)I,授权发明,专利权转移,2019-07-05,,False,电子电气
000333.SZ,美的集团,电动吸尘器,美的集团股份有限公司,2015800209306,CN106231974B,A47L9/28(2006.01)I;A47L9/04(2006.01)I,授权发明,专利权转移,2019-07-05,,False,电子电气
000333.SZ,美的集团,软水机,"芜湖美的厨卫电器制造有限公司,美的集团股份有限公司",2019300979059,CN305281659S,23-01 (12),外观设计,未缴年费专利权终止,2019-07-30,,False,电子电气
000333.SZ,美的集团,前置过滤器,"芜湖美的厨卫电器制造有限公司,美的集团股份有限公司",2019300979063,CN305281660S,23-01 (12),外观设计,未缴年费专利权终止,2019-07-30,,False,电子电气
000333.SZ,美的集团,净水机,"芜湖美的厨卫电器制造有限公司,美的集团股份有限公司",2019300979805,CN305281661S,23-01 (12),外观设计,未缴年费专利权终止,2019-07-30,,False,电子电气
000333.SZ,美的集团,带图形用户界面的磁吸显屏旋钮,"佛山市顺德区美的饮水机制造有限公司,美的集团股份有限公司",2019301004342,CN305279206S,07-02 (12);14-04 (12),外观设计,未缴年费专利权终止,2019-07-30,,False,电子电气
000333.SZ,美的集团,带图形用户界面的磁吸显屏旋钮,"佛山市顺德区美的饮水机制造有限公司,美的集团股份有限公司",2019301004357,CN305279207S,07-02 (12);14-04 (12),外观设计,未缴年费专利权终止,2019-07-30,,False,电子电气
000333.SZ,美的集团,带图形用户界面的磁吸显屏旋钮,"佛山市顺德区美的饮水机制造有限公司,美的集团股份有限公司",2019301004395,CN305279208S,07-02 (12);14-04 (12),外观设计,未缴年费专利权终止,2019-07-30,,False,电子电气
000333.SZ,美的集团,带图形用户界面的磁吸显屏旋钮,"佛山市顺德区美的饮水机制造有限公司,美的集团股份有限公司",2019301004408,CN305279209S,07-02 (12);14-04 (12),外观设计,未缴年费专利权终止,2019-07-30,,False,电子电气
000333.SZ,美的集团,带图形用户界面的磁吸显屏旋钮,"佛山市顺德区美的饮水机制造有限公司,美的集团股份有限公司",2019301004431,CN305279210S,07-02 (12);14-04 (12),外观设计,未缴年费专利权终止,2019-07-30,,False,电子电气
000333.SZ,美的集团,带图形用户界面的磁吸显屏旋钮,"佛山市顺德区美的饮水机制造有限公司,美的集团股份有限公司",201930100447X,CN305279211S,07-02 (12);14-04 (12),外观设计,未缴年费专利权终止,2019-07-30,,False,电子电气
000333.SZ,美的集团,带图形用户界面的磁吸显屏旋钮,"佛山市顺德区美的饮水机制造有限公司,美的集团股份有限公司",2019301006969,CN305279213S,07-02 (12);14-04 (12),外观设计,未缴年费专利权终止,2019-07-30,,False,电子电气
000333.SZ,美的集团,带图形用户界面的磁吸显屏旋钮,"佛山市顺德区美的饮水机制造有限公司,美的集团股份有限公司",2019301006973,CN305279214S,07-02 (12);14-04 (12),外观设计,未缴年费专利权终止,2019-07-30,,False,电子电气
000333.SZ,美的集团,带图形用户界面的磁吸显屏旋钮,"佛山市顺德区美的饮水机制造有限公司,美的集团股份有限公司",2019301006992,CN305279215S,07-02 (12);14-04 (12),外观设计,未缴年费专利权终止,2019-07-30,,False,电子电气
000333.SZ,美的集团,带图形用户界面的磁吸显屏旋钮,"佛山市顺德区美的饮水机制造有限公司,美的集团股份有限公司",2019301007001,CN305279216S,07-02 (12);14-04 (12),外观设计,未缴年费专利权终止,2019-07-30,,False,电子电气
000333.SZ,美的集团,带图形用户界面的磁吸显屏旋钮,"佛山市顺德区美的饮水机制造有限公司,美的集团股份有限公司",2019301007020,CN305279217S,07-02 (12);14-04 (12),外观设计,未缴年费专利权终止,2019-07-30,,False,电子电气
000333.SZ,美的集团,带图形用户界面的手机,"广东美的制冷设备有限公司,美的集团股份有限公司",2019301028347,CN305281053S,14-03 (12);14-04 (12),外观设计,未缴年费专利权终止,2019-07-30,,False,电子电气
000333.SZ,美的集团,空调,"广东美的制冷设备有限公司,美的集团股份有限公司",2019301164182,CN305292862S,23-04 (12),外观设计,未缴年费专利权终止,2019-08-06,,False,电子电气
000333.SZ,美的集团,空调,"广东美的制冷设备有限公司,美的集团股份有限公司",2019301179900,CN305292863S,23-04 (12),外观设计,未缴年费专利权终止,2019-08-06,,False,电子电气
000333.SZ,美的集团,空调器,"广东美的制冷设备有限公司,美的集团股份有限公司",2019301158143,CN305298181S,23-04 (12),外观设计,未缴年费专利权终止,2019-08-09,,False,电子电气
000333.SZ,美的集团,吸入口器具和电动吸尘器,美的集团股份有限公司,2018210842993,CN209236000U,A47L5/12(2006.01)I;A47L9/00(2006.01)I,实用新型,专利权转移,2019-08-13,,False,电子电气
000333.SZ,美的集团,电动吸尘器,美的集团股份有限公司,201580035790X,CN106659346B,A47L9/10(2006.01)I;A47L9/28(2006.01)I,授权发明,专利权转移,2019-08-16,,False,电子电气
000333.SZ,美的集团,自主行走体装置,美的集团股份有限公司,2015800441223,CN106662875B,G05D1/02(2006.01)I;A47L9/28(2006.01)I,授权发明,专利权转移,2019-08-16,,False,电子电气
000333.SZ,美的集团,冰箱,美的集团股份有限公司,2016106014596,CN106403445B,F25D11/02(2006.01)I;F25D23/02(2006.01)I;F25D29/00(2006.01)I,授权发明,专利权转移,2019-08-16,,False,电子电气
000333.SZ,美的集团,液体用电磁阀、液体用电磁阀的制造方法及洗衣机,美的集团股份有限公司,201680043767X,CN107850236B,F16K31/06(2006.01)I;D06F39/08(2006.01)I;F16K47/08(2006.01)I,授权发明,专利权转移,2019-08-16,,False,电子电气
000333.SZ,美的集团,带图形用户界面的手机,"广东美的制冷设备有限公司,美的集团股份有限公司",2019301027927,CN305307643S,14-03 (12);14-04 (12),外观设计,未缴年费专利权终止,2019-08-16,,False,电子电气
000333.SZ,美的集团,冰箱,美的集团股份有限公司,2016106010909,CN106403444B,F25D11/02(2006.01)I;F25D17/06(2006.01)I;F25D19/00(2006.01)I;F25D23/02(2006.01)I;F25D23/12(2006.01)I;F25D27/00(2006.01)I;F25D29/00(2006.01)I,授权发明,专利权转移,2019-08-20,,False,电子电气
000333.SZ,美的集团,电动吸尘器,美的集团股份有限公司,2015800687011,CN107105956B,A47L9/28(2006.01)I;G05D1/02(2006.01)I,授权发明,专利权转移,2019-08-23,,False,电子电气
000333.SZ,美的集团,冰箱,美的集团股份有限公司,201710416424X,CN107166857B,F25D23/02(2006.01)I,授权发明,专利权转移,2019-08-23,,False,电子电气
000333.SZ,美的集团,冰箱,美的集团股份有限公司,2015104938970,CN105387675B,F25D17/06(2006.01)I,授权发明,专利权转移,2019-08-27,,False,电子电气
000333.SZ,美的集团,冰箱,美的集团股份有限公司,2017100284613,CN106931703B,F25D11/02(2006.01)I;F25D29/00(2006.01)I;F25D27/00(2006.01)I,授权发明,专利权转移,2019-08-27,,False,电子电气
000333.SZ,美的集团,冰箱,美的集团股份有限公司,2016105328219,CN106369912B,F25D11/02(2006.01)I;F25D17/06(2006.01)I;A61L9/20(2006.01)I;A61L9/16(2006.01)I;A61L101/04(2006.01)N,授权发明,专利权转移,2019-08-30,,False,电子电气
000333.SZ,美的集团,电动送风机以及电动吸尘器,美的集团股份有限公司,2019200239538,CN209329825U,H02K3/50(2006.01)I;H02K1/14(2006.01)I;F04D25/08(2006.01)I,实用新型,专利权转移,2019-08-30,,False,电子电气
000333.SZ,美的集团,烤箱,"广东美的厨房电器制造有限公司,美的集团股份有限公司",2019300834312,CN305324653S,07-02 (12),外观设计,未缴年费专利权终止,2019-08-30,,False,电子电气
000333.SZ,美的集团,洗衣机,美的集团股份有限公司,201780013372X,CN108699754B,D06F39/08(2006.01)I;B01F3/04(2006.01)I;B01F5/06(2006.01)I;D06F33/02(2006.01)I;D06F39/02(2006.01)I,授权发明,专利权转移,2019-09-03,,False,电子电气
000333.SZ,美的集团,空调,"广东美的制冷设备有限公司,美的集团股份有限公司",2019301162933,CN305333335S,23-04 (12),外观设计,未缴年费专利权终止,2019-09-03,,False,电子电气
000333.SZ,美的集团,空调,"广东美的制冷设备有限公司,美的集团股份有限公司",2019301162948,CN305333336S,23-04 (12),外观设计,未缴年费专利权终止,2019-09-03,,False,电子电气
000333.SZ,美的集团,柜式空调,"广东美的制冷设备有限公司,美的集团股份有限公司",2019301164036,CN305333339S,23-04 (12),外观设计,未缴年费专利权终止,2019-09-03,,False,电子电气
000333.SZ,美的集团,柜式空调,"广东美的制冷设备有限公司,美的集团股份有限公司",2019301164040,CN305338113S,23-04 (12),外观设计,未缴年费专利权终止,2019-09-06,,False,电子电气
000333.SZ,美的集团,软水机,"芜湖美的厨卫电器制造有限公司,美的集团股份有限公司",2019300979078,CN305348535S,23-01 (12),外观设计,未缴年费专利权终止,2019-09-13,,False,电子电气
000333.SZ,美的集团,台式饮水机,"芜湖美的厨卫电器制造有限公司,美的集团股份有限公司",2019300983020,CN305349376S,31-00 (12),外观设计,未缴年费专利权终止,2019-09-13,,False,电子电气
000333.SZ,美的集团,台式饮水机,"芜湖美的厨卫电器制造有限公司,美的集团股份有限公司",2019300983035,CN305349377S,31-00 (12),外观设计,未缴年费专利权终止,2019-09-13,,False,电子电气
000333.SZ,美的集团,净水机,"芜湖美的厨卫电器制造有限公司,美的集团股份有限公司",2019300983302,CN305348536S,23-01 (12),外观设计,未缴年费专利权终止,2019-09-13,,False,电子电气
000333.SZ,美的集团,前置过滤器,"芜湖美的厨卫电器制造有限公司,美的集团股份有限公司",2019300983497,CN305348537S,23-01 (12),外观设计,未缴年费专利权终止,2019-09-13,,False,电子电气
000333.SZ,美的集团,净水机前置模块（比佛利GMAX）,"佛山市顺德区美的饮水机制造有限公司,美的集团股份有限公司",2019300999635,CN305348539S,23-01 (12),外观设计,未缴年费专利权终止,2019-09-13,,False,电子电气
000333.SZ,美的集团,净水机（比佛利GMAX）,"佛山市顺德区美的饮水机制造有限公司,美的集团股份有限公司",201930099964X,CN305348540S,23-01 (12),外观设计,未缴年费专利权终止,2019-09-13,,False,电子电气
000333.SZ,美的集团,带图形用户界面的家电操控面板,"佛山市顺德区美的饮水机制造有限公司,美的集团股份有限公司",2019301003072,CN305348673S,23-04 (12);14-04 (12),外观设计,未缴年费专利权终止,2019-09-13,,False,电子电气
000333.SZ,美的集团,带图形用户界面的磁吸显屏旋钮,"佛山市顺德区美的饮水机制造有限公司,美的集团股份有限公司",2019301004376,CN305345848S,07-02 (12);14-04 (12),外观设计,未缴年费专利权终止,2019-09-13,,False,电子电气
000333.SZ,美的集团,带图形用户界面的磁吸显屏旋钮,"佛山市顺德区美的饮水机制造有限公司,美的集团股份有限公司",2019301004412,CN305345849S,07-02 (12);14-04 (12),外观设计,未缴年费专利权终止,2019-09-13,,False,电子电气
000333.SZ,美的集团,洗衣机,美的集团股份有限公司,2017102492822,CN107237086B,D06F39/00(2006.01)I,授权发明,专利权转移,2019-09-17,,False,电子电气
000333.SZ,美的集团,细微气泡产生器、及具备细微气泡产生器的家电设备,美的集团股份有限公司,2017800091765,CN108602030B,B01F5/06(2006.01)I;B01F3/04(2006.01)I;D06F39/02(2006.01)I;D06F39/08(2006.01)I,授权发明,专利权转移,2019-09-17,,False,电子电气
000333.SZ,美的集团,自律行驶体以及电动吸尘器,美的集团股份有限公司,2015800428002,CN106575123B,G05D1/02(2006.01)I;A47L9/28(2006.01)I,授权发明,专利权转移,2019-09-24,,False,电子电气
000333.SZ,美的集团,电动吸尘器,美的集团股份有限公司,2015800450788,CN106793902B,A47L9/28(2006.01)I,授权发明,专利权转移,2019-09-27,,False,电子电气
000333.SZ,美的集团,烤箱,"广东美的厨房电器制造有限公司,美的集团股份有限公司",2019300977706,CN305370195S,07-02 (12),外观设计,未缴年费专利权终止,2019-10-01,,False,电子电气
000333.SZ,美的集团,冰箱,美的集团股份有限公司,2015104340666,CN106196859B,F25D23/06(2006.01)I,授权发明,专利权转移,2019-10-11,,False,电子电气
000333.SZ,美的集团,功能性片材,美的集团股份有限公司,2018218603670,CN209484927U,F25D23/00(2006.01)I;F25D17/04(2006.01)I;F25D21/04(2006.01)I,实用新型,专利权转移,2019-10-11,,False,电子电气
000333.SZ,美的集团,空调系统及其停机控制方法,"广东美的制冷设备有限公司,美的集团股份有限公司",2017101358807,CN107023935B,F24F11/64(2018.01); F24F11/52(2018.01); F24F140/20(2018.01),授权发明,未缴年费专利权终止,2019-10-25,,False,电子电气
000333.SZ,美的集团,冰箱,美的集团股份有限公司,2017104164377,CN107014138B,F25D11/02(2006.01)I;F25D23/02(2006.01)I;F25D27/00(2006.01)I;F25D29/00(2006.01)I,授权发明,专利权转移,2019-10-25,,False,电子电气
000333.SZ,美的集团,线圈及其制备方法和应用,"佛山市顺德区美的电热电器制造有限公司,美的集团股份有限公司",2015101022712,CN106034367B,H05B6/36(2006.01),授权发明,未缴年费专利权终止,2019-10-29,,False,电子电气
000333.SZ,美的集团,旋风分离装置及扫地机器人,"美的集团股份有限公司,广东美的白色家电技术创新中心有限公司",2018222126693,CN209564074U,A47L11/24(2006.01)I;A47L11/40(2006.01)I;A47L9/16(2006.01)I,实用新型,未缴年费专利权终止,2019-11-01,,False,电子电气
000333.SZ,美的集团,冰箱,美的集团股份有限公司,2016105505919,CN106352645B,F25D11/02(2006.01)I;F25D23/02(2006.01)I;F25D23/12(2006.01)I;F25D27/00(2006.01)I;F25D29/00(2006.01)I,授权发明,专利权转移,2019-11-05,,False,电子电气
000333.SZ,美的集团,冰箱,美的集团股份有限公司,2017104114043,CN107166855B,F25D23/02(2006.01)I,授权发明,专利权转移,2019-11-05,,False,电子电气
000333.SZ,美的集团,一种热泵空调的制热除霜系统及方法和热泵空调,"广东美的制冷设备有限公司,美的集团股份有限公司",2017100148962,CN106885404B,F25B47/02(2006.01); F25B13/00(2006.01); F25B39/00(2006.01),授权发明,未缴年费专利权终止,2019-11-08,,False,电子电气
000333.SZ,美的集团,真空绝热件,美的集团股份有限公司,2018219106815,CN209605471U,F25D23/06(2006.01)I;F16L59/04(2006.01)I,实用新型,专利权转移,2019-11-08,,False,电子电气
000333.SZ,美的集团,地刷组件及扫地机器人,"美的集团股份有限公司,广东美的白色家电技术创新中心有限公司",2018222091463,CN209595657U,A47L11/24(2006.01); A47L11/40(2006.01),实用新型,未缴年费专利权终止,2019-11-08,,False,电子电气
000333.SZ,美的集团,智能家居控制终端,"芜湖美的厨卫电器制造有限公司,美的集团股份有限公司",201930098350X,CN305427253S,14-03 (12),外观设计,未缴年费专利权终止,2019-11-08,,False,电子电气
000333.SZ,美的集团,空调系统及空调器控制方法,"广东美的制冷设备有限公司,美的集团股份有限公司",2017100663997,CN106895519B,F24F5/00(2006.01); F24F11/84(2018.01); F24F11/64(2018.01); F24F110/12(2018.01),授权发明,未缴年费专利权终止,2019-11-22,,False,电子电气
000333.SZ,美的集团,冰箱,美的集团股份有限公司,2019200687801,CN209689269U,F25D21/14(2006.01)I,实用新型,专利权转移,2019-11-26,,False,电子电气
000333.SZ,美的集团,集尘装置及集尘系统,美的集团股份有限公司,2016800060921,CN107205605B,A47L9/28(2006.01)I;A47L7/00(2006.01)I;A47L9/00(2006.01)I,授权发明,专利权转移,2019-11-29,,False,电子电气
000333.SZ,美的集团,地刷组件及扫地机器人,"美的集团股份有限公司,广东美的白色家电技术创新中心有限公司",2018222108074,CN209770258U,A47L11/24(2006.01); A47L11/40(2006.01),实用新型,未缴年费专利权终止,2019-12-13,,False,电子电气
000333.SZ,美的集团,地刷组件及扫地机器人,"美的集团股份有限公司,广东美的白色家电技术创新中心有限公司",2018222126674,CN209770259U,A47L11/24(2006.01); A47L11/40(2006.01),实用新型,未缴年费专利权终止,2019-12-13,,False,电子电气
000333.SZ,美的集团,衣物烘干机,美的集团股份有限公司,201610833672X,CN106917221B,D06F25/00(2006.01)I;D06F58/28(2006.01)I;D06F58/20(2006.01)I,授权发明,专利权转移,2019-12-27,,False,电子电气
000333.SZ,美的集团,一种高温空调的制冷循环系统及方法和高温空调,"广东美的制冷设备有限公司,美的集团股份有限公司",2017100145466,CN106802036B,F25B41/04(2006.01); F25B41/06(2006.01),授权发明,未缴年费专利权终止,2019-12-27,,False,电子电气
000333.SZ,美的集团,家用电器的壳体及家用电器,"美的集团股份有限公司,广东美的白色家电技术创新中心有限公司",2018222574219,CN209856304U,F16F15/08(2006.01); F24C7/00(2006.01); F24C15/12(2006.01),实用新型,未缴年费专利权终止,2019-12-27,,False,电子电气
000333.SZ,美的集团,冰箱,美的集团股份有限公司,2016105393805,CN106679268B,F25D11/02(2006.01)I;F25D23/00(2006.01)I;F25D21/06(2006.01)I;F25D19/00(2006.01)I,授权发明,专利权转移,2019-12-31,,False,电子电气
000333.SZ,美的集团,吸入口器具及电动吸尘器,美的集团股份有限公司,2016105231586,CN106333627B,A47L5/00(2006.01)I;A47L9/02(2006.01)I;A47L9/00(2006.01)I,授权发明,专利权转移,2020-01-07,,False,电子电气
000333.SZ,美的集团,远红外发热膜的制作方法和电热装置,"佛山市顺德区美的电热电器制造有限公司,美的集团股份有限公司",201510096637X,CN105992405B,H05B3/12(2006.01); H05B3/20(2006.01),授权发明,未缴年费专利权终止,2020-01-10,,False,电子电气
000333.SZ,美的集团,饮水机的制冷装置及饮水机,"佛山市顺德区美的饮水机制造有限公司,美的集团股份有限公司",2019203149459,CN209915731U,A47J31/44(2006.01); A47J31/46(2006.01); A47J31/00(2006.01),实用新型,未缴年费专利权终止,2020-01-10,,False,电子电气
000333.SZ,美的集团,电动吸尘装置,美的集团股份有限公司,2017100166778,CN107007206B,A47L9/04(2006.01)I;A47L9/16(2006.01)I;A47L5/00(2006.01)I,授权发明,专利权转移,2020-01-14,,False,电子电气
000333.SZ,美的集团,自律行驶体,美的集团股份有限公司,2015800209170,CN106233218B,G05D1/02(2006.01)I;A47L9/00(2006.01)I;A47L9/28(2006.01)I,授权发明,专利权转移,2020-01-21,,False,电子电气
000333.SZ,美的集团,电动吸尘器,美的集团股份有限公司,2015800473385,CN106659343B,A47L9/00(2006.01)I;A47L9/28(2006.01)I,授权发明,专利权转移,2020-02-14,,False,电子电气
000333.SZ,美的集团,冰箱,美的集团股份有限公司,2017101481727,CN107014146B,F25D23/02(2006.01)I;F25D25/00(2006.01)I;F25D29/00(2006.01)I,授权发明,专利权转移,2020-02-14,,False,电子电气
000333.SZ,美的集团,净水器和用于净水器的进气过滤装置,"佛山市顺德区美的饮水机制造有限公司,美的集团股份有限公司",2019203203699,CN210117283U,C02F9/02(2006.01); B01D36/00(2006.01),实用新型,未缴年费专利权终止,2020-02-28,,False,电子电气
000333.SZ,美的集团,净饮机的排气结构和净饮机,"佛山市顺德区美的饮水机制造有限公司,美的集团股份有限公司",2019203218834,CN210117246U,C02F1/00(2006.01); C02F9/10(2006.01); A47J31/00(2006.01); A47J31/44(2006.01); A47J31/46(2006.01); A47J31/48(2006.01),实用新型,未缴年费专利权终止,2020-02-28,,False,电子电气
000333.SZ,美的集团,水路板和具有其的净水器,"佛山市顺德区美的饮水机制造有限公司,美的集团股份有限公司",2019203283797,CN210117248U,C02F1/00(2006.01); B01D35/00(2006.01),实用新型,未缴年费专利权终止,2020-02-28,,False,电子电气
000333.SZ,美的集团,衣物干燥机,美的集团股份有限公司,2017103461018,CN107794727B,D06F58/02(2006.01)I;D06F58/20(2006.01)I;D06F58/50(2020.01)I,授权发明,专利权转移,2020-03-06,,False,电子电气
000333.SZ,美的集团,电动吸尘器,美的集团股份有限公司,2019202934589,CN210124718U,A47L9/10(2006.01)I;A47L9/14(2006.01)I;A47L5/22(2006.01)I,实用新型,专利权转移,2020-03-06,,False,电子电气
000333.SZ,美的集团,净水机,"佛山市美的清湖净水设备有限公司,美的集团股份有限公司",2019203546364,CN210125206U,B01D29/50(2006.01); B01D29/90(2006.01); B01D29/60(2006.01); C02F1/00(2006.01),实用新型,未缴年费专利权终止,2020-03-06,,False,电子电气
000333.SZ,美的集团,冰箱,美的集团股份有限公司,2019208110760,CN210141729U,F25D11/00(2006.01)I;F25D25/02(2006.01)I;F25D23/00(2006.01)I,实用新型,专利权转移,2020-03-13,,False,电子电气
000333.SZ,美的集团,衣物干燥机,美的集团股份有限公司,2017105446169,CN107794731B,D06F58/20(2006.01)I,授权发明,专利权转移,2020-03-17,,False,电子电气
000333.SZ,美的集团,净水机,"佛山市顺德区美的饮水机制造有限公司,美的集团股份有限公司",2019203227814,CN210150826U,C02F9/02(2006.01); C02F9/10(2006.01); B01F3/04(2006.01); C02F101/30(2006.01); C02F103/04(2006.01),实用新型,未缴年费专利权终止,2020-03-17,,False,电子电气
000333.SZ,美的集团,饮水机的水箱组件和具有其的下置式饮水机,"佛山市顺德区美的饮水机制造有限公司,美的集团股份有限公司",2019203393068,CN210185347U,A47J31/44(2006.01); A47J31/00(2006.01),实用新型,未缴年费专利权终止,2020-03-27,,False,电子电气
000333.SZ,美的集团,冰箱,美的集团股份有限公司,2019210672111,CN210220340U,F25D11/00(2006.01)I;F25D25/02(2006.01)I;F25D17/04(2006.01)I,实用新型,专利权转移,2020-03-31,,False,电子电气
000333.SZ,美的集团,磁吸显屏旋钮,"芜湖美的厨卫电器制造有限公司,美的集团股份有限公司",2019301004446,CN305679142S,14-03 (12),外观设计,未缴年费专利权终止,2020-04-03,,False,电子电气
000333.SZ,美的集团,磁吸显屏旋钮,"芜湖美的厨卫电器制造有限公司,美的集团股份有限公司",2019301004484,CN305679143S,14-03 (12),外观设计,未缴年费专利权终止,2020-04-03,,False,电子电气
000333.SZ,美的集团,净水机,"佛山市顺德区美的饮水机制造有限公司,美的集团股份有限公司",2019203219733,CN210286926U,C02F9/02(2006.01); C02F9/10(2006.01); C02F1/44(2006.01); C02F103/04(2006.01),实用新型,未缴年费专利权终止,2020-04-10,,False,电子电气
000333.SZ,美的集团,净饮机的即热系统和净饮机,"佛山市顺德区美的饮水机制造有限公司,美的集团股份有限公司",2019203284200,CN210286782U,C02F1/00(2006.01); C02F9/10(2006.01); A47J31/00(2006.01); A47J31/44(2006.01); A47J31/46(2006.01); A47J31/48(2006.01),实用新型,未缴年费专利权终止,2020-04-10,,False,电子电气
000333.SZ,美的集团,衣物处理装置,美的集团股份有限公司,2016111409745,CN106917227B,D06F33/32(2020.01)I;D06F33/52(2020.01)I;D06F34/32(2020.01)I;D06F103/24(2020.01)N,授权发明,专利权转移,2020-04-21,,False,电子电气
000333.SZ,美的集团,净水器,"佛山市顺德区美的饮水机制造有限公司,美的集团股份有限公司",201920320367X,CN210419479U,C02F9/02(2006.01); B01D46/00(2006.01); C02F103/04(2006.01),实用新型,未缴年费专利权终止,2020-04-28,,False,电子电气
000333.SZ,美的集团,洗衣机,美的集团股份有限公司,2017101769503,CN107268239B,D06F39/02(2006.01)I;D06F39/08(2006.01)I,授权发明,专利权转移,2020-05-05,,False,电子电气
000333.SZ,美的集团,冰箱,美的集团股份有限公司,2017101952373,CN107270635B,F25D23/02(2006.01)I;F25D23/12(2006.01)I;F25D23/10(2006.01)I,授权发明,专利权转移,2020-05-05,,False,电子电气
000333.SZ,美的集团,洗衣机,美的集团股份有限公司,2018100775501,CN108625120B,D06F39/08(2006.01)I;D06F35/00(2006.01)I;D06F39/02(2006.01)I,授权发明,专利权转移,2020-05-05,,False,电子电气
000333.SZ,美的集团,电动吸尘器,美的集团股份有限公司,2019212529103,CN210541325U,A47L9/00(2006.01)I;A47L9/24(2006.01)I;A47L9/32(2006.01)I,实用新型,专利权转移,2020-05-19,,False,电子电气
000333.SZ,美的集团,净水器,"佛山市美的清湖净水设备有限公司,美的集团股份有限公司",2019307439598,CN305813769S,23-01 (12),外观设计,未缴年费专利权终止,2020-05-29,,False,电子电气
000333.SZ,美的集团,自主行走体,美的集团股份有限公司,2015800201906,CN106255932B,G05D1/02(2020.01)I;A47L9/28(2006.01)I,授权发明,专利权转移,2020-06-09,,False,电子电气
000333.SZ,美的集团,空调,"广东美的制冷设备有限公司,美的集团股份有限公司",2020300221392,CN305844745S,23-04 (12),外观设计,未缴年费专利权终止,2020-06-12,,False,电子电气
000333.SZ,美的集团,灰尘分离装置和电动扫除机,美的集团股份有限公司,2016800411383,CN107847096B,A47L9/16(2006.01)I;B01D45/12(2006.01)I;B04C5/26(2006.01)I;B04C11/00(2006.01)I,授权发明,专利权转移,2020-06-16,,False,电子电气
000333.SZ,美的集团,洗衣机,美的集团股份有限公司,2016800756497,CN108474164B,D06F33/30(2020.01)I;D06F34/00(2020.01)I;D06F39/02(2006.01)I;D06F39/08(2006.01)I,授权发明,专利权转移,2020-06-16,,False,电子电气
000333.SZ,美的集团,电动吸尘器,美的集团股份有限公司,2015800209221,CN106231973B,A47L9/28(2006.01)I;A47L9/04(2006.01)I,授权发明,专利权转移,2020-06-23,,False,电子电气
000333.SZ,美的集团,扫地机器人,"广东美的厨房电器制造有限公司,美的集团股份有限公司",2020300600454,CN305896662S,15-05 (12),外观设计,未缴年费专利权终止,2020-07-03,,False,电子电气
000333.SZ,美的集团,辅食机,"广东美的厨房电器制造有限公司,美的集团股份有限公司",2020300946306,CN305899452S,31-00 (12),外观设计,未缴年费专利权终止,2020-07-03,,False,电子电气
000333.SZ,美的集团,微波蒸汽烤箱,"广东美的厨房电器制造有限公司,美的集团股份有限公司",2020300597339,CN305901581S,07-02 (12),外观设计,未缴年费专利权终止,2020-07-07,,False,电子电气
000333.SZ,美的集团,辅食机,"广东美的厨房电器制造有限公司,美的集团股份有限公司",2020300943350,CN305908143S,31-00 (12),外观设计,未缴年费专利权终止,2020-07-07,,False,电子电气
000333.SZ,美的集团,辅食机,"广东美的厨房电器制造有限公司,美的集团股份有限公司",2020300946293,CN305908144S,31-00 (12),外观设计,未缴年费专利权终止,2020-07-07,,False,电子电气
000333.SZ,美的集团,电动吸尘器,美的集团股份有限公司,2016800034679,CN107105955B,A47L9/16(2006.01)I;A47L9/00(2006.01)I,授权发明,专利权转移,2020-07-14,,False,电子电气
000333.SZ,美的集团,冰箱,美的集团股份有限公司,2017104114518,CN107152834B,F25D11/02(2006.01)I;F25D23/02(2006.01)I;F25D29/00(2006.01)I,授权发明,专利权转移,2020-07-14,,False,电子电气
000333.SZ,美的集团,冰箱,美的集团股份有限公司,2017100732446,CN106871538B,F25D11/02(2006.01)I;F25D19/00(2006.01)I;F25D23/06(2006.01)I,授权发明,专利权转移,2020-07-21,,False,电子电气
000333.SZ,美的集团,家电联网辅助设备,美的集团股份有限公司,2020300655419,CN305938801S,14-02 (12),外观设计,未缴年费专利权终止,2020-07-24,,False,电子电气
000333.SZ,美的集团,洗衣机,美的集团股份有限公司,201810108371X,CN108396516B,D06F39/02(2006.01)I,授权发明,专利权转移,2020-07-28,,False,电子电气
000333.SZ,美的集团,冰箱,美的集团股份有限公司,2019212587857,CN211147025U,F25D11/02(2006.01)I;F25C1/00(2006.01)I;F25D23/12(2006.01)I;F25D25/02(2006.01)I,实用新型,专利权转移,2020-07-31,,False,电子电气
000333.SZ,美的集团,电饭煲,美的集团股份有限公司,2020301141855,CN305954240S,07-02 (12),外观设计,专利权转移,2020-07-31,,False,电子电气
000333.SZ,美的集团,料理机,"广东美的生活电器制造有限公司,美的集团股份有限公司",2017101243945,CN108523703B,A47J43/046(2006.01); A47J43/07(2006.01),授权发明,未缴年费专利权终止,2020-08-04,,False,电子电气
000333.SZ,美的集团,电动鼓风机,美的集团股份有限公司,2019211065544,CN211174667U,F04D25/06(2006.01)I;F04D29/20(2006.01)I;F04D29/056(2006.01)I,实用新型,专利权转移,2020-08-04,,False,电子电气
000333.SZ,美的集团,电动清扫装置及吸入口体,美的集团股份有限公司,201921949549X,CN211155591U,A47L11/292(2006.01)I;A47L11/40(2006.01)I,实用新型,专利权转移,2020-08-04,,False,电子电气
000333.SZ,美的集团,燃气热水器（情怀复刻）,"芜湖美的厨卫电器制造有限公司,美的集团股份有限公司",2020300480202,CN305974554S,23-03 (12),外观设计,未缴年费专利权终止,2020-08-07,,False,电子电气
000333.SZ,美的集团,手提式电动吸尘器,美的集团股份有限公司,2017100342144,CN107184141B,A47L5/22(2006.01)I;A47L9/00(2006.01)I;A47L9/28(2006.01)I,授权发明,专利权转移,2020-08-11,,False,电子电气
000333.SZ,美的集团,电动吸尘器,美的集团股份有限公司,2019212508978,CN211212895U,A47L9/00(2006.01)I;A47L9/16(2006.01)I,实用新型,专利权转移,2020-08-11,,False,电子电气
000333.SZ,美的集团,腔体组件和烹饪器具,"美的集团股份有限公司,广东美的白色家电技术创新中心有限公司",2019224734931,CN211270228U,A47J37/06(2006.01),实用新型,未缴年费专利权终止,2020-08-18,,False,电子电气
000333.SZ,美的集团,冰箱,美的集团股份有限公司,201710368179X,CN107062797B,F25D29/00(2006.01)I;F25D23/02(2006.01)I,授权发明,专利权转移,2020-08-21,,False,电子电气
000333.SZ,美的集团,电动吸尘器,美的集团股份有限公司,2016800035205,CN107105958B,A47L9/28(2006.01)I;G01B11/14(2006.01)I;G01B11/24(2006.01)I;G05D1/02(2020.01)I;G06T1/00(2006.01)I,授权发明,专利权转移,2020-08-25,,False,电子电气
000333.SZ,美的集团,洗衣机,美的集团股份有限公司,2017112081499,CN108221260B,D06F17/06(2006.01)I;D06F17/10(2006.01)I,授权发明,专利权转移,2020-08-25,,False,电子电气
000333.SZ,美的集团,豆浆机的制浆方法,"广东美的生活电器制造有限公司,美的集团股份有限公司",2016101336555,CN107174109B,A47J27/00(2006.01); A47J36/00(2006.01); A23C11/10(2006.01),授权发明,未缴年费专利权终止,2020-09-01,,False,电子电气
000333.SZ,美的集团,联网辅助设备,美的集团股份有限公司,2020300716164,CN306059194S,14-03 (12),外观设计,未缴年费专利权终止,2020-09-18,,False,电子电气
000333.SZ,美的集团,储藏箱,美的集团股份有限公司,2017107282708,CN108204699B,F25D11/02(2006.01)I;F25D17/06(2006.01)I;F25D21/14(2006.01)I,授权发明,专利权转移,2020-09-22,,False,电子电气
000333.SZ,美的集团,水路切换装置、吸尘器的水路系统及吸尘器,"江苏美的清洁电器股份有限公司,美的集团股份有限公司",2018101630961,CN110195790B,F16K11/07(2006.01); A47L9/00(2006.01),授权发明,未缴年费专利权终止,2020-10-02,,False,电子电气
000333.SZ,美的集团,联网辅助设备,美的集团股份有限公司,202030067184X,CN306085724S,14-03 (12),外观设计,未缴年费专利权终止,2020-10-02,,False,电子电气
000333.SZ,美的集团,烤箱,"广东美的厨房电器制造有限公司,美的集团股份有限公司",2020300675037,CN306083586S,07-02 (12),外观设计,未缴年费专利权终止,2020-10-02,,False,电子电气
000333.SZ,美的集团,微蒸烤一体机,"广东美的厨房电器制造有限公司,美的集团股份有限公司",2020300675060,CN306083587S,07-02 (12),外观设计,未缴年费专利权终止,2020-10-02,,False,电子电气
000333.SZ,美的集团,微蒸烤一体机,"广东美的厨房电器制造有限公司,美的集团股份有限公司",2020300676665,CN306083588S,07-02 (12),外观设计,未缴年费专利权终止,2020-10-02,,False,电子电气
000333.SZ,美的集团,冰箱,美的集团股份有限公司,2020301141658,CN306086028S,15-07 (12),外观设计,专利权转移,2020-10-02,,False,电子电气
000333.SZ,美的集团,冰箱,美的集团股份有限公司,2020301141766,CN306086029S,15-07 (12),外观设计,专利权转移,2020-10-02,,False,电子电气
000333.SZ,美的集团,冰箱,美的集团股份有限公司,2020301141874,CN306086030S,15-07 (12),外观设计,专利权转移,2020-10-02,,False,电子电气
000333.SZ,美的集团,冰箱,美的集团股份有限公司,2020301141889,CN306086031S,15-07 (12),外观设计,专利权转移,2020-10-02,,False,电子电气
000333.SZ,美的集团,冰箱用给水箱,美的集团股份有限公司,202030146591X,CN306086033S,15-07 (12),外观设计,专利权转移,2020-10-02,,False,电子电气
000333.SZ,美的集团,电动扫除机用吸入口,美的集团股份有限公司,2020301465708,CN306129920S,15-05 (12),外观设计,专利权转移,2020-10-27,,False,电子电气
000333.SZ,美的集团,烤箱,"广东美的厨房电器制造有限公司,美的集团股份有限公司",2020300675022,CN306137305S,07-02 (12),外观设计,未缴年费专利权终止,2020-10-30,,False,电子电气
000333.SZ,美的集团,蒸烤箱,"广东美的厨房电器制造有限公司,美的集团股份有限公司",2020300675041,CN306137306S,07-02 (12),外观设计,未缴年费专利权终止,2020-10-30,,False,电子电气
000333.SZ,美的集团,洗衣烘干机,美的集团股份有限公司,2017101978528,CN107313205B,D06F25/00(2006.01)I;D06F58/02(2006.01)I,授权发明,专利权转移,2020-11-03,,False,电子电气
000333.SZ,美的集团,冰箱,美的集团股份有限公司,2017103415607,CN107144080B,F25D23/02(2006.01)I;F25D29/00(2006.01)I;F25D27/00(2006.01)I;H03K17/96(2006.01)I,授权发明,专利权转移,2020-11-06,,False,电子电气
000333.SZ,美的集团,冰箱,美的集团股份有限公司,2017104164254,CN107192207B,F25D23/02(2006.01)I,授权发明,专利权转移,2020-11-06,,False,电子电气
000333.SZ,美的集团,冰箱,美的集团股份有限公司,2017113462040,CN108332473B,F25D11/00(2006.01)I;F25D23/02(2006.01)I;F25D29/00(2006.01)I;F25D23/00(2006.01)I,授权发明,专利权转移,2020-11-06,,False,电子电气
000333.SZ,美的集团,洗衣机,美的集团股份有限公司,2017113810424,CN108625109B,D06F34/08(2020.01)I;D06F33/36(2020.01)I;D06F34/20(2020.01)I;D06F37/30(2020.01)I;D06F105/46(2020.01)N,授权发明,专利权转移,2020-11-06,,False,电子电气
000333.SZ,美的集团,摄像机系统及冰箱,美的集团股份有限公司,2018112428687,CN109327638B,H04N1/00(2006.01)I,授权发明,专利权转移,2020-11-17,,False,电子电气
000333.SZ,美的集团,展示墙（一）,美的集团股份有限公司,2020300247231,CN306176233S,20-02 (12),外观设计,未缴年费专利权终止,2020-11-17,,False,电子电气
000333.SZ,美的集团,移动空调,"广东美的制冷设备有限公司,美的集团股份有限公司",2020206864997,CN211977046U,F24F1/0323(2019.01); F24F5/00(2006.01); F24F13/32(2006.01),实用新型,避免重复授权放弃专利权,2020-11-20,,False,电子电气
000333.SZ,美的集团,微波炉蒸烤箱,美的集团股份有限公司,2020302721612,CN306194777S,07-02 (12),外观设计,专利权转移,2020-11-27,,False,电子电气
000333.SZ,美的集团,冰箱,美的集团股份有限公司,2020303552560,CN306197088S,15-07 (12),外观设计,专利权转移,2020-11-27,,False,电子电气
000333.SZ,美的集团,冰箱,美的集团股份有限公司,2018102385986,CN108444188B,F25D23/00(2006.01)I;F25D29/00(2006.01)I,授权发明,专利权转移,2020-12-15,,False,电子电气
000333.SZ,美的集团,冰箱,美的集团股份有限公司,2017105446135,CN107796160B,F25D23/02(2006.01)I;F25D11/00(2006.01)I,授权发明,专利权转移,2020-12-22,,False,电子电气
000333.SZ,美的集团,电动吸尘器,美的集团股份有限公司,2018900009991,CN212234312U,A47L9/24(2006.01)I;A47L9/00(2006.01)I,实用新型,专利权转移,2020-12-29,,False,电子电气
000333.SZ,美的集团,洗衣机,美的集团股份有限公司,2017114607507,CN108425210B,D06F17/10(2006.01)I,授权发明,专利权转移,2021-01-15,,False,电子电气
000333.SZ,美的集团,空调器,"广东美的制冷设备有限公司,美的集团股份有限公司",2020214809582,CN212390506U,F24F1/029(2019.01); F24F1/0323(2019.01); F24F13/06(2006.01); F24F13/20(2006.01),实用新型,避免重复授权放弃专利权,2021-01-22,,False,电子电气
000333.SZ,美的集团,微波炉用操作面板,美的集团股份有限公司,2020302059504,CN306291455S,07-02 (12),外观设计,专利权转移,2021-01-22,,False,电子电气
000333.SZ,美的集团,冰箱箱内冷藏盒,美的集团股份有限公司,2020302345991,CN306297864S,15-07 (12),外观设计,专利权转移,2021-01-26,,False,电子电气
000333.SZ,美的集团,熨斗,美的集团股份有限公司,2020302721542,CN306295554S,07-05 (12),外观设计,专利权转移,2021-01-26,,False,电子电气
000333.SZ,美的集团,电动扫除机主机,美的集团股份有限公司,2020304267319,CN306297839S,15-05 (12),外观设计,专利权转移,2021-01-26,,False,电子电气
000333.SZ,美的集团,电动吸尘器,美的集团股份有限公司,2017800643915,CN109843139B,A47L9/28(2006.01)I;G05D1/02(2020.01)I,授权发明,专利权转移,2021-01-29,,False,电子电气
000333.SZ,美的集团,冰箱,美的集团股份有限公司,2018101203181,CN109099631B,F25D21/04(2006.01)I,授权发明,专利权转移,2021-02-02,,False,电子电气
000333.SZ,美的集团,冰箱,美的集团股份有限公司,2018110071139,CN109425196B,F25D29/00(2006.01)I,授权发明,专利权转移,2021-02-05,,False,电子电气
000333.SZ,美的集团,电动扫除机,美的集团股份有限公司,2016800119272,CN107405035B,A47L9/28(2006.01)I;G05D1/02(2020.01)I,授权发明,专利权转移,2021-02-09,,False,电子电气
000333.SZ,美的集团,洗衣机,美的集团股份有限公司,201810128222X,CN108396507B,D06F33/47(2020.01)I;D06F13/00(2006.01)I;D06F17/00(2006.01)I,授权发明,专利权转移,2021-02-12,,False,电子电气
000333.SZ,美的集团,冰箱,美的集团股份有限公司,2018105944760,CN109028739B,F25D23/06(2006.01)I,授权发明,专利权转移,2021-02-12,,False,电子电气
000333.SZ,美的集团,冰箱、相机装置,美的集团股份有限公司,2017101405460,CN107388716B,F25D23/12(2006.01)I;F25D29/00(2006.01)I,授权发明,专利权转移,2021-02-19,,False,电子电气
000333.SZ,美的集团,洗衣机,美的集团股份有限公司,2017101738420,CN107227589B,D06F39/02(2006.01)I,授权发明,专利权转移,2021-02-19,,False,电子电气
000333.SZ,美的集团,冰箱,美的集团股份有限公司,2017105507891,CN107255384B,F25D11/02(2006.01)I;F25D29/00(2006.01)I,授权发明,专利权转移,2021-02-26,,False,电子电气
000333.SZ,美的集团,冰箱,美的集团股份有限公司,2017101952320,CN107367116B,F25D23/02;F25D23/12,授权发明,专利权转移,2021-03-05,,False,电子电气
000333.SZ,美的集团,空调室内机及空调器,"广东美的制冷设备有限公司,美的集团股份有限公司",2020221751726,CN212746712U,F24F1/0063(2019.01); F24F1/0073(2019.01); F24F1/0076(2019.01); F24F13/02(2006.01),实用新型,避免重复授权放弃专利权,2021-03-19,,False,电子电气
000333.SZ,美的集团,摄像机系统及冰箱,美的集团股份有限公司,2018112428850,CN109510915B,H04N1/00,授权发明,专利权转移,2021-03-26,,False,电子电气
000333.SZ,美的集团,集尘装置及电动吸尘器,美的集团股份有限公司,2020211450417,CN212788390U,A47L5/36;A47L9/16;A47L9/20;A47L9/00;A47L9/12,实用新型,专利权转移,2021-03-26,,False,电子电气
000333.SZ,美的集团,微波炉蒸烤箱,美的集团股份有限公司,2020306290593,CN306429423S,07-02(12),外观设计,专利权转移,2021-04-02,,False,电子电气
000333.SZ,美的集团,冰箱,美的集团股份有限公司,2017800453234,CN109844431B,F25D11/02,授权发明,专利权转移,2021-04-06,,False,电子电气
000333.SZ,美的集团,冰箱,美的集团股份有限公司,2018108891021,CN109631455B,F25D11/00(2006.01)I;F25D19/00(2006.01)I;F25D21/14(2006.01)I;F25D23/00(2006.01)I,授权发明,专利权转移,2021-04-09,,False,电子电气
000333.SZ,美的集团,冰箱,美的集团股份有限公司,201810889226X,CN109631456B,F25D11/00(2006.01)I;F25D23/02(2006.01)I;F25D29/00(2006.01)I,授权发明,专利权转移,2021-04-13,,False,电子电气
000333.SZ,美的集团,电动吸尘器,美的集团股份有限公司,2017800462680,CN109475259B,A47L9/32(2006.01)I;A47L9/16(2006.01)I;A47L9/22(2006.01)I;A47L9/28(2006.01)I;A47L5/24(2006.01)I,授权发明,专利权转移,2021-04-20,,False,电子电气
000333.SZ,美的集团,洗衣机,美的集团股份有限公司,2018112485779,CN109706684B,D06F23/04(2006.01)I;D06F35/00(2006.01)I;D06F39/02(2006.01)I,授权发明,专利权转移,2021-04-20,,False,电子电气
000333.SZ,美的集团,电动吸尘器,美的集团股份有限公司,202020918330X,CN212996249U,A47L5/24(2006.01);A47L9/10(2006.01),实用新型,专利权转移,2021-04-20,,False,电子电气
000333.SZ,美的集团,食物料理机,"广东美的生活电器制造有限公司,美的集团股份有限公司",201710041699X,CN108309091B,A47J43/046(2006.01); A47J43/07(2006.01); A47J19/00(2006.01),授权发明,未缴年费专利权终止,2021-04-27,,False,电子电气
000333.SZ,美的集团,冰箱,美的集团股份有限公司,2018109205838,CN109838958B,F25D11/02(2006.01)I;F25D21/04(2006.01)I;F25D23/10(2006.01)I,授权发明,专利权转移,2021-04-27,,False,电子电气
000333.SZ,美的集团,电饭锅,美的集团股份有限公司,2017106851059,CN108013747B,A47J27/08(2006.01)I;A47J27/086(2006.01)I;A47J36/32(2006.01)I,授权发明,专利权转移,2021-05-04,,False,电子电气
000333.SZ,美的集团,冰箱,美的集团股份有限公司,2019101622599,CN110017644B,F25D11/02(2006.01)I;F25D23/00(2006.01)I;F25D17/06(2006.01)I,授权发明,专利权转移,2021-05-04,,False,电子电气
000333.SZ,美的集团,冰箱,美的集团股份有限公司,2019107166778,CN110411107B,F25D11/02(2006.01)I;F25D17/06(2006.01)I;F25D25/02(2006.01)I,授权发明,专利权转移,2021-05-07,,False,电子电气
000333.SZ,美的集团,自律型走行体,美的集团股份有限公司,2016800105320,CN107249415B,A47L9/00(2006.01)I;A47L9/28(2006.01)I;G05D1/02(2020.01)I,授权发明,专利权转移,2021-05-11,,False,电子电气
000333.SZ,美的集团,冰箱,美的集团股份有限公司,2017101951703,CN107367115B,F25D23/02(2006.01)I;F25D23/12(2006.01)I,授权发明,专利权转移,2021-05-18,,False,电子电气
000333.SZ,美的集团,冰箱,美的集团股份有限公司,2017111868806,CN107883648B,F25D11/02(2006.01)I;F25D23/02(2006.01)I;F25D29/00(2006.01)I,授权发明,专利权转移,2021-05-25,,False,电子电气
000333.SZ,美的集团,冰箱,美的集团股份有限公司,2017111883986,CN107883651B,F25D11/02(2006.01)I;F25D23/02(2006.01)I;F25D29/00(2006.01)I,授权发明,专利权转移,2021-05-25,,False,电子电气
000333.SZ,美的集团,洗衣机,美的集团股份有限公司,2017105330251,CN108611809B,D06F39/00(2020.01)I,授权发明,专利权转移,2021-06-01,,False,电子电气
000333.SZ,美的集团,电动吸尘器以及擦拭吸尘部件,美的集团股份有限公司,2020215713040,CN213309460U,A47L7/02(2006.01);A47L9/28(2006.01);A47L9/00(2006.01);A47L11/28(2006.01);A47L11/40(2006.01),实用新型,专利权转移,2021-06-01,,False,电子电气
000333.SZ,美的集团,洗衣机,美的集团股份有限公司,2018800205934,CN110506140B,D06F17/12(2006.01)I;D06F39/00(2020.01)I;D06F34/24(2020.01)I;D06F34/14(2020.01)I;D06F34/04(2020.01)I;D06F103/16(2020.01)N;D06F103/32(2020.01)N,授权发明,专利权转移,2021-06-04,,False,电子电气
000333.SZ,美的集团,冰箱用旋转式储物机构,美的集团股份有限公司,2016110879349,CN108131890B,F25D25/02,授权发明,专利权转移,2021-06-08,,False,电子电气
000333.SZ,美的集团,冰箱,美的集团股份有限公司,2017105503462,CN107255390B,H04B7/24;F25D23/02,授权发明,专利权转移,2021-06-08,,False,电子电气
000333.SZ,美的集团,电动吸尘器,美的集团股份有限公司,2017800474033,CN109640774B,A47L9/28,授权发明,专利权转移,2021-06-15,,False,电子电气
000333.SZ,美的集团,柜式空调,"广东美的制冷设备有限公司,美的集团股份有限公司",202130090645X,CN306614427S,23-04(13),外观设计,未缴年费专利权终止,2021-06-15,,False,电子电气
000333.SZ,美的集团,电饭锅,美的集团股份有限公司,2017108728330,CN108113462B,A47J27/08,授权发明,专利权转移,2021-06-18,,False,电子电气
000333.SZ,美的集团,电动扫除机主机,美的集团股份有限公司,2021300611275,CN306621120S,15-05(13),外观设计,专利权转移,2021-06-18,,False,电子电气
000333.SZ,美的集团,电饭锅,美的集团股份有限公司,2018100887206,CN109965671B,A47J27/00;A47J36/00,授权发明,专利权转移,2021-06-22,,False,电子电气
000333.SZ,美的集团,电动清扫装置,美的集团股份有限公司,2018800322196,CN110650666B,A47L9/28;A47L9/32;A47L9/00,授权发明,专利权转移,2021-06-25,,False,电子电气
000333.SZ,美的集团,供水装置,美的集团股份有限公司,2018108756180,CN109386026B,E03B7/09;E03C1/084,授权发明,专利权转移,2021-06-29,,False,电子电气
000333.SZ,美的集团,柜式空调,"广东美的制冷设备有限公司,美的集团股份有限公司",2021300953785,CN306664718S,23-04(13),外观设计,未缴年费专利权终止,2021-07-06,,False,电子电气
000333.SZ,美的集团,电清扫机,美的集团股份有限公司,2017800692818,CN109922702B,A47L9/28;G05D1/02,授权发明,专利权转移,2021-07-09,,False,电子电气
000333.SZ,美的集团,电动吸尘装置,美的集团股份有限公司,2017800731564,CN110022742B,A47L9/10,授权发明,专利权转移,2021-07-09,,False,电子电气
000333.SZ,美的集团,电动吸尘器,美的集团股份有限公司,2018800446644,CN110831474B,A47L9/32,授权发明,专利权转移,2021-07-16,,False,电子电气
000333.SZ,美的集团,杯盖组件和食物料理机,"广东美的生活电器制造有限公司,美的集团股份有限公司",2017100688890,CN108392108B,A47J43/07(2006.01); A47J43/046(2006.01); G10K11/16(2006.01),授权发明,未缴年费专利权终止,2021-07-27,,False,电子电气
000333.SZ,美的集团,冰箱,美的集团股份有限公司,2019103665989,CN110220357B,F25D11/02;F25D23/04,授权发明,专利权转移,2021-07-27,,False,电子电气
000333.SZ,美的集团,洗衣机,美的集团股份有限公司,2018800205949,CN110494606B,D06F39/08;D06F34/28;D06F17/12,授权发明,专利权转移,2021-08-03,,False,电子电气
000333.SZ,美的集团,衣物处理装置,美的集团股份有限公司,2019100226867,CN110117886B,D06F33/30;G06Q30/02;D06F39/00,授权发明,专利权转移,2021-08-10,,False,电子电气
000333.SZ,美的集团,冰箱,美的集团股份有限公司,201910116080X,CN110081661B,F25D27/00;F25D21/08;F25D23/12;F25D29/00,授权发明,专利权转移,2021-08-13,,False,电子电气
000333.SZ,美的集团,电饭煲,美的集团股份有限公司,2021302053269,CN306750896S,07-02(13),外观设计,专利权转移,2021-08-13,,False,电子电气
000333.SZ,美的集团,烤箱,美的集团股份有限公司,2021302053409,CN306750897S,07-02(13),外观设计,专利权转移,2021-08-13,,False,电子电气
000333.SZ,美的集团,电饭煲,美的集团股份有限公司,2021302053517,CN306750898S,07-02(13),外观设计,专利权转移,2021-08-13,,False,电子电气
000333.SZ,美的集团,冰箱,美的集团股份有限公司,2017105502900,CN107270607B,F25D11/00;F25D29/00;F25D23/00,授权发明,专利权转移,2021-08-17,,False,电子电气
000333.SZ,美的集团,餐吧机,"佛山市美的清湖净水设备有限公司,美的集团股份有限公司",2021301368134,CN306770312S,23-01(13);15-07,外观设计,未缴年费专利权终止,2021-08-20,,False,电子电气
000333.SZ,美的集团,冰箱,美的集团股份有限公司,2019101026374,CN110513943B,F25D21/14;F25D17/06;F25D17/08;F25D21/06;F25D11/02;F25D19/00,授权发明,专利权转移,2021-08-24,,False,电子电气
000333.SZ,美的集团,卷直发梳,"美的集团股份有限公司,广东美西科技有限公司",2021301143802,CN306781325S,28-03(13),外观设计,未缴年费专利权终止,2021-08-24,,False,电子电气
000333.SZ,美的集团,立式吸尘器,"江苏美的清洁电器股份有限公司,美的集团股份有限公司",2018101631095,CN110192808B,A47L9/02(2006.01); A47L9/10(2006.01); A47L9/00(2006.01),授权发明,未缴年费专利权终止,2021-08-27,,False,电子电气
000333.SZ,美的集团,冰箱,美的集团股份有限公司,2019101160566,CN110081660B,F25D27/00;F25D21/08;F25D23/12;F25D29/00,授权发明,专利权转移,2021-08-27,,False,电子电气
000333.SZ,美的集团,熨斗,美的集团股份有限公司,2021302319667,CN306783801S,07-05(13),外观设计,专利权转移,2021-08-27,,False,电子电气
000333.SZ,美的集团,电动吸尘器,美的集团股份有限公司,2018112564003,CN109717793B,A47L9/28;A47L9/10;A47L9/32;A47L9/00,授权发明,专利权转移,2021-09-03,,False,电子电气
000333.SZ,美的集团,冰箱,美的集团股份有限公司,2017111869014,CN107883649B,F25D11/02;F25D23/02;F25D29/00,授权发明,专利权转移,2021-09-07,,False,电子电气
000333.SZ,美的集团,洗衣机,美的集团股份有限公司,2019108354331,CN110552155B,D06F35/00;D06F33/34;D06F39/08;D06F39/02,授权发明,专利权转移,2021-09-07,,False,电子电气
000333.SZ,美的集团,洗衣机,美的集团股份有限公司,2017105274444,CN108611801B,D06F37/26;D06F17/04;D06F39/00,授权发明,专利权转移,2021-09-10,,False,电子电气
000333.SZ,美的集团,注水装置以及洗衣机,美的集团股份有限公司,2018115339469,CN109944030B,D06F39/08(2006.01);D06F35/00(2006.01),授权发明,专利权转移,2021-09-14,,False,电子电气
000333.SZ,美的集团,自主行驶体以及自主行驶体系统,美的集团股份有限公司,2018115547828,CN110025260B,A47L11/24(2006.01);A47L11/40(2006.01),授权发明,专利权转移,2021-09-14,,False,电子电气
000333.SZ,美的集团,一种空气处理装置,"广东美的制冷设备有限公司,美的集团股份有限公司",2021200998812,CN214199059U,F24F8/30(2021.01); F24F8/80(2021.01); F24F13/08(2006.01); F24F13/22(2006.01); F24F13/24(2006.01); F24F13/30(2006.01),实用新型,避免重复授权放弃专利权,2021-09-14,,False,电子电气
000333.SZ,美的集团,电饭煲,美的集团股份有限公司,2021303132446,CN306829851S,07-02(13),外观设计,专利权转移,2021-09-17,,False,电子电气
000333.SZ,美的集团,饮水机的控制方法及饮水机,"佛山市顺德区美的饮水机制造有限公司,美的集团股份有限公司",2019101881860,CN111685602B,A47J31/56(2006.01);F25B49/02(2006.01),授权发明,未缴年费专利权终止,2021-09-28,,False,电子电气
000333.SZ,美的集团,洗衣机,美的集团股份有限公司,2019104015297,CN110714304B,D06F39/02(2006.01),授权发明,专利权转移,2021-10-08,,False,电子电气
000333.SZ,美的集团,自主型吸尘器,美的集团股份有限公司,202010122722X,CN111657793B,A47L11/24(2006.01);A47L11/40(2006.01),授权发明,专利权转移,2021-11-09,,False,电子电气
000333.SZ,美的集团,香料装置及空调器,"广东美的制冷设备有限公司,美的集团股份有限公司",2021211392030,CN214841243U,F24F1/008(2019.01);F24F13/10(2006.01),实用新型,避免重复授权放弃专利权,2021-11-23,,False,电子电气
000333.SZ,美的集团,电动吸尘器,美的集团股份有限公司,2018115104247,CN109938642B,A47L5/00(2006.01);A47L9/28(2006.01);A47L11/24(2006.01);A47L11/40(2006.01),授权发明,专利权转移,2021-11-30,,False,电子电气
000333.SZ,美的集团,电动吸尘器,美的集团股份有限公司,2021207747251,CN215191243U,A47L9/00(2006.01);A47L9/16(2006.01);A47L9/28(2006.01),实用新型,专利权转移,2021-12-17,,False,电子电气
000333.SZ,美的集团,空气处理装置及空调器,"广东美的制冷设备有限公司,美的集团股份有限公司",2021217144852,CN215372685U,F24F1/0007(2019.01);F24F13/20(2006.01);F24F13/00(2006.01),实用新型,避免重复授权放弃专利权,2021-12-31,,False,电子电气
000333.SZ,美的集团,气体分配装置、燃烧器及热水器,"芜湖美的厨卫电器制造有限公司,美的集团股份有限公司",2021208300758,CN215637164U,F23D14/46(2006.01); F23D14/58(2006.01); F23D14/66(2006.01); F23D14/64(2006.01); F23D14/02(2006.01); F24H9/18(2006.01); F24H9/20(2006.01),实用新型,避免重复授权放弃专利权,2022-01-25,,False,电子电气
000333.SZ,美的集团,空气处理设备,"广东美的制冷设备有限公司,美的集团股份有限公司",2021214936690,CN215675594U,F24F6/04(2006.01); F24F13/00(2006.01); F24F11/89(2018.01); F24F13/32(2006.01); C02F9/06(2006.01),实用新型,避免重复授权放弃专利权,2022-01-28,,False,电子电气
000333.SZ,美的集团,空调器,"广东美的制冷设备有限公司,美的集团股份有限公司",2021215833653,CN215675463U,F24F1/0011(2019.01);F24F13/10(2006.01);F24F11/89(2018.01);F24F11/79(2018.01);F24F11/64(2018.01);F24F11/61(2018.01),实用新型,避免重复授权放弃专利权,2022-01-28,,False,电子电气
000333.SZ,美的集团,换热部件以及空调器,"广东美的制冷设备有限公司,美的集团股份有限公司",2021217361036,CN215675498U,F24F1/0063(2019.01);F24F1/0097(2019.01);F24F13/22(2006.01),实用新型,避免重复授权放弃专利权,2022-01-28,,False,电子电气
000333.SZ,美的集团,空调器,"广东美的制冷设备有限公司,美的集团股份有限公司",2021217384574,CN215675499U,F24F1/0063(2019.01);F24F1/0097(2019.01);F24F13/22(2006.01);F24F13/20(2006.01);F24F13/24(2006.01),实用新型,避免重复授权放弃专利权,2022-01-28,,False,电子电气
000333.SZ,美的集团,空调室内机、空调器,"广东美的制冷设备有限公司,美的集团股份有限公司",2021217777268,CN215675502U,F24F1/0071(2019.01);F24F1/0022(2019.01);F24F11/74(2018.01);F24F11/89(2018.01);F24F11/64(2018.01),实用新型,避免重复授权放弃专利权,2022-01-28,,False,电子电气
000333.SZ,美的集团,空气净化机,"广东美的制冷设备有限公司,美的集团股份有限公司",2020308210288,CN307120708S,23-04(13),外观设计,未缴年费专利权终止,2022-02-18,,False,电子电气
000333.SZ,美的集团,电动吸尘器,美的集团股份有限公司,2021207747247,CN215838678U,A47L5/24(2006.01);A47L9/16(2006.01);A47L9/10(2006.01);A47L9/28(2006.01);A47L9/32(2006.01),实用新型,专利权转移,2022-02-18,,False,电子电气
000333.SZ,美的集团,空气净化机,"广东美的制冷设备有限公司,美的集团股份有限公司",2021300113674,CN307120711S,23-04(13),外观设计,未缴年费专利权终止,2022-02-18,,False,电子电气
000333.SZ,美的集团,空调壁挂机及空调器,"广东美的制冷设备有限公司,美的集团股份有限公司",2017100500881,CN106678978B,F24F1/0057(2019.01);F24F13/22(2006.01),授权发明,专利权转移,2022-03-01,,False,电子电气
000333.SZ,美的集团,空气净化机,"广东美的制冷设备有限公司,美的集团股份有限公司",2021300113706,CN307137178S,23-04(13),外观设计,未缴年费专利权终止,2022-03-01,,False,电子电气
000333.SZ,美的集团,空气净化机,"广东美的制冷设备有限公司,美的集团股份有限公司",2021300113848,CN307137180S,23-04(13),外观设计,未缴年费专利权终止,2022-03-01,,False,电子电气
000333.SZ,美的集团,空气净化机,"广东美的制冷设备有限公司,美的集团股份有限公司",2021300114554,CN307137181S,23-04(13),外观设计,未缴年费专利权终止,2022-03-01,,False,电子电气
000333.SZ,美的集团,烤箱,美的集团股份有限公司,2021307001646,CN307139843S,07-02(13),外观设计,专利权转移,2022-03-04,,False,电子电气
000333.SZ,美的集团,风扇,美的集团股份有限公司,2021307001769,CN307143545S,23-04(13),外观设计,专利权转移,2022-03-04,,False,电子电气
000333.SZ,美的集团,饮水机,"佛山市顺德区美的饮水机制造有限公司,美的集团股份有限公司",2021205277389,CN215959416U,A47J31/46(2006.01);A47J31/44(2006.01),实用新型,未缴年费专利权终止,2022-03-08,,False,电子电气
000333.SZ,美的集团,饮水机,"佛山市顺德区美的饮水机制造有限公司,美的集团股份有限公司",2021205294261,CN215959392U,A47J31/00(2006.01);A47J31/44(2006.01);A47J31/46(2006.01),实用新型,未缴年费专利权终止,2022-03-08,,False,电子电气
000333.SZ,美的集团,饮水机,"佛山市顺德区美的饮水机制造有限公司,美的集团股份有限公司",2021205300313,CN215959393U,A47J31/00(2006.01);A47J31/44(2006.01);A47J31/46(2006.01),实用新型,未缴年费专利权终止,2022-03-08,,False,电子电气
000333.SZ,美的集团,饮水机内胆及饮水机,"佛山市顺德区美的饮水机制造有限公司,美的集团股份有限公司",202120532011X,CN215959422U,A47J31/56(2006.01),实用新型,未缴年费专利权终止,2022-03-08,,False,电子电气
000333.SZ,美的集团,家电售后咨询方法、电子设备和计算机可读存储介质,"广东美的制冷设备有限公司,美的集团股份有限公司",2017107789248,CN107688950B,G06Q30/00(2012.01);G06F16/33(2019.01),授权发明,专利权转移,2022-03-11,,False,电子电气
000333.SZ,美的集团,基于纹理信息的报警方法、装置以及计算机可读存储介质,"广东美的制冷设备有限公司,美的集团股份有限公司",2017110015492,CN107845103B,G06T7/246(2017.01);G06T7/40(2017.01);G06T7/90(2017.01);G06V10/75(2022.01);G08B13/196(2006.01),授权发明,专利权转移,2022-03-11,,False,电子电气
000333.SZ,美的集团,空气净化机,"广东美的制冷设备有限公司,美的集团股份有限公司",2021300114520,CN307161392S,23-04(13),外观设计,未缴年费专利权终止,2022-03-11,,False,电子电气
000333.SZ,美的集团,一种空调器及其控制方法,"广东美的制冷设备有限公司,美的集团股份有限公司",2016109583122,CN106440052B,F24F1/0003(2019.01);F24F1/32(2011.01);F24F11/58(2018.01);F24F11/89(2018.01),授权发明,专利权转移,2022-03-15,,False,电子电气
000333.SZ,美的集团,微波炉蒸烤箱,美的集团股份有限公司,2021307001256,CN307177436S,07-02(13),外观设计,专利权转移,2022-03-18,,False,电子电气
000333.SZ,美的集团,集尘装置以及电动吸尘器,美的集团股份有限公司,2020113061808,CN112914417B,A47L9/16(2006.01);A47L9/10(2006.01);A47L9/00(2006.01);A47L5/36(2006.01),授权发明,专利权转移,2022-03-22,,False,电子电气
000333.SZ,美的集团,空调器,"广东美的制冷设备有限公司,美的集团股份有限公司",2021217139695,CN216114353U,F24F1/0014(2019.01); F24F1/0087(2019.01); F24F1/0071(2019.01); F24F13/10(2006.01),实用新型,避免重复授权放弃专利权,2022-03-22,,False,电子电气
000333.SZ,美的集团,壁挂式室内机以及空调器,"广东美的制冷设备有限公司,美的集团股份有限公司",2021226053439,CN216114367U,F24F1/0057(2019.01); F24F11/89(2018.01),实用新型,避免重复授权放弃专利权,2022-03-22,,False,电子电气
000333.SZ,美的集团,空调壁挂机和空调器,"广东美的制冷设备有限公司,美的集团股份有限公司",2017100493197,CN106678977B,F24F1/00(2011.01);F24F13/14(2006.01);F24F13/20(2006.01);F24F13/22(2006.01);F24F13/30(2006.01),授权发明,专利权转移,2022-04-05,,False,电子电气
000333.SZ,美的集团,柜式空调,"广东美的制冷设备有限公司,美的集团股份有限公司",2022300305611,CN307246429S,23-04(13),外观设计,未缴年费专利权终止,2022-04-08,,False,电子电气
000333.SZ,美的集团,柜式空调,"广东美的制冷设备有限公司,美的集团股份有限公司",2022300305607,CN307258906S,23-04(13),外观设计,未缴年费专利权终止,2022-04-12,,False,电子电气
000333.SZ,美的集团,冰箱,美的集团股份有限公司,2020102698992,CN111981752B,F25D11/02(2006.01);F25D21/04(2006.01);F25D25/02(2006.01),授权发明,专利权转移,2022-04-19,,False,电子电气
000333.SZ,美的集团,空调室内机及具有其的空调器,"广东美的制冷设备有限公司,美的集团股份有限公司",2021227538206,CN216347008U,F24F13/20(2006.01);F24F1/0007(2019.01),实用新型,避免重复授权放弃专利权,2022-04-19,,False,电子电气
000333.SZ,美的集团,空气净化机,"广东美的制冷设备有限公司,美的集团股份有限公司",2021301150986,CN307282597S,23-04(13),外观设计,未缴年费专利权终止,2022-04-19,,False,电子电气
000333.SZ,美的集团,集尘装置以及电气设备,美的集团股份有限公司,202122342092X,CN216364915U,A47L9/16(2006.01),实用新型,专利权转移,2022-04-26,,False,电子电气
000333.SZ,美的集团,空气净化机,"广东美的制冷设备有限公司,美的集团股份有限公司",2021301150670,CN307303396S,23-04(13),外观设计,未缴年费专利权终止,2022-04-29,,False,电子电气
000333.SZ,美的集团,电动吸尘器,美的集团股份有限公司,2020104610172,CN112190179B,A47L9/16(2006.01);A47L9/10(2006.01);A47L9/00(2006.01),授权发明,专利权转移,2022-05-03,,False,电子电气
000333.SZ,美的集团,一种空调器摆叶的驱动装置及方法和空调器,"广东美的制冷设备有限公司,美的集团股份有限公司",2016107652698,CN106196546B,F24F13/14(2006.01);F24F11/79(2018.01),授权发明,专利权转移,2022-05-06,,False,电子电气
000333.SZ,美的集团,空调室内机和空调器,"广东美的制冷设备有限公司,美的集团股份有限公司",2021232413855,CN216620026U,F24F1/0011(2019.01); F24F13/14(2006.01); F24F13/15(2006.01),实用新型,避免重复授权放弃专利权,2022-05-27,,False,电子电气
000333.SZ,美的集团,显示屏幕面板的服药管理图形用户界面,"佛山市顺德区美的饮水机制造有限公司,美的集团股份有限公司",2022301405918,CN307377694S,14-04(13),外观设计,未缴年费专利权终止,2022-05-31,,False,电子电气
000333.SZ,美的集团,衣物处理装置,美的集团股份有限公司,2018109919236,CN109652967B,D06F34/32(2020.01);D06F34/05(2020.01);D06F34/18(2020.01);D06F103/04(2020.01);D06F103/06(2020.01),授权发明,专利权转移,2022-06-03,,False,电子电气
000333.SZ,美的集团,冰箱用箱内容器,美的集团股份有限公司,2021308612609,CN307384856S,15-07(13),外观设计,专利权转移,2022-06-03,,False,电子电气
000333.SZ,美的集团,空调器室内机的壳体组件、空调器室内机和空调器,"广东美的制冷设备有限公司,美的集团股份有限公司",2017100417795,CN106594883B,F24F1/0063(2019.01);F24F13/20(2006.01);F24F13/28(2006.01);F24F13/30(2006.01);F24F13/00(2006.01),授权发明,专利权转移,2022-06-24,,False,电子电气
000333.SZ,美的集团,空调室内机和空调器,"广东美的制冷设备有限公司,美的集团股份有限公司",2022202771600,CN216814377U,F24F1/0014(2019.01);F24F1/0063(2019.01);F24F1/0067(2019.01);F24F13/08(2006.01);F24F13/20(2006.01),实用新型,避免重复授权放弃专利权,2022-06-24,,False,电子电气
000333.SZ,美的集团,电动吸尘器,美的集团股份有限公司,2022200468878,CN216823215U,A47L5/24(2006.01);A47L9/00(2006.01);A47L9/28(2006.01),实用新型,专利权转移,2022-06-28,,False,电子电气
000333.SZ,美的集团,微波炉蒸烤箱,美的集团股份有限公司,2021308619379,CN307461938S,07-02(13),外观设计,专利权转移,2022-07-22,,False,电子电气
000333.SZ,美的集团,熨斗用底板,美的集团股份有限公司,2022301212987,CN307462088S,07-05(13),外观设计,专利权转移,2022-07-22,,False,电子电气
000333.SZ,美的集团,熨斗用底板,美的集团股份有限公司,2022301212991,CN307462089S,07-05(13),外观设计,专利权转移,2022-07-22,,False,电子电气
000333.SZ,美的集团,洗衣机,美的集团股份有限公司,2019108304826,CN111206375B,D06F33/57(2020.01);D06F34/14(2020.01);D06F39/02(2006.01);D06F33/43(2020.01);D06F105/42(2020.01);D06F103/40(2020.01),授权发明,专利权转移,2022-08-12,,False,电子电气
000333.SZ,美的集团,电动吸尘器,美的集团股份有限公司,2020105640103,CN112716354B,A47L5/24(2006.01); A47L9/04(2006.01); A47L9/28(2006.01); A47L9/30(2006.01); A47L9/32(2006.01),授权发明,专利权转移,2022-08-23,,False,电子电气
000333.SZ,美的集团,隔热材料、冰箱、以及隔热材料的制造方法,美的集团股份有限公司,2020111445235,CN113007956B,F25D23/06(2006.01),授权发明,专利权转移,2022-08-23,,False,电子电气
000333.SZ,美的集团,制冰单元和空调器,"广东美的制冷设备有限公司,美的集团股份有限公司",2022200441907,CN217303271U,F25C1/10(2006.01); F25C5/08(2006.01); F24F1/0007(2019.01); F24F1/005(2019.01); F24F5/00(2006.01),实用新型,避免重复授权放弃专利权,2022-08-26,,False,电子电气
000333.SZ,美的集团,干衣设备,"广东美的制冷设备有限公司,美的集团股份有限公司,广东美的白色家电技术创新中心有限公司",2021234550274,CN217324664U,D06F58/20(2006.01); D06F58/26(2006.01); D06F58/04(2006.01),实用新型,避免重复授权放弃专利权,2022-08-30,,False,电子电气
000333.SZ,美的集团,燃烧器以及燃气灶,"佛山市顺德区美的洗涤电器制造有限公司,美的集团股份有限公司",2022204276947,CN217383024U,F24C3/00(2006.01); F24C3/08(2006.01); F23D14/02(2006.01); F23D14/46(2006.01); F23D14/64(2006.01),实用新型,避免重复授权放弃专利权,2022-09-06,,False,电子电气
000333.SZ,美的集团,电动扫除机用吸入口,美的集团股份有限公司,2022301213161,CN307532525S,15-05(13),外观设计,专利权转移,2022-09-06,,False,电子电气
000333.SZ,美的集团,自行式电动吸尘器,美的集团股份有限公司,2018115552417,CN109938643B,A47L5/12(2006.01); A47L9/28(2006.01),授权发明,专利权转移,2022-09-13,,False,电子电气
000333.SZ,美的集团,制冷系统、冷媒灌注方法和制冷设备,"合肥华凌股份有限公司,合肥美的电冰箱有限公司,美的集团股份有限公司",2020100888206,CN113324361B,F25D11/02(2006.01);F25D19/00(2006.01);F25B1/00(2006.01);F25B43/00(2006.01);F25B41/31(2021.01);F25B45/00(2006.01),授权发明,专利权转移,2022-09-13,,False,电子电气
000333.SZ,美的集团,洗涤干燥机,美的集团股份有限公司,2020106071237,CN112442824B,D06F25/00(2006.01); D06F34/04(2020.01); D06F34/16(2020.01); D06F34/18(2020.01); D06F34/24(2020.01); D06F103/04(2020.01); D06F103/06(2020.01); D06F103/26(2020.01); D06F105/08(2020.01); D06F105/32(2020.01); D06F105/48(2020.01),授权发明,专利权转移,2022-09-13,,False,电子电气
000333.SZ,美的集团,冰箱,美的集团股份有限公司,2020110067412,CN112833607B,F25D11/02(2006.01); F25D23/02(2006.01); F25D23/06(2006.01); F25D23/12(2006.01); F25D29/00(2006.01),授权发明,专利权转移,2022-09-20,,False,电子电气
000333.SZ,美的集团,冰箱,美的集团股份有限公司,202011006747X,CN112984911B,F25D11/02(2006.01); F25D17/06(2006.01); F25D21/06(2006.01); F25D29/00(2006.01),授权发明,专利权转移,2022-09-20,,False,电子电气
000333.SZ,美的集团,一种控制装置及燃气灶,"佛山市顺德区美的洗涤电器制造有限公司,美的集团股份有限公司",2022207303950,CN217503749U,F24C3/12(2006.01),实用新型,避免重复授权放弃专利权,2022-09-27,,False,电子电气
000333.SZ,美的集团,药盒、药物容纳设备和饮水机,"佛山市顺德区美的饮水机制造有限公司,美的集团股份有限公司",2022205848801,CN217510819U,A61J1/00(2006.01);A61J1/03(2006.01);A47J31/44(2006.01),实用新型,未缴年费专利权终止,2022-09-30,,False,电子电气
000333.SZ,美的集团,饮水设备,"佛山市顺德区美的饮水机制造有限公司,美的集团股份有限公司",2022205871189,CN217510294U,A47J31/44(2006.01); A47J31/56(2006.01); A61J1/03(2006.01); A61J7/04(2006.01),实用新型,未缴年费专利权终止,2022-09-30,,False,电子电气
000333.SZ,美的集团,压力锅的锅盖和具有其的压力锅,"佛山市顺德区美的电热电器制造有限公司,美的集团股份有限公司",2016101259135,CN107149395B,A47J27/08(2006.01),授权发明,未缴年费专利权终止,2022-10-04,,False,电子电气
000333.SZ,美的集团,冰箱,美的集团股份有限公司,2020108411939,CN112781299B,F25D11/02(2006.01); F25D17/06(2006.01); F25D29/00(2006.01),授权发明,专利权转移,2022-10-14,,False,电子电气
000333.SZ,美的集团,冰箱,美的集团股份有限公司,201710544621X,CN107782050B,F25D23/02(2006.01),授权发明,专利权转移,2022-10-28,,False,电子电气
000333.SZ,美的集团,坐便器手柄组件和智能坐便器,"广东美的环境电器制造有限公司,美的集团股份有限公司",2017101355353,CN106759730B,E03D9/00(2006.01);F16C11/04(2006.01);F16C11/10(2006.01),授权发明,未缴年费专利权终止,2022-11-01,,False,电子电气
000333.SZ,美的集团,自主式清扫机,美的集团股份有限公司,202010429489X,CN112168059B,A47L7/02(2006.01); A47L11/24(2006.01); A47L11/40(2006.01),授权发明,专利权转移,2022-11-01,,False,电子电气
000333.SZ,美的集团,电动吸尘器,美的集团股份有限公司,2020104294940,CN112237398B,A47L9/16(2006.01),授权发明,专利权转移,2022-11-01,,False,电子电气
000333.SZ,美的集团,空调系统及其控制方法,"广东美的制冷设备有限公司,美的集团股份有限公司",2016109133987,CN106440434B,F25B1/00(2006.01);F25B41/20(2021.01);F25B41/24(2021.01);F25B41/34(2021.01);F25B41/37(2021.01);F25B41/40(2021.01);F24F11/64(2018.01);F24F11/65(2018.01);F24F11/61(2018.01);F24F11/84(2018.01);F24F11/86(2018.01);F24F110/12(2018.01),授权发明,专利权转移,2022-11-08,,False,电子电气
000333.SZ,美的集团,送风组件和空调室外机,"广东美的制冷设备有限公司,美的集团股份有限公司",201710097396X,CN106642411B,F24F1/48(2011.01),授权发明,未缴年费专利权终止,2023-01-03,,False,电子电气
000333.SZ,美的集团,自主型吸尘器,美的集团股份有限公司,2020101227179,CN111820820B,A47L11/24(2006.01);A47L11/40(2006.01),授权发明,专利权转移,2023-01-03,,False,电子电气
000333.SZ,美的集团,吸入口体以及电动吸尘器,美的集团股份有限公司,202221936369X,CN218186617U,A47L9/04(2006.01);A47L9/00(2006.01),实用新型,专利权转移,2023-01-03,,False,电子电气
000333.SZ,美的集团,柜式空调,"广东美的制冷设备有限公司,美的集团股份有限公司",2022300155722,CN307934300S,23-04(14),外观设计,未缴年费专利权终止,2023-03-24,,False,电子电气
000333.SZ,美的集团,冰箱,美的集团股份有限公司,2020108623063,CN112797701B,F25D11/02(2006.01);F25D23/04(2006.01);F25D23/06(2006.01);F25D23/12(2006.01),授权发明,专利权转移,2023-04-07,,False,电子电气
000333.SZ,美的集团,物品显示系统,美的集团股份有限公司,2021102892855,CN112984913B,F25D11/02(2006.01);F25D23/02(2006.01);F25D29/00(2006.01);H04N7/18(2006.01),授权发明,专利权转移,2023-04-07,,False,电子电气
000333.SZ,美的集团,衣物处理装置,美的集团股份有限公司,2020104529096,CN112195619B,D06F39/02(2006.01),授权发明,专利权转移,2023-04-25,,False,电子电气
000333.SZ,美的集团,电气设备,美的集团股份有限公司,2019103036313,CN110391681B,H02J7/00(2006.01);H01M10/42(2006.01);H01M10/44(2006.01);A47L5/28(2006.01);A47L9/10(2006.01);A47L9/28(2006.01),授权发明,专利权转移,2023-04-28,,False,电子电气
000333.SZ,美的集团,冰箱,美的集团股份有限公司,2019800878483,CN113272608B,F25D21/14(2006.01);F25D23/08(2006.01);F16L59/02(2006.01);F25D23/06(2006.01),授权发明,专利权转移,2023-05-23,,False,电子电气
000333.SZ,美的集团,窗机空调及其制冷控制方法,"广东美的制冷设备有限公司,美的集团股份有限公司",2016102864623,CN107339830B,F25B47/00(2006.01);F25B41/40(2021.01);F24F11/89(2018.01);E06B7/28(2006.01),授权发明,专利权转移,2023-05-30,,False,电子电气
000333.SZ,美的集团,柜式空调,"广东美的制冷设备有限公司,美的集团股份有限公司",2023300989682,CN308070239S,23-04(14),外观设计,未缴年费专利权终止,2023-06-06,,False,电子电气
000333.SZ,美的集团,冰箱制冷系统及冰箱化霜方法,"合肥华凌股份有限公司,合肥美的电冰箱有限公司,美的集团股份有限公司",2020113844174,CN114576915B,F25D21/00(2006.01);F25D21/12(2006.01),授权发明,专利权转移,2023-06-30,,False,电子电气
000333.SZ,美的集团,饮水机的控制方法及饮水机,"佛山市顺德区美的饮水机制造有限公司,美的集团股份有限公司",2021110586279,CN113647827B,A47J31/56(2006.01);F25B49/02(2006.01),授权发明,未缴年费专利权终止,2023-06-30,,False,电子电气
000333.SZ,美的集团,一种过滤装置、分离器及清洁设备,"美的集团股份有限公司,广东美的白色家电技术创新中心有限公司",2022234182506,CN219306639U,A47L15/14(2006.01); A47L15/42(2006.01); A47L15/50(2006.01); A23N12/02(2006.01); D06F39/10(2006.01),实用新型,避免重复授权放弃专利权,2023-07-07,,False,电子电气
000333.SZ,美的集团,衣物处理装置,美的集团股份有限公司,2020100505815,CN111636177B,D06F39/02(2006.01);D06F34/22(2020.01);D06F103/20(2020.01),授权发明,专利权转移,2023-07-14,,False,电子电气
000333.SZ,美的集团,衣物处理装置,"东芝家用电器制造(南海)有限公司,美的集团股份有限公司",2020106184803,CN112442855B,D06F39/02(2006.01);D06F34/14(2020.01),授权发明,专利权转移,2023-07-14,,False,电子电气
000333.SZ,美的集团,冰箱、冰箱的控制方法和计算机可读存储介质,"合肥华凌股份有限公司,合肥美的电冰箱有限公司,美的集团股份有限公司",2020107724090,CN114061207B,F25D11/00(2006.01);F25D19/00(2006.01);F25D29/00(2006.01);F25D21/04(2006.01),授权发明,专利权转移,2023-07-18,,False,电子电气
000333.SZ,美的集团,水龙头,"佛山市顺德区美的饮水机制造有限公司,美的集团股份有限公司",2023301538488,CN308130439S,23-01(14),外观设计,未缴年费专利权终止,2023-07-18,,False,电子电气
000333.SZ,美的集团,空调室内机和空调器,"广东美的制冷设备有限公司,美的集团股份有限公司",2017102126671,CN107062398B,F24F1/0007(2019.01);F24F13/14(2006.01);F24F13/20(2006.01),授权发明,专利权转移,2023-07-28,,False,电子电气
000333.SZ,美的集团,电动吸尘器,美的集团股份有限公司,202111191235X,CN114652193B,A47L5/22(2006.01);A47L5/26(2006.01);A47L9/04(2006.01);A47L9/28(2006.01),授权发明,专利权转移,2023-07-28,,False,电子电气
000333.SZ,美的集团,冰箱,美的集团股份有限公司,2017103775867,CN107388705B,F25D23/02(2006.01);F25D27/00(2006.01);H03K17/96(2006.01),授权发明,专利权转移,2023-08-04,,False,电子电气
000333.SZ,美的集团,电动吸尘器,美的集团股份有限公司,2017800731066,CN109996480B,A47L9/00(2006.01);A47L9/12(2006.01);A47L9/28(2006.01),授权发明,专利权转移,2023-08-04,,False,电子电气
000333.SZ,美的集团,洗涤系统、服务器、控制方法及程序,美的集团股份有限公司,2020111697679,CN112981858B,D06F34/05(2020.01);D06F34/32(2020.01);D06F34/14(2020.01);D06F33/50(2020.01);D06F33/57(2020.01);D06F103/44(2020.01);D06F103/68(2020.01);D06F105/42(2020.01),授权发明,专利权转移,2023-08-04,,False,电子电气
000333.SZ,美的集团,加热烹调器,美的集团股份有限公司,2023202916695,CN219515948U,A47J27/00(2006.01);A47J27/58(2006.01);A47J36/06(2006.01),实用新型,专利权转移,2023-08-15,,False,电子电气
000333.SZ,美的集团,电饭煲,美的集团股份有限公司,2023204284948,CN219515949U,A47J27/00(2006.01);A47J36/00(2006.01);A47J36/24(2006.01),实用新型,专利权转移,2023-08-15,,False,电子电气
000333.SZ,美的集团,衣物处理装置,美的集团股份有限公司,2020104610168,CN112176657B,D06F39/02(2006.01);D06F39/08(2006.01);D06F33/34(2020.01),授权发明,专利权转移,2023-08-18,,False,电子电气
000333.SZ,美的集团,冰箱门体,美的集团股份有限公司,202130861269X,CN308186559S,15-07(13),外观设计,专利权转移,2023-08-22,,False,电子电气
000333.SZ,美的集团,电动吸尘装置,美的集团股份有限公司,2018800338809,CN110662471B,A47L9/10(2006.01);A47L9/00(2006.01);A47L9/12(2006.01),授权发明,专利权转移,2023-08-29,,False,电子电气
000333.SZ,美的集团,一种防溅透气杯盖及具有其的电动料理机,"广东美的生活电器制造有限公司,美的集团股份有限公司",2016101307815,CN107157361B,A47J43/07(2006.01);A47J43/04(2006.01),授权发明,未缴年费专利权终止,2023-09-01,,False,电子电气
000333.SZ,美的集团,一种电动料理机,"广东美的生活电器制造有限公司,美的集团股份有限公司",2016101277171,CN107157354B,A47J43/046(2006.01);A47J43/07(2006.01),授权发明,未缴年费专利权终止,2023-09-05,,False,电子电气
000333.SZ,美的集团,净水系统,"佛山市顺德区美的饮水机制造有限公司,美的集团股份有限公司",2017101325678,CN108569784B,C02F9/00(2023.01);C02F103/04(2006.01);C02F1/00(2023.01);C02F1/28(2023.01);C02F1/44(2023.01),授权发明,未缴年费专利权终止,2023-09-05,,False,电子电气
000333.SZ,美的集团,一种搅拌杯体及破壁机,"广东美的生活电器制造有限公司,美的集团股份有限公司",2016101286289,CN107157355B,A47J43/046(2006.01);A47J43/07(2006.01),授权发明,未缴年费专利权终止,2023-09-08,,False,电子电气
000333.SZ,美的集团,净水系统,"佛山市顺德区美的饮水机制造有限公司,美的集团股份有限公司",2017101325697,CN108569785B,C02F1/44(2023.01);C02F1/00(2023.01);C02F103/04(2006.01),授权发明,未缴年费专利权终止,2023-09-19,,False,电子电气
000333.SZ,美的集团,食品搅拌机,"广东美的生活电器制造有限公司,美的集团股份有限公司",2016100893975,CN107088003B,A47J43/046(2006.01);A47J43/08(2006.01),授权发明,未缴年费专利权终止,2023-09-26,,False,电子电气
000333.SZ,美的集团,净水系统,"佛山市顺德区美的饮水机制造有限公司,美的集团股份有限公司",2017101325682,CN108569727B,C02F1/00(2006.01);C02F1/44(2006.01);B01D61/08(2006.01);B01D63/06(2006.01);C02F103/04(2006.01),授权发明,未缴年费专利权终止,2023-09-26,,False,电子电气
000333.SZ,美的集团,电动吸尘器,美的集团股份有限公司,2018110294048,CN109717791B,A47L9/00(2006.01);A47L9/10(2006.01);A47L9/32(2006.01),授权发明,专利权转移,2023-10-03,,False,电子电气
000333.SZ,美的集团,冰箱系统,美的集团股份有限公司,2019107479378,CN110880365B,G16H20/60(2018.01);F25D29/00(2006.01),授权发明,专利权转移,2023-10-13,,False,电子电气
000333.SZ,美的集团,导向穿管装置,"广东美的制冷设备有限公司,美的集团股份有限公司",2023211913944,CN219853027U,B23P19/00(2006.01),实用新型,避免重复授权放弃专利权,2023-10-20,,False,电子电气
000333.SZ,美的集团,一种搅拌杯体及破壁机,"广东美的生活电器制造有限公司,美的集团股份有限公司",2016101284940,CN107157360B,A47J43/07(2006.01);A47J43/046(2006.01);A47J19/02(2006.01);A47J19/06(2006.01),授权发明,未缴年费专利权终止,2023-10-31,,False,电子电气
000333.SZ,美的集团,清扫工具以及电动吸尘器,美的集团股份有限公司,2021108698929,CN114376445B,A47L9/04(2006.01);A47L9/28(2006.01),授权发明,专利权转移,2023-11-10,,False,电子电气
000333.SZ,美的集团,滚筒式洗衣机,美的集团股份有限公司,2020107432321,CN112746427B,D06F25/00(2006.01);D06F39/08(2006.01);D06F58/02(2006.01);D06F58/20(2006.01);D06F58/22(2006.01);D06F58/24(2006.01),授权发明,专利权转移,2023-11-14,,False,电子电气
000333.SZ,美的集团,电动扫除机用吸入口,美的集团股份有限公司,2023302701608,CN308322031S,15-05(14),外观设计,专利权转移,2023-11-14,,False,电子电气
000333.SZ,美的集团,回热器、制冷系统和制冷设备,"合肥华凌股份有限公司,合肥美的电冰箱有限公司,美的集团股份有限公司",2022106518841,CN115014003B,F25B40/06(2006.01);F25B39/02(2006.01);F25B43/00(2006.01),授权发明,专利权转移,2023-12-01,,False,电子电气
000333.SZ,美的集团,熨斗,美的集团股份有限公司,2023304315960,CN308380195S,07-05(14),外观设计,专利权转移,2023-12-19,,False,电子电气
000333.SZ,美的集团,微波炉蒸烤箱,美的集团股份有限公司,202330431608X,CN308462095S,07-02(14),外观设计,专利权转移,2024-02-09,,False,电子电气
000333.SZ,美的集团,电动吸尘器,美的集团股份有限公司,2017800731210,CN110035683B,A47L9/32(2006.01);A47L5/24(2006.01);A47L5/28(2006.01);A47L9/28(2006.01),授权发明,专利权转移,2024-02-23,,False,电子电气
000333.SZ,美的集团,家电系统,美的集团股份有限公司,2018800629151,CN111183416B,G06F13/00(2006.01);H04Q9/00(2006.01),授权发明,专利权转移,2024-03-01,,False,电子电气
000333.SZ,美的集团,自主行走式清扫机以及清扫系统,美的集团股份有限公司,2019105045660,CN110604520B,A47L11/40(2006.01);A47L11/24(2006.01),授权发明,专利权转移,2024-03-08,,False,电子电气
000333.SZ,美的集团,衣物处理装置,美的集团股份有限公司,2020103541921,CN112030477B,D06F39/02(2006.01),授权发明,专利权转移,2024-03-08,,False,电子电气
000333.SZ,美的集团,电动吸尘器,美的集团股份有限公司,2019101748667,CN110623596B,A47L9/10(2006.01);A47L9/14(2006.01);A47L5/22(2006.01),授权发明,专利权转移,2024-03-12,,False,电子电气
000333.SZ,美的集团,冰箱,美的集团股份有限公司,2021102743121,CN113739487B,F25D11/02(2006.01);F25D17/06(2006.01);F25D25/00(2006.01);F25D29/00(2006.01),授权发明,专利权转移,2024-03-12,,False,电子电气
000333.SZ,美的集团,冰箱,美的集团股份有限公司,2021102747940,CN113739489B,F25D11/02(2006.01);F25D23/04(2006.01);F25D25/00(2006.01),授权发明,专利权转移,2024-03-12,,False,电子电气
000333.SZ,美的集团,谐波齿轮装置及其制造方法以及机器人用关节装置,"美的集团股份有限公司,库卡机器人自动化(广东)股份有限公司,广东极亚精机科技有限公司",202410113589X,CN117628142B,F16H49/00(2006.01);B23P19/02(2006.01);B25J17/02(2006.01);F16H57/021(2012.01);F16H57/023(2012.01),授权发明,专利权转移,2024-04-19,,False,电子电气
000333.SZ,美的集团,冰箱,美的集团股份有限公司,202110115250X,CN113494816B,F25D11/02(2006.01);F25D17/06(2006.01);F25D23/02(2006.01);F25D29/00(2006.01),授权发明,专利权转移,2024-04-26,,False,电子电气
000333.SZ,美的集团,冰箱,美的集团股份有限公司,2021102346004,CN113686077B,F25D11/02(2006.01);F25D25/02(2006.01);F25D29/00(2006.01);F25C1/24(2018.01),授权发明,专利权转移,2024-05-07,,False,电子电气
000333.SZ,美的集团,冰箱,美的集团股份有限公司,2021103243931,CN113686079B,F25D11/02(2006.01);F25D17/06(2006.01);F25D23/02(2006.01);F25D23/04(2006.01);F25D25/00(2006.01),授权发明,专利权转移,2024-05-07,,False,电子电气
000333.SZ,美的集团,冰箱,美的集团股份有限公司,2021103245477,CN113686080B,F25D11/02(2006.01);F25D23/02(2006.01);F25D25/00(2006.01);F25D25/02(2006.01),授权发明,专利权转移,2024-05-10,,False,电子电气
000333.SZ,美的集团,冰箱,美的集团股份有限公司,2021102747936,CN113739488B,F25D11/02(2006.01);F25D17/06(2006.01);F25D27/00(2006.01);F25D25/02(2006.01),授权发明,专利权转移,2024-05-14,,False,电子电气
000333.SZ,美的集团,冰箱,美的集团股份有限公司,2020114863702,CN113251724B,F25D11/02(2006.01);F25D23/12(2006.01);F25C1/24(2018.01),授权发明,专利权转移,2024-05-28,,False,电子电气
000333.SZ,美的集团,冰箱,美的集团股份有限公司,2021102164612,CN113654292B,F25D11/02(2006.01);F25D23/04(2006.01);F25D25/02(2006.01);F25D29/00(2006.01),授权发明,专利权转移,2024-05-28,,False,电子电气
000333.SZ,美的集团,家电系统、家电设备、影像设备、外部服务器及显示方法,美的集团股份有限公司,2020110067215,CN112882392B,G05B15/02(2006.01);G05B19/418(2006.01),授权发明,专利权转移,2024-05-31,,False,电子电气
000333.SZ,美的集团,冰箱,美的集团股份有限公司,2021102345957,CN113686076B,F25D11/02(2006.01);F25D17/06(2006.01);F25D19/00(2006.01);F25D25/00(2006.01);F25D29/00(2006.01),授权发明,专利权转移,2024-05-31,,False,电子电气
000333.SZ,美的集团,通知系统,美的集团股份有限公司,2020111871054,CN113009837B,G05B15/02(2006.01);G05B19/418(2006.01),授权发明,专利权转移,2024-06-04,,False,电子电气
000333.SZ,美的集团,冰箱,美的集团股份有限公司,2021100598388,CN113375392B,F25D11/02(2006.01);F25D23/04(2006.01),授权发明,专利权转移,2024-06-14,,False,电子电气
000333.SZ,美的集团,电动扫除机支架的主体,美的集团股份有限公司,2021304701567,CN308702597S,15-05(13),外观设计,专利权转移,2024-06-25,,False,电子电气
000333.SZ,美的集团,电动扫除机主机,美的集团股份有限公司,2022301213176,CN308702599S,15-05(14),外观设计,专利权转移,2024-06-25,,False,电子电气
000333.SZ,美的集团,电动扫除机集尘杯,美的集团股份有限公司,2023302701699,CN308702603S,15-05(14),外观设计,专利权转移,2024-06-25,,False,电子电气
000333.SZ,美的集团,衣物干燥机,美的集团股份有限公司,2018113813056,CN109868627B,D06F58/02(2006.01);D06F58/04(2006.01);D06F25/00(2006.01),授权发明,专利权转移,2024-08-06,,False,电子电气
000333.SZ,美的集团,燃气灶具及燃气灶具的操作方法,"广东美的厨房电器制造有限公司,美的集团股份有限公司",201810200472X,CN108488843B,F24C3/08(2006.01);F24C15/08(2006.01),授权发明,未缴年费专利权终止,2024-08-23,,False,电子电气
000333.SZ,美的集团,设备操作系统、设备操作方法、信息处理装置及计算机程序,美的集团股份有限公司,2020108949335,CN112786037B,G10L15/22(2006.01);G10L15/26(2006.01),授权发明,专利权转移,2024-08-27,,False,电子电气
000333.SZ,美的集团,信息处理系统,美的集团股份有限公司,2021101546287,CN113669983B,F25D11/02(2006.01);F25D23/02(2006.01);F25D29/00(2006.01),授权发明,专利权转移,2024-09-10,,False,电子电气
000333.SZ,美的集团,冰箱以及供水槽,美的集团股份有限公司,2021100366639,CN113465269B,F25D11/02(2006.01);F25D23/12(2006.01);F25C1/04(2018.01);F25C5/182(2018.01),授权发明,专利权转移,2024-09-20,,False,电子电气
000333.SZ,美的集团,食材管理系统,美的集团股份有限公司,2020115754914,CN113251720B,F25D11/00(2006.01);F25D29/00(2006.01);G06Q30/0601(2023.01),授权发明,专利权转移,2024-09-27,,False,电子电气
000333.SZ,美的集团,电动扫除机的支架,美的集团股份有限公司,2023307342724,CN308870555S,15-05(14),外观设计,专利权转移,2024-10-01,,False,电子电气
000333.SZ,美的集团,转子以及洗衣机的转子的制造方法,美的集团股份有限公司,2020113550876,CN112910196B,H02K15/03(2006.01);H02K1/2791(2022.01);H01F41/02(2006.01);H01F13/00(2006.01),授权发明,专利权转移,2024-10-08,,False,电子电气
000333.SZ,美的集团,燃烧器及燃气灶具,"广东美的厨房电器制造有限公司,美的集团股份有限公司",2018102017429,CN108361705B,F23D14/06(2006.01);F23D14/58(2006.01);F23D14/64(2006.01);F24C3/08(2006.01);F24C3/10(2006.01);F24C3/12(2006.01);F24C15/10(2006.01),授权发明,未缴年费专利权终止,2024-10-22,,False,电子电气
000333.SZ,美的集团,电动吸尘器,美的集团股份有限公司,2021102303598,CN113712466B,A47L9/28(2006.01);A47L5/24(2006.01),授权发明,专利权转移,2024-10-29,,False,电子电气
000333.SZ,美的集团,信息处理系统,美的集团股份有限公司,2021102659615,CN113701431B,F25D11/02(2006.01);F25D29/00(2006.01),授权发明,专利权转移,2024-10-29,,False,电子电气
000333.SZ,美的集团,熨斗,美的集团股份有限公司,2024301884080,CN308923042S,07-05(14),外观设计,专利权转移,2024-11-05,,False,电子电气
000333.SZ,美的集团,注册辅助系统及注册辅助系统的程序,美的集团股份有限公司,2021110103659,CN114513843B,H04W60/00(2009.01);H04W8/22(2009.01),授权发明,专利权转移,2024-11-08,,False,电子电气
000333.SZ,美的集团,衣物处理装置,美的集团股份有限公司,2021100804027,CN113430787B,D06F39/02(2006.01),授权发明,专利权转移,2024-11-15,,False,电子电气
000333.SZ,美的集团,冰箱用门以及冰箱,美的集团股份有限公司,2021102107978,CN113494820B,F25D11/02(2006.01);F25D23/02(2006.01);F25D23/06(2006.01);F25D25/02(2006.01),授权发明,专利权转移,2024-11-15,,False,电子电气
000333.SZ,美的集团,信息处理系统,美的集团股份有限公司,2021102635428,CN113729546B,A47L5/12(2006.01);A47L9/00(2006.01);A47L9/28(2006.01),授权发明,专利权转移,2024-11-26,,False,电子电气
000333.SZ,美的集团,冰箱,美的集团股份有限公司,2024301884288,CN309021675S,15-07(14),外观设计,专利权转移,2024-12-20,,False,电子电气
000333.SZ,美的集团,电饭煲,美的集团股份有限公司,2024301884358,CN309017520S,07-02(14),外观设计,专利权转移,2024-12-20,,False,电子电气
000333.SZ,美的集团,过滤装置以及电气设备,美的集团股份有限公司,2022100255626,CN115067799B,A47L9/12(2006.01);A47L9/10(2006.01);A47L11/40(2006.01),授权发明,专利权转移,2025-01-24,,False,电子电气
000333.SZ,美的集团,冰箱门体,美的集团股份有限公司,2024301889525,CN309147917S,15-07(14),外观设计,专利权转移,2025-03-04,,False,电子电气
000333.SZ,美的集团,电动扫除机,美的集团股份有限公司,202430480845X,CN309205029S,15-05(14),外观设计,专利权转移,2025-03-28,,False,电子电气
000333.SZ,美的集团,烤箱,美的集团股份有限公司,2024304808727,CN309202263S,07-02(14),外观设计,专利权转移,2025-03-28,,False,电子电气
000333.SZ,美的集团,微波炉蒸烤箱,美的集团股份有限公司,2024304808799,CN309202264S,07-02(14),外观设计,专利权转移,2025-03-28,,False,电子电气
000333.SZ,美的集团,电动扫除机用吸入口,美的集团股份有限公司,2024304808869,CN309205030S,15-05(14),外观设计,专利权转移,2025-03-28,,False,电子电气
000333.SZ,美的集团,电动扫除机用充电台,美的集团股份有限公司,2024304808553,CN309210460S,13-02(14),外观设计,专利权转移,2025-04-01,,False,电子电气
000333.SZ,美的集团,衣物处理装置,美的集团股份有限公司,2021100804879,CN113430789B,D06F39/02(2006.01),授权发明,专利权转移,2025-04-08,,False,电子电气
000333.SZ,美的集团,电动设备,美的集团股份有限公司,2022100196384,CN115133210B,H01M50/247(2021.01);H01M50/264(2021.01);H01M50/296(2021.01),授权发明,专利权转移,2025-04-29,,False,电子电气
000333.SZ,美的集团,电动吸尘装置,"江苏美的清洁电器股份有限公司,美的集团股份有限公司",2024213655922,CN222804226U,A47L5/26(2006.01);A47L9/00(2006.01),实用新型,专利权转移,2025-04-29,,False,电子电气
000333.SZ,美的集团,衣物处理装置,美的集团股份有限公司,2021100804031,CN113430788B,D06F39/02(2006.01);D06F39/08(2006.01),授权发明,专利权转移,2025-05-09,,False,电子电气
000333.SZ,美的集团,电饭煲,美的集团股份有限公司,2024217707396,CN222870251U,A47J27/00(2006.01);A47J36/00(2006.01);A47J36/06(2006.01),实用新型,专利权转移,2025-05-16,,False,电子电气
000333.SZ,美的集团,洗衣机,美的集团股份有限公司,2024306452492,CN309314256S,15-05(14),外观设计,专利权转移,2025-05-30,,False,电子电气
000333.SZ,美的集团,电饭煲,美的集团股份有限公司,2024306452670,CN309311836S,07-02(14),外观设计,专利权转移,2025-05-30,,False,电子电气
000333.SZ,美的集团,家电系统,美的集团股份有限公司,2021106867994,CN114390325B,H04N21/41(2011.01);H04N21/431(2011.01);H04N21/435(2011.01);H04N21/4363(2011.01);H04L12/28(2006.01),授权发明,专利权转移,2025-06-27,,False,电子电气
000333.SZ,美的集团,食材管理系统,美的集团股份有限公司,2021105764079,CN114061229B,F25D11/02(2006.01);F25D17/06(2006.01);F25D29/00(2006.01),授权发明,专利权转移,2025-07-08,,False,电子电气
000333.SZ,美的集团,信息处理系统,美的集团股份有限公司,2021102635432,CN113737448B,D06F33/30(2020.01),授权发明,专利权转移,2025-07-25,,False,电子电气
000333.SZ,美的集团,洗衣机,美的集团股份有限公司,2021102256417,CN113737462B,D06F34/05(2020.01);D06F34/28(2020.01),授权发明,专利权转移,2025-07-29,,False,电子电气
000333.SZ,美的集团,洗衣机,美的集团股份有限公司,2021104428263,CN113802329B,D06F34/16(2020.01);D06F103/24(2020.01);D06F103/46(2020.01),授权发明,专利权转移,2025-08-01,,False,电子电气
000333.SZ,美的集团,洗衣机用波轮,美的集团股份有限公司,2024307199063,CN309416967S,15-05(14),外观设计,专利权转移,2025-08-01,,False,电子电气
000333.SZ,美的集团,家电系统,美的集团股份有限公司,2021102187510,CN113624522B,G01M99/00(2011.01);G06F18/23(2023.01);G06F18/24(2023.01);G06N3/04(2023.01);G06N3/08(2023.01),授权发明,专利权转移,2025-08-22,,False,电子电气
000333.SZ,美的集团,洗衣机,美的集团股份有限公司,2021104000072,CN113756053B,D06F35/00(2006.01);D06F33/34(2020.01);D06F33/37(2020.01);D06F103/18(2020.01),授权发明,专利权转移,2025-08-22,,False,电子电气
000333.SZ,美的集团,微波炉蒸烤箱,美的集团股份有限公司,2025300149532,CN309489664S,07-02(15),外观设计,专利权转移,2025-09-12,,False,电子电气
000333.SZ,美的集团,空调机,美的集团股份有限公司,2021110016307,CN114623508B,F24F1/0063(2019.01);F24F1/0068(2019.01);F24F11/84(2018.01);F24F13/30(2006.01);F25B41/26(2021.01);F25B41/31(2021.01),授权发明,专利权转移,2025-09-23,,False,电子电气
000333.SZ,美的集团,洗衣机,美的集团股份有限公司,2021107825895,CN114438728B,D06F34/08(2020.01);D06F103/44(2020.01);D06F103/46(2020.01);D06F105/46(2020.01),授权发明,专利权转移,2025-09-26,,False,电子电气
000333.SZ,美的集团,衣物处理装置,美的集团股份有限公司,2021104442078,CN113802338B,D06F39/02(2006.01),授权发明,专利权转移,2025-10-03,,False,电子电气
000333.SZ,美的集团,冰箱用箱内容器,美的集团股份有限公司,2025300760742,CN309560182S,15-07(15),外观设计,专利权转移,2025-10-24,,False,电子电气
000333.SZ,美的集团,冰箱门体,美的集团股份有限公司,2025300760808,CN309560183S,15-07(15),外观设计,专利权转移,2025-10-24,,False,电子电气
000333.SZ,美的集团,电饭煲,美的集团股份有限公司,2025300760846,CN309557782S,07-02(15),外观设计,专利权转移,2025-10-24,,False,电子电气
000333.SZ,美的集团,循环器,美的集团股份有限公司,2025300760901,CN309560976S,23-04(15),外观设计,专利权转移,2025-10-24,,False,电子电气
000333.SZ,美的集团,微波炉蒸烤箱,美的集团股份有限公司,2025300820300,CN309557784S,07-02(15),外观设计,专利权转移,2025-10-24,,False,电子电气
000333.SZ,美的集团,洗衣机,美的集团股份有限公司,2021104002237,CN113818192B,D06F33/36(2020.01);D06F103/20(2020.01),授权发明,专利权转移,2025-10-28,,False,电子电气
000333.SZ,美的集团,洗衣机,美的集团股份有限公司,2021112075155,CN114687149B,D06F39/02(2006.01);D06F33/32(2020.01),授权发明,专利权转移,2025-10-28,,False,电子电气
000333.SZ,美的集团,冰箱,美的集团股份有限公司,2022100402822,CN115031467B,F25D11/02(2006.01);F25D17/06(2006.01);F25D23/02(2006.01);F25D23/06(2006.01);F25D29/00(2006.01),授权发明,专利权转移,2025-10-28,,False,电子电气
000333.SZ,美的集团,电动吸尘器,美的集团股份有限公司,2020102841717,CN111839352B,A47L9/28(2006.01),授权发明,专利权转移,2025-10-31,,False,电子电气
000333.SZ,美的集团,电动吸尘器,美的集团股份有限公司,2020114907908,CN113349672B,A47L5/24(2006.01);A47L9/06(2006.01);A47L9/00(2006.01);A47L9/24(2006.01);A47L9/32(2006.01),授权发明,专利权转移,2025-11-11,,False,电子电气
000333.SZ,美的集团,悬挂系统、轮组装置和载具,"美的集团股份有限公司,库卡机器人自动化(广东)股份有限公司,库卡机器人（广东）有限公司",2024232256504,CN223618539U,B60G13/14(2006.01),实用新型,专利权转移,2025-12-02,,False,电子电气
000333.SZ,美的集团,气体分配装置、燃烧器、热水器及热水器的控制方法,"芜湖美的厨卫电器制造有限公司,美的集团股份有限公司",2021104340869,CN115234914B,F23D14/46(2006.01);F23D14/58(2006.01);F23D14/66(2006.01);F23D14/64(2006.01);F23D14/02(2006.01);F24H9/1836(2022.01);F24H9/20(2022.01);F24H15/36(2022.01);F24H15/421(2022.01),授权发明,授权,2025-12-26,,False,电子电气
000333.SZ,美的集团,电控装置和制冷设备,"合肥美的暖通设备有限公司,重庆美的通用制冷设备有限公司,美的集团股份有限公司",2023107736369,CN116669394B,H05K7/20(2006.01),授权发明,授权,2025-12-26,,False,电子电气
000333.SZ,美的集团,一种出风组件及热泵热水机,"广东美的制冷设备有限公司,美的集团股份有限公司",2023107923670,CN116839221B,F24H9/00(2022.01);F24H4/02(2022.01),授权发明,授权,2025-12-26,,False,电子电气
000333.SZ,美的集团,储物柜的杀菌控制方法、储物柜的杀菌控制装置和储物柜,"合肥华凌股份有限公司,合肥美的电冰箱有限公司,美的集团股份有限公司",2023108253233,CN119268225B,F25D17/04(2006.01);F25D29/00(2006.01);A61L2/08(2006.01);A61L2/10(2006.01);A61L2/24(2006.01);A61L2/26(2006.01);A61L9/20(2006.01);A23L5/20(2016.01);A23L5/30(2016.01);A23P30/00(2016.01),授权发明,授权,2025-12-26,,False,电子电气
000333.SZ,美的集团,制冷设备的催化剂组件的控制方法及其控制装置,"合肥华凌股份有限公司,合肥美的电冰箱有限公司,美的集团股份有限公司",2023109645453,CN119436714B,F25D29/00(2006.01);B01D53/88(2006.01);B01D53/86(2006.01);B01D53/76(2006.01),授权发明,授权,2025-12-26,,False,电子电气
000333.SZ,美的集团,制冷设备,"合肥华凌股份有限公司,合肥美的电冰箱有限公司,美的集团股份有限公司",2023110847225,CN119509108B,F25D11/02(2006.01);B01D29/00(2006.01);F25D23/12(2006.01);F25D23/00(2006.01);F25C1/00(2006.01);F25C5/182(2018.01),授权发明,授权,2025-12-26,,False,电子电气
000333.SZ,美的集团,调节机构和冰箱,"合肥华凌股份有限公司,合肥美的电冰箱有限公司,美的集团股份有限公司",2023112626477,CN119713684B,F25D11/00(2006.01);F25D23/00(2006.01),授权发明,授权,2025-12-26,,False,电子电气
000333.SZ,美的集团,空气净化装置、控制方法、空气净化设备及控制装置,"广东美的制冷设备有限公司,美的集团股份有限公司",2023112758828,CN119713477B,F24F8/192(2021.01);F24F8/30(2021.01);F24F11/64(2018.01);F24F11/72(2018.01);F24F13/32(2006.01);F24F110/20(2018.01);F24F110/65(2018.01);F24F110/64(2018.01),授权发明,授权,2025-12-26,,False,电子电气
000333.SZ,美的集团,制冷设备,"合肥华凌股份有限公司,合肥美的电冰箱有限公司,美的集团股份有限公司",2023112760813,CN119737717B,F25D11/00(2006.01);F25D23/00(2006.01);F25D23/02(2006.01),授权发明,授权,2025-12-26,,False,电子电气
000333.SZ,美的集团,门体组件和制冷设备,"合肥华凌股份有限公司,合肥美的电冰箱有限公司,美的集团股份有限公司",2024111843508,CN119665544B,F25D23/02(2006.01);F25D23/10(2006.01),授权发明,授权,2025-12-26,,False,电子电气
000333.SZ,美的集团,嵌入式制冷设备的门体组件及嵌入式制冷设备,"合肥华凌股份有限公司,合肥美的电冰箱有限公司,美的集团股份有限公司",2024111869103,CN119665547B,F25D23/02(2006.01);F25D29/00(2006.01),授权发明,授权,2025-12-26,,False,电子电气
000333.SZ,美的集团,嵌入式制冷设备的门体组件及嵌入式制冷设备,"合肥华凌股份有限公司,合肥美的电冰箱有限公司,美的集团股份有限公司",2024111870596,CN119665550B,F25D23/02(2006.01),授权发明,授权,2025-12-26,,False,电子电气
000333.SZ,美的集团,嵌入式制冷设备的门体组件的控制方法、电子设备、存储介质及程序产品,"合肥华凌股份有限公司,合肥美的电冰箱有限公司,美的集团股份有限公司",2024111873128,CN119665573B,F25D29/00(2006.01);F25D23/02(2006.01);F25D23/10(2006.01),授权发明,授权,2025-12-26,,False,电子电气
000333.SZ,美的集团,嵌入式制冷设备的门体组件及嵌入式制冷设备,"合肥华凌股份有限公司,合肥美的电冰箱有限公司,美的集团股份有限公司",2024111874050,CN119665554B,F25D23/02(2006.01),授权发明,授权,2025-12-26,,False,电子电气
000333.SZ,美的集团,嵌入式制冷设备的门体组件及嵌入式制冷设备,"合肥华凌股份有限公司,合肥美的电冰箱有限公司,美的集团股份有限公司",202411187414X,CN119665555B,F25D23/02(2006.01),授权发明,授权,2025-12-26,,False,电子电气
000333.SZ,美的集团,嵌入式制冷设备的门体组件及嵌入式制冷设备,"合肥华凌股份有限公司,合肥美的电冰箱有限公司,美的集团股份有限公司",2024111874192,CN119665556B,F25D23/02(2006.01),授权发明,授权,2025-12-26,,False,电子电气
000333.SZ,美的集团,嵌入式制冷设备的门体组件及嵌入式制冷设备,"合肥华凌股份有限公司,合肥美的电冰箱有限公司,美的集团股份有限公司",2024111874296,CN119665557B,F25D23/02(2006.01),授权发明,授权,2025-12-26,,False,电子电气
000333.SZ,美的集团,烹饪设备,"美的集团股份有限公司,邯郸美的智能厨电制造有限公司",2024228962815,CN223715567U,A47J36/38(2006.01);A47J36/00(2006.01);A47J37/06(2006.01);A47J27/04(2006.01),实用新型,授权,2025-12-26,,False,电子电气
000333.SZ,美的集团,车载冰箱及运输载具,"合肥华凌股份有限公司,合肥美的电冰箱有限公司,美的集团股份有限公司",202423008867X,CN223726662U,F25D11/00(2006.01);F25D23/00(2006.01);F25D17/06(2006.01);F25D23/10(2006.01);B60N3/10(2006.01),实用新型,授权,2025-12-26,,False,电子电气
000333.SZ,美的集团,清洁组件和油烟机,"美的集团股份有限公司,邯郸美的智能厨电制造有限公司",2024231542195,CN223726435U,F24C15/20(2006.01),实用新型,授权,2025-12-26,,False,电子电气
000333.SZ,美的集团,洗碗机的开门机构和洗碗机,"佛山市顺德区美的洗涤电器制造有限公司,美的集团股份有限公司",2024232172443,CN223715677U,A47L15/42(2006.01);A47L15/00(2006.01);A47L15/48(2006.01),实用新型,授权,2025-12-26,,False,电子电气
000333.SZ,美的集团,洗碗机,"佛山市顺德区美的洗涤电器制造有限公司,美的集团股份有限公司",2024232749446,CN223715675U,A47L15/14(2006.01);A47L15/42(2006.01);A47L15/46(2006.01);A47L15/50(2006.01),实用新型,授权,2025-12-26,,False,电子电气
000333.SZ,美的集团,洗涤设备及其气泡发生装置,"佛山市顺德区美的洗涤电器制造有限公司,美的集团股份有限公司",2024233236033,CN223715676U,A47L15/14(2006.01);A47L15/42(2006.01);B01F23/2373(2022.01),实用新型,授权,2025-12-26,,False,电子电气
000333.SZ,美的集团,洗涤设备及其进水装置,"佛山市顺德区美的洗涤电器制造有限公司,美的集团股份有限公司",2024233237093,CN223715672U,A47L15/00(2006.01);A47L15/42(2006.01),实用新型,授权,2025-12-26,,False,电子电气
000333.SZ,美的集团,洗涤设备及其呼吸器,"佛山市顺德区美的洗涤电器制造有限公司,美的集团股份有限公司",2024233237233,CN223715673U,A47L15/00(2006.01);A47L15/42(2006.01),实用新型,授权,2025-12-26,,False,电子电气
000333.SZ,美的集团,气泡发生装置和洗涤设备,"佛山市顺德区美的洗涤电器制造有限公司,美的集团股份有限公司",2024233237337,CN223716853U,B01F23/232(2022.01);B01F25/312(2022.01);B01F25/421(2022.01);A47L15/42(2006.01),实用新型,授权,2025-12-26,,False,电子电气
000333.SZ,美的集团,气泡发生装置和洗涤设备,"佛山市顺德区美的洗涤电器制造有限公司,美的集团股份有限公司",2024233237430,CN223716854U,B01F23/232(2022.01);B01F25/312(2022.01);B01F25/421(2022.01);A47L15/42(2006.01),实用新型,授权,2025-12-26,,False,电子电气
000333.SZ,美的集团,分体式空调器及其负载补偿装置,"广东美的制冷设备有限公司,美的集团股份有限公司",2025200114612,CN223729455U,H02J3/14(2006.01);F24F1/0003(2019.01);F24F11/88(2018.01);F24F11/64(2018.01);G01R31/42(2006.01),实用新型,授权,2025-12-26,,False,电子电气
000333.SZ,美的集团,储液装置以及供液系统,"佛山市美的清湖净水设备有限公司,美的集团股份有限公司",2025202097113,CN223721667U,B65D81/38(2006.01);B65D81/26(2006.01);B65D47/00(2006.01);B65D6/10(2006.01),实用新型,授权,2025-12-26,,False,电子电气
000333.SZ,美的集团,喷臂,"佛山市顺德区美的洗涤电器制造有限公司,美的集团股份有限公司",2025302641589,CN309703327S,15-05(15),外观设计,授权,2025-12-26,,False,电子电气
000333.SZ,美的集团,空调室内机及空调器,"广东美的制冷设备有限公司,美的集团股份有限公司",2019112187539,CN112880012B,F24F1/0011(2019.01);F24F13/14(2006.01);F24F13/20(2006.01);F24F13/22(2006.01),授权发明,授权,2025-12-30,,False,电子电气
000333.SZ,美的集团,立式吸尘器,"江苏美的清洁电器股份有限公司,美的集团股份有限公司",2019112939564,CN112971592B,A47L5/36(2006.01);A47L9/00(2006.01);A47L9/24(2006.01),授权发明,授权,2025-12-30,,False,电子电气
000333.SZ,美的集团,清灰机构、集尘站和吸尘器,"江苏美的清洁电器股份有限公司,美的集团股份有限公司",2020106049765,CN113925386B,A47L9/00(2006.01),授权发明,授权,2025-12-30,,False,电子电气
000333.SZ,美的集团,门锁装置及烹饪器具,"广东美的厨房电器制造有限公司,美的集团股份有限公司",2021108657897,CN115680388B,E05B65/00(2006.01);E05B15/00(2006.01);E05F5/02(2006.01);E05C19/10(2006.01),授权发明,授权,2025-12-30,,False,电子电气
000333.SZ,美的集团,转子结构、电机和压缩机,"重庆美的通用制冷设备有限公司,广东美的暖通设备有限公司,美的集团股份有限公司",202210912551X,CN115296457B,H02K1/2733(2022.01);H02K7/14(2006.01);H02K7/00(2006.01);F04D25/06(2006.01);F04D25/16(2006.01),授权发明,授权,2025-12-30,,False,电子电气
000333.SZ,美的集团,空调器控制方法、装置、多联机空调器及存储介质,"广东美的制冷设备有限公司,美的集团股份有限公司",2023109550472,CN116878123B,F24F11/64(2018.01);F24F11/86(2018.01);F24F11/871(2018.01);F24F11/83(2018.01);F24F11/84(2018.01);F24F110/10(2018.01);F24F110/20(2018.01),授权发明,授权,2025-12-30,,False,电子电气
000333.SZ,美的集团,前置过滤器和用水系统,"佛山市顺德区美的饮水机制造有限公司,美的集团股份有限公司",2024116583564,CN119455495B,B01D29/66(2006.01);B01D29/68(2006.01);B01D35/30(2006.01);B01D35/28(2006.01),授权发明,授权,2025-12-30,,False,电子电气
000333.SZ,美的集团,空调器,"广东美的制冷设备有限公司,美的集团股份有限公司",2024226374005,CN223740889U,F24F1/0025(2019.01);F24F1/005(2019.01);F24F1/0063(2019.01);F24F13/06(2006.01);F24F13/20(2006.01),实用新型,授权,2025-12-30,,False,电子电气
000333.SZ,美的集团,空调器,"广东美的制冷设备有限公司,美的集团股份有限公司",2024226374147,CN223740891U,F24F1/005(2019.01);F24F13/20(2006.01),实用新型,授权,2025-12-30,,False,电子电气
000333.SZ,美的集团,空调器,"广东美的制冷设备有限公司,美的集团股份有限公司",2024226374630,CN223740886U,F24F1/0011(2019.01);F24F1/0025(2019.01);F24F1/0063(2019.01);F24F13/02(2006.01);F24F13/12(2006.01),实用新型,授权,2025-12-30,,False,电子电气
000333.SZ,美的集团,一种风道结构及制冷设备,"合肥华凌股份有限公司,合肥美的电冰箱有限公司,美的集团股份有限公司",2024226471077,CN223741062U,F25D11/00(2006.01);F25D17/06(2006.01);F25D23/00(2006.01);F25D23/06(2006.01),实用新型,授权,2025-12-30,,False,电子电气
000333.SZ,美的集团,一种制冷设备,"合肥华凌股份有限公司,合肥美的电冰箱有限公司,美的集团股份有限公司",2024226474041,CN223741063U,F25D11/00(2006.01);F25D17/06(2006.01);F25D23/00(2006.01);F25D23/06(2006.01),实用新型,授权,2025-12-30,,False,电子电气
000333.SZ,美的集团,一种压铆模具的内定位装置和压铆模具,"广东美的厨房电器制造有限公司,美的集团股份有限公司",2024232205678,CN223733685U,B21D39/02(2006.01);B21D43/00(2006.01);B21D55/00(2006.01),实用新型,授权,2025-12-30,,False,电子电气
000333.SZ,美的集团,一种离合器、自动开门装置以及冰箱,"合肥华凌股份有限公司,合肥美的电冰箱有限公司,美的集团股份有限公司",2024233195688,CN223739909U,F16D15/00(2006.01);E05F15/60(2015.01);F25D23/02(2006.01),实用新型,授权,2025-12-30,,False,电子电气
000333.SZ,美的集团,冰箱的把手,"合肥华凌股份有限公司,合肥美的电冰箱有限公司,美的集团股份有限公司",202430831926X,CN309710394S,15-07(15);08-06(15),外观设计,授权,2025-12-30,,False,电子电气
000333.SZ,美的集团,饮水设备及其控制方法与装置、存储介质,"佛山市顺德区美的饮水机制造有限公司,美的集团股份有限公司",2025102415977,CN119867533B,A47J31/52(2006.01);A47J31/44(2006.01);A47J31/00(2006.01);C02F1/00(2023.01);C02F1/44(2023.01);C02F103/04(2006.01),授权发明,授权,2025-12-30,,False,电子电气
000333.SZ,美的集团,冰箱门体及冰箱,"合肥华凌股份有限公司,合肥美的电冰箱有限公司,美的集团股份有限公司",2025201635087,CN223741088U,F25D23/02(2006.01);F25D21/04(2006.01),实用新型,授权,2025-12-30,,False,电子电气
000333.SZ,美的集团,地刷及具有其的吸尘器,"江苏美的清洁电器股份有限公司,美的集团股份有限公司",2019114184431,CN113116217B,A47L9/04(2006.01);A47L9/00(2006.01);A47L5/12(2006.01),授权发明,授权,2026-01-02,,False,电子电气
000333.SZ,美的集团,清洁设备及其控制方法和装置、电子设备和存储介质,"江苏美的清洁电器股份有限公司,美的集团股份有限公司",2020113121705,CN112568824B,A47L11/282(2006.01);A47L11/40(2006.01);A61L2/03(2006.01),授权发明,授权,2026-01-02,,False,电子电气
000333.SZ,美的集团,一种弱磁方法、装置、电子设备及存储介质,"美的集团股份有限公司,广东美的白色家电技术创新中心有限公司",2020115986856,CN114696694B,H02P21/00(2016.01);H02P21/22(2016.01),授权发明,授权,2026-01-02,,False,电子电气
000333.SZ,美的集团,燃气灶关火控制方法、装置及燃气灶,"佛山市顺德区美的洗涤电器制造有限公司,美的集团股份有限公司",2021110276111,CN115727357B,F24C3/12(2006.01),授权发明,授权,2026-01-02,,False,电子电气
000333.SZ,美的集团,清洁装置的清洁回收容器及具有其的清洁装置,"江苏美的清洁电器股份有限公司,美的集团股份有限公司",2021114236378,CN114617498B,A47L11/40(2006.01);A47L11/28(2006.01),授权发明,授权,2026-01-02,,False,电子电气
000333.SZ,美的集团,家电设备的配置方法、电子装置及存储介质,"广东美的制冷设备有限公司,美的集团股份有限公司",202111589596X,CN116346520B,H04L12/28(2006.01);H04L12/12(2006.01);G05B15/02(2006.01);G05B19/418(2006.01),授权发明,授权,2026-01-02,,False,电子电气
000333.SZ,美的集团,传动机构及储物设备,"合肥华凌股份有限公司,合肥美的电冰箱有限公司,美的集团股份有限公司",2021116394713,CN116406901B,A47B88/40(2017.01),授权发明,授权,2026-01-02,,False,电子电气
000333.SZ,美的集团,机器人的头部、机器人的头部组件及机器人,"美的集团股份有限公司,美的集团（上海）有限公司",2022102385817,CN116766218B,B25J11/00(2006.01);B25J19/00(2006.01);H04N9/31(2006.01),授权发明,授权,2026-01-02,,False,电子电气
000333.SZ,美的集团,冷水机组及其控制方法和装置、空调器及可读存储介质,"重庆美的通用制冷设备有限公司,美的集团股份有限公司",2022103774437,CN116951595B,F24F5/00(2006.01);F24F11/30(2018.01);F24F11/61(2018.01);F24F11/64(2018.01);F24F11/65(2018.01);F24F11/84(2018.01);F24F11/88(2018.01);F24F13/30(2006.01);F24F140/20(2018.01),授权发明,授权,2026-01-02,,False,电子电气
000333.SZ,美的集团,生命体征监测方法及装置,"美的集团股份有限公司,美的集团（上海）有限公司",2022104126319,CN114903469B,A61B5/11(2006.01);A61B5/113(2006.01);A61B5/0205(2006.01);A61B5/0507(2021.01);A61B5/00(2006.01),授权发明,授权,2026-01-02,,False,电子电气
000333.SZ,美的集团,视觉SLAM方法、电子设备、存储介质及产品,"美的集团股份有限公司,美的集团（上海）有限公司",2022105303185,CN114972491B,G06T7/73(2011.01),授权发明,授权,2026-01-02,,False,电子电气
000333.SZ,美的集团,一种谐振控制电路和加热装置,"广东美的制冷设备有限公司,美的集团股份有限公司,广东美的白色家电技术创新中心有限公司",2022109891699,CN115360913B,H02M3/156(2006.01);H02M1/00(2007.01);H02M1/08(2006.01);H05B6/06(2006.01),授权发明,授权,2026-01-02,,False,电子电气
000333.SZ,美的集团,敏感信息安全获取方法、系统、装置及电子设备,"广东美的制冷设备有限公司,美的集团股份有限公司",2022116795770,CN116015647B,H04L9/08(2006.01);H04L9/40(2022.01),授权发明,授权,2026-01-02,,False,电子电气
000333.SZ,美的集团,导向穿管装置,"广东美的制冷设备有限公司,美的集团股份有限公司",2023105563929,CN118989887B,B23P19/00(2006.01),授权发明,授权,2026-01-02,,False,电子电气
000333.SZ,美的集团,制冰机,"佛山市顺德区美的饮水机制造有限公司,美的集团股份有限公司",2024229467444,CN223755621U,F25C1/00(2006.01);F25C5/00(2018.01),实用新型,授权,2026-01-02,,False,电子电气
000333.SZ,美的集团,饮水设备,"佛山市顺德区美的饮水机制造有限公司,美的集团股份有限公司",2024229518588,CN223746195U,A47J31/00(2006.01);A47J31/44(2006.01);A47J31/46(2006.01),实用新型,授权,2026-01-02,,False,电子电气
000333.SZ,美的集团,固定支架及燃烧器,"美的集团股份有限公司,邯郸美的智能厨电制造有限公司",202423105860X,CN223755404U,F24C3/08(2006.01);F24C15/08(2006.01);F23D14/00(2006.01);F23D14/46(2006.01),实用新型,授权,2026-01-02,,False,电子电气
000333.SZ,美的集团,固定支架及燃烧器,"美的集团股份有限公司,邯郸美的智能厨电制造有限公司",2024231066517,CN223755405U,F24C3/08(2006.01);F24C15/08(2006.01),实用新型,授权,2026-01-02,,False,电子电气
000333.SZ,美的集团,点火针组件及燃烧器,"美的集团股份有限公司,邯郸美的智能厨电制造有限公司",2024231067312,CN223755407U,F24C3/10(2006.01);F24C3/08(2006.01),实用新型,授权,2026-01-02,,False,电子电气
000333.SZ,美的集团,一种灶具支架和燃烧装置,"美的集团股份有限公司,邯郸美的智能厨电制造有限公司",2024231196690,CN223755419U,F24C15/08(2006.01);F24C15/10(2006.01);F24C3/08(2006.01);F24C3/12(2006.01);F24C3/10(2006.01),实用新型,授权,2026-01-02,,False,电子电气
000333.SZ,美的集团,门组件和制冷设备,"合肥华凌股份有限公司,合肥美的电冰箱有限公司,美的集团股份有限公司",2024231768632,CN223755664U,F25D23/02(2006.01);F25D11/00(2006.01),实用新型,授权,2026-01-02,,False,电子电气
000333.SZ,美的集团,地刷组件及清洁设备,"江苏美的清洁电器股份有限公司,美的集团股份有限公司",2024233241027,CN223746283U,A47L11/292(2006.01);A47L11/40(2006.01),实用新型,授权,2026-01-02,,False,电子电气
000333.SZ,美的集团,冷储设备,"合肥华凌股份有限公司,合肥美的电冰箱有限公司,美的集团股份有限公司,西安交通大学",2025200524000,CN223755638U,F25D11/00(2006.01);F25D21/04(2006.01);F25D25/02(2006.01),实用新型,授权,2026-01-02,,False,电子电气
000333.SZ,美的集团,冷储设备,"合肥华凌股份有限公司,合肥美的电冰箱有限公司,美的集团股份有限公司,西安交通大学",202520052811X,CN223755639U,F25D11/00(2006.01);F25D21/08(2006.01);F25D25/02(2006.01),实用新型,授权,2026-01-02,,False,电子电气
000333.SZ,美的集团,冷储设备,"合肥华凌股份有限公司,合肥美的电冰箱有限公司,美的集团股份有限公司,西安交通大学",2025200528270,CN223755640U,F25D11/00(2006.01);F25D21/08(2006.01);F25D25/02(2006.01),实用新型,授权,2026-01-02,,False,电子电气
000333.SZ,美的集团,冷储设备,"合肥华凌股份有限公司,合肥美的电冰箱有限公司,美的集团股份有限公司,西安交通大学",2025200528444,CN223755641U,F25D11/00(2006.01);F25D21/08(2006.01);F25D25/02(2006.01),实用新型,授权,2026-01-02,,False,电子电气
000333.SZ,美的集团,冷储设备,"合肥华凌股份有限公司,合肥美的电冰箱有限公司,美的集团股份有限公司,西安交通大学",2025200529023,CN223755642U,F25D11/00(2006.01);F25D21/08(2006.01);F25D25/02(2006.01),实用新型,授权,2026-01-02,,False,电子电气
000333.SZ,美的集团,开关门机构及箱体组件,"合肥华凌股份有限公司,合肥美的电冰箱有限公司,美的集团股份有限公司",2025200529254,CN223753908U,E05F15/611(2015.01);E05D11/00(2006.01),实用新型,授权,2026-01-02,,False,电子电气
000333.SZ,美的集团,开关门机构及箱体组件,"合肥华凌股份有限公司,合肥美的电冰箱有限公司,美的集团股份有限公司",202520052956X,CN223753909U,E05F15/611(2015.01);E05D11/00(2006.01),实用新型,授权,2026-01-02,,False,电子电气
000333.SZ,美的集团,开关门机构及箱体组件,"合肥华凌股份有限公司,合肥美的电冰箱有限公司,美的集团股份有限公司",2025200529729,CN223753910U,E05F15/611(2015.01);E05D11/00(2006.01),实用新型,授权,2026-01-02,,False,电子电气
000333.SZ,美的集团,门体储物装置以及制冷设备,"合肥华凌股份有限公司,合肥美的电冰箱有限公司,美的集团股份有限公司",2025200759006,CN223755669U,F25D23/04(2006.01);F25D11/00(2006.01),实用新型,授权,2026-01-02,,False,电子电气
000333.SZ,美的集团,一种多联机,"广东美的制冷设备有限公司,美的集团股份有限公司",2025200976510,CN223755526U,F24F3/06(2006.01);F24F3/14(2006.01);F24F5/00(2006.01);F25D23/12(2006.01),实用新型,授权,2026-01-02,,False,电子电气
000333.SZ,美的集团,盖板装置及冰箱,"合肥华凌股份有限公司,合肥美的电冰箱有限公司,美的集团股份有限公司",2025201346015,CN223755667U,F25D23/02(2006.01);F25D11/00(2006.01),实用新型,授权,2026-01-02,,False,电子电气
000333.SZ,美的集团,盖板装置及冰箱,"合肥华凌股份有限公司,合肥美的电冰箱有限公司,美的集团股份有限公司",2025201346142,CN223755668U,F25D23/02(2006.01);F25D11/00(2006.01),实用新型,授权,2026-01-02,,False,电子电气
000333.SZ,美的集团,一种换热器、空调外机和空调器,"广东美的制冷设备有限公司,美的集团股份有限公司",2025201738454,CN223755521U,F24F1/18(2011.01);F24F1/16(2011.01);F24F1/26(2011.01);F25B39/00(2006.01);F25B47/00(2006.01);F24F1/22(2011.01);F24F1/48(2011.01);F24F11/42(2018.01),实用新型,授权,2026-01-02,,False,电子电气
000333.SZ,美的集团,冰箱及车辆,"合肥华凌股份有限公司,合肥美的电冰箱有限公司,美的集团股份有限公司",2025201758496,CN223755645U,F25D11/00(2006.01);F25D23/00(2006.01);F25D23/02(2006.01);F25D27/00(2006.01);B60N3/10(2006.01),实用新型,授权,2026-01-02,,False,电子电气
000333.SZ,美的集团,轴流风轮、轴流风机、暖通设备室外机及暖通设备,"广东美的暖通设备有限公司,美的集团股份有限公司",2025202629562,CN223754312U,F04D29/32(2006.01);F04D29/38(2006.01);F04D29/66(2006.01);F04D29/54(2006.01);F04D29/52(2006.01);F04D19/00(2006.01);F04D25/08(2006.01),实用新型,授权,2026-01-02,,False,电子电气
000333.SZ,美的集团,分流器及净饮系统,"佛山市顺德区美的饮水机制造有限公司,美的集团股份有限公司",2025202778213,CN223754689U,F16K11/02(2006.01);B01D29/56(2006.01);B01D35/04(2006.01);F16K27/00(2006.01);F16K39/00(2006.01);F16K47/02(2006.01),实用新型,授权,2026-01-02,,False,电子电气
000333.SZ,美的集团,分流器及净饮系统,"佛山市顺德区美的饮水机制造有限公司,美的集团股份有限公司",2025202778247,CN223754690U,F16K11/02(2006.01);F16K27/00(2006.01);F16K39/00(2006.01);F16K47/02(2006.01);B01D35/04(2006.01),实用新型,授权,2026-01-02,,False,电子电气
000333.SZ,美的集团,单向导流件、分流器及净饮系统,"佛山市顺德区美的饮水机制造有限公司,美的集团股份有限公司",2025202781377,CN223754691U,F16K11/02(2006.01);F16K27/00(2006.01);F16K39/00(2006.01);F16K47/02(2006.01);B01D35/04(2006.01),实用新型,授权,2026-01-02,,False,电子电气
000333.SZ,美的集团,分流器及净饮系统,"佛山市顺德区美的饮水机制造有限公司,美的集团股份有限公司",2025202784286,CN223754692U,F16K11/02(2006.01);B01D35/04(2006.01);F16K27/00(2006.01);F16K39/00(2006.01);F16K47/02(2006.01),实用新型,授权,2026-01-02,,False,电子电气
000333.SZ,美的集团,分流器及净饮系统,"佛山市顺德区美的饮水机制造有限公司,美的集团股份有限公司",2025202789241,CN223754693U,F16K11/02(2006.01);F16K27/00(2006.01);F16K39/00(2006.01);F16K47/02(2006.01);B01D35/04(2006.01),实用新型,授权,2026-01-02,,False,电子电气
000333.SZ,美的集团,分流组件、分流器及净饮系统,"佛山市顺德区美的饮水机制造有限公司,美的集团股份有限公司",202520278942X,CN223754694U,F16K11/02(2006.01);F16K27/00(2006.01);F16K39/00(2006.01);F16K47/02(2006.01);B01D35/04(2006.01),实用新型,授权,2026-01-02,,False,电子电气
000333.SZ,美的集团,分流器及净饮系统,"佛山市顺德区美的饮水机制造有限公司,美的集团股份有限公司",2025202789561,CN223754695U,F16K11/02(2006.01);F16K27/00(2006.01);F16K39/00(2006.01);F16K47/02(2006.01);B01D35/04(2006.01),实用新型,授权,2026-01-02,,False,电子电气
000333.SZ,美的集团,设有呼吸孔的分流器及净饮系统,"佛山市顺德区美的饮水机制造有限公司,美的集团股份有限公司",202520278967X,CN223754696U,F16K11/02(2006.01);F16K27/00(2006.01);F16K39/00(2006.01);F16K47/02(2006.01);B01D35/04(2006.01),实用新型,授权,2026-01-02,,False,电子电气
000333.SZ,美的集团,分流器及净饮系统,"佛山市顺德区美的饮水机制造有限公司,美的集团股份有限公司",2025202793798,CN223754697U,F16K11/02(2006.01);F16K27/00(2006.01);F16K39/00(2006.01);F16K47/02(2006.01);B01D35/04(2006.01),实用新型,授权,2026-01-02,,False,电子电气
000333.SZ,美的集团,分流器及净饮系统,"佛山市顺德区美的饮水机制造有限公司,美的集团股份有限公司",2025202798448,CN223754698U,F16K11/02(2006.01);F16K27/00(2006.01);F16K39/00(2006.01);F16K47/02(2006.01);B01D35/04(2006.01),实用新型,授权,2026-01-02,,False,电子电气
000333.SZ,美的集团,分流器及净饮系统,"佛山市顺德区美的饮水机制造有限公司,美的集团股份有限公司",2025202798772,CN223754699U,F16K11/02(2006.01);F16K27/00(2006.01);F16K39/00(2006.01);F16K47/02(2006.01);B01D35/04(2006.01),实用新型,授权,2026-01-02,,False,电子电气
000333.SZ,美的集团,分流器及净饮系统,"佛山市顺德区美的饮水机制造有限公司,美的集团股份有限公司",2025202799544,CN223754700U,F16K11/02(2006.01);F16K27/00(2006.01);F16K39/00(2006.01);F16K47/02(2006.01);B01D35/04(2006.01),实用新型,授权,2026-01-02,,False,电子电气
000333.SZ,美的集团,分流器及净饮系统,"佛山市顺德区美的饮水机制造有限公司,美的集团股份有限公司",2025202801900,CN223754701U,F16K11/02(2006.01);F16K27/00(2006.01);F16K39/00(2006.01);F16K47/02(2006.01);B01D35/04(2006.01),实用新型,授权,2026-01-02,,False,电子电气
000333.SZ,美的集团,分流器及净饮系统,"佛山市顺德区美的饮水机制造有限公司,美的集团股份有限公司",2025202802053,CN223754702U,F16K11/02(2006.01);F16K27/00(2006.01);F16K39/00(2006.01);F16K47/02(2006.01);B01D35/04(2006.01),实用新型,授权,2026-01-02,,False,电子电气
000333.SZ,美的集团,分流器及净饮系统,"佛山市顺德区美的饮水机制造有限公司,美的集团股份有限公司",2025202807682,CN223754703U,F16K11/02(2006.01);F16K27/00(2006.01);F16K39/00(2006.01);F16K47/02(2006.01);B01D35/04(2006.01),实用新型,授权,2026-01-02,,False,电子电气
000333.SZ,美的集团,分流组件、分流器及净饮系统,"佛山市顺德区美的饮水机制造有限公司,美的集团股份有限公司",2025202818282,CN223754704U,F16K11/02(2006.01);F16K27/00(2006.01);F16K39/00(2006.01);F16K47/02(2006.01);B01D35/04(2006.01),实用新型,授权,2026-01-02,,False,电子电气
000333.SZ,美的集团,分流器及净饮系统,"佛山市顺德区美的饮水机制造有限公司,美的集团股份有限公司",2025202818846,CN223754705U,F16K11/02(2006.01);F16K27/00(2006.01);F16K39/00(2006.01);F16K47/02(2006.01);B01D35/04(2006.01),实用新型,授权,2026-01-02,,False,电子电气
000333.SZ,美的集团,分流器及净饮系统,"佛山市顺德区美的饮水机制造有限公司,美的集团股份有限公司",2025202829041,CN223754706U,F16K11/02(2006.01);F16K27/00(2006.01);F16K39/00(2006.01);F16K47/02(2006.01);B01D35/04(2006.01),实用新型,授权,2026-01-02,,False,电子电气
000333.SZ,美的集团,分流器及净饮系统,"佛山市顺德区美的饮水机制造有限公司,美的集团股份有限公司",2025202829516,CN223754707U,F16K11/02(2006.01);F16K27/00(2006.01);F16K39/00(2006.01);F16K47/02(2006.01);B01D35/04(2006.01),实用新型,授权,2026-01-02,,False,电子电气
000333.SZ,美的集团,分流器及净饮系统,"佛山市顺德区美的饮水机制造有限公司,美的集团股份有限公司",2025202829643,CN223754708U,F16K11/02(2006.01);F16K27/00(2006.01);F16K39/00(2006.01);F16K47/02(2006.01);B01D35/04(2006.01),实用新型,授权,2026-01-02,,False,电子电气
000333.SZ,美的集团,一种外机和多联机系统,"广东美的制冷设备有限公司,美的集团股份有限公司",2025202947298,CN223755589U,F24H9/00(2022.01);F24H9/20(2022.01);F24F5/00(2006.01);F24F3/06(2006.01),实用新型,授权,2026-01-02,,False,电子电气
000333.SZ,美的集团,一种软水阀、软水系统及净饮水机,"佛山市顺德区美的饮水机制造有限公司,美的集团股份有限公司",2025202990813,CN223754711U,F16K11/074(2006.01);A47J31/46(2006.01);C02F9/20(2023.01),实用新型,授权,2026-01-02,,False,电子电气
000333.SZ,美的集团,接头管组件以及净饮水机,"佛山市顺德区美的饮水机制造有限公司,美的集团股份有限公司",2025203019253,CN223754843U,F16L3/22(2006.01);F16L39/00(2006.01);A47J31/46(2006.01),实用新型,授权,2026-01-02,,False,电子电气
000333.SZ,美的集团,破壁机,"广东美的制冷设备有限公司,美的集团股份有限公司",2025302000274,CN309719344S,31-00(15),外观设计,授权,2026-01-02,,False,电子电气
000333.SZ,美的集团,破壁机,"广东美的制冷设备有限公司,美的集团股份有限公司",2025302000289,CN309719345S,31-00(15),外观设计,授权,2026-01-02,,False,电子电气
000333.SZ,美的集团,机器人,美的集团股份有限公司,2025302350808,CN309717165S,15-99(15),外观设计,授权,2026-01-02,,False,电子电气
000333.SZ,美的集团,烤箱（独立式）,"广东美的制冷设备有限公司,美的集团股份有限公司",202530329153X,CN309714108S,07-02(15),外观设计,授权,2026-01-02,,False,电子电气
000333.SZ,美的集团,烤箱（独立式）,"广东美的制冷设备有限公司,美的集团股份有限公司",2025303291544,CN309714109S,07-02(15),外观设计,授权,2026-01-02,,False,电子电气
000333.SZ,美的集团,一种智能功率模块及家电设备,"美的集团股份有限公司,广东美的白色家电技术创新中心有限公司",2020112112198,CN114465495B,H02M7/00(2006.01);H02M7/5387(2007.01);H10D80/30(2026.01);H10D80/20(2026.01),授权发明,授权,2026-01-06,,False,电子电气
000333.SZ,美的集团,即热饮水机及其预热方法、预热装置和存储介质,"佛山市顺德区美的饮水机制造有限公司,美的集团股份有限公司",2023107162491,CN116636744B,A47J31/56(2006.01);A47J31/52(2006.01);A47J31/44(2006.01),授权发明,授权,2026-01-06,,False,电子电气
000333.SZ,美的集团,一种制冷设备,"合肥华凌股份有限公司,合肥美的电冰箱有限公司,美的集团股份有限公司",2024228982560,CN223769107U,F25D11/00(2006.01);F25D17/08(2006.01);F25D17/04(2006.01);F25D23/00(2006.01);F25D23/06(2006.01);F25D23/02(2006.01),实用新型,授权,2026-01-06,,False,电子电气
000333.SZ,美的集团,压缩机运行的控制方法、装置、水处理设备和存储介质,"佛山市美的清湖净水设备有限公司,美的集团股份有限公司",2025100490812,CN119914510B,F04B49/06(2006.01);F04B49/20(2006.01);F04B39/06(2006.01),授权发明,授权,2026-01-06,,False,电子电气
000333.SZ,美的集团,空调器,"重庆美的通用制冷设备有限公司,美的集团股份有限公司",2025201553388,CN223768986U,F24F1/0068(2019.01);F24F1/0063(2019.01);F24F13/02(2006.01),实用新型,授权,2026-01-06,,False,电子电气
000333.SZ,美的集团,热泵机组和空调系统,"重庆美的通用制冷设备有限公司,美的集团股份有限公司",2025201949563,CN223769074U,F25B30/06(2006.01);F25B43/00(2006.01);F25B41/42(2021.01),实用新型,授权,2026-01-06,,False,电子电气
000333.SZ,美的集团,一种缓冲加热水箱及热泵系统,"广东美的制冷设备有限公司,美的集团股份有限公司",2025202909224,CN223768975U,F24D15/04(2006.01);F24D13/00(2006.01);F24D19/00(2006.01);F24D19/10(2006.01),实用新型,授权,2026-01-06,,False,电子电气
000333.SZ,美的集团,搅拌机,"广东美的制冷设备有限公司,美的集团股份有限公司",2025303543583,CN309725582S,31-00(15),外观设计,授权,2026-01-06,,False,电子电气
000333.SZ,美的集团,清洁装置,"江苏美的清洁电器股份有限公司,美的集团股份有限公司",2019108285083,CN111134567B,A47L7/00(2006.01);A01M1/06(2006.01),授权发明,授权,2026-01-09,,False,电子电气
000333.SZ,美的集团,用于吸尘器的风机组件和具有其的吸尘器,"江苏美的清洁电器股份有限公司,美的集团股份有限公司",2021114619869,CN116201751B,F04D25/08(2006.01);F04D17/12(2006.01);F04D29/44(2006.01);F04D29/42(2006.01);F04D29/28(2006.01);F04D29/08(2006.01);F04D29/056(2006.01);F04D29/66(2006.01);A47L5/22(2006.01);A47L9/00(2006.01),授权发明,授权,2026-01-09,,False,电子电气
000333.SZ,美的集团,门锁组件及烹饪装置,"广东美的厨房电器制造有限公司,美的集团股份有限公司",2022103938583,CN116950499B,E05B15/00(2006.01);E05B65/00(2006.01);A47J27/04(2006.01);A47J37/06(2006.01),授权发明,授权,2026-01-09,,False,电子电气
000333.SZ,美的集团,燃烧器及灶具,"美的集团股份有限公司,邯郸美的智能厨电制造有限公司",2024231195683,CN223782843U,F23D14/00(2006.01);F23D14/46(2006.01);F24C3/00(2006.01);F24C3/10(2006.01);F24C3/08(2006.01);F23Q3/00(2006.01),实用新型,授权,2026-01-09,,False,电子电气
000333.SZ,美的集团,燃烧器及灶具,"美的集团股份有限公司,邯郸美的智能厨电制造有限公司",2024231195927,CN223782844U,F23D14/00(2006.01);F23D14/46(2006.01);F24C3/00(2006.01);F24C3/10(2006.01);F24C3/08(2006.01);F23Q3/00(2006.01),实用新型,授权,2026-01-09,,False,电子电气
000333.SZ,美的集团,燃烧器及燃烧灶,"美的集团股份有限公司,邯郸美的智能厨电制造有限公司",2024231220558,CN223782845U,F23D14/00(2006.01);F23D14/46(2006.01);F23D14/70(2006.01),实用新型,授权,2026-01-09,,False,电子电气
000333.SZ,美的集团,燃烧器,"美的集团股份有限公司,邯郸美的智能厨电制造有限公司",2024231221052,CN223782846U,F23D14/00(2006.01);F23D14/46(2006.01);F23D14/70(2006.01),实用新型,授权,2026-01-09,,False,电子电气
000333.SZ,美的集团,燃烧器,"美的集团股份有限公司,邯郸美的智能厨电制造有限公司",2024231221442,CN223782847U,F23D14/00(2006.01);F23D14/46(2006.01);F23D14/70(2006.01),实用新型,授权,2026-01-09,,False,电子电气
000333.SZ,美的集团,饮水设备及其节能控制方法、装置和存储介质,"佛山市顺德区美的饮水机制造有限公司,美的集团股份有限公司",2025101920358,CN119732590B,A47J31/52(2006.01);A47J31/50(2006.01);A47J31/00(2006.01),授权发明,授权,2026-01-09,,False,电子电气
000333.SZ,美的集团,底盘组件、室外机及空调器,"广东美的暖通设备有限公司,美的集团股份有限公司",2025202890001,CN223782964U,F24F1/58(2011.01);F24F13/32(2006.01),实用新型,授权,2026-01-09,,False,电子电气
000333.SZ,美的集团,电饭煲,"广东美的制冷设备有限公司,美的集团股份有限公司",2025302564084,CN309727147S,07-02(15),外观设计,授权,2026-01-09,,False,电子电气
000333.SZ,美的集团,电饭煲,"广东美的制冷设备有限公司,美的集团股份有限公司",2025302564099,CN309727148S,07-02(15),外观设计,授权,2026-01-09,,False,电子电气
000333.SZ,美的集团,电饭煲,"广东美的制冷设备有限公司,美的集团股份有限公司",2025302564116,CN309727149S,07-02(15),外观设计,授权,2026-01-09,,False,电子电气
000333.SZ,美的集团,空调室外机网罩,"广东美的暖通设备有限公司,美的集团股份有限公司",2025303758848,CN309731105S,23-04(15),外观设计,授权,2026-01-09,,False,电子电气
000333.SZ,美的集团,估计电机转子位置的方法、装置、电机驱动器及家用电器,"美的集团股份有限公司,广东美的白色家电技术创新中心有限公司",2020116063237,CN114696705B,H02P21/18(2016.01);H02P25/026(2016.01),授权发明,授权,2026-01-13,,False,电子电气
000333.SZ,美的集团,变频设备、压缩机和暖通设备,"重庆美的通用制冷设备有限公司,广东美的暖通设备有限公司,美的集团股份有限公司",2022116279832,CN115884577B,H05K7/20(2006.01);F24F1/24(2011.01);F25B31/00(2006.01);F24F5/00(2006.01),授权发明,授权,2026-01-13,,False,电子电气
000333.SZ,美的集团,开门装置、电器设备及开门装置的复位方法,"合肥华凌股份有限公司,合肥美的电冰箱有限公司,美的集团股份有限公司",2024115336926,CN119507768B,E05F15/619(2015.01);E05F15/70(2015.01),授权发明,授权,2026-01-13,,False,电子电气
000333.SZ,美的集团,炉头及燃烧器,"美的集团股份有限公司,邯郸美的智能厨电制造有限公司",202423105814X,CN223807186U,F23D14/02(2006.01);F23D14/46(2006.01);F23D14/62(2006.01);F24C3/08(2006.01);F24C3/12(2006.01),实用新型,授权,2026-01-16,,False,电子电气
000333.SZ,美的集团,燃烧器,"美的集团股份有限公司,邯郸美的智能厨电制造有限公司",2024231196154,CN223807185U,F23D14/00(2006.01);F23D14/46(2006.01);F23D14/70(2006.01),实用新型,授权,2026-01-16,,False,电子电气
000333.SZ,美的集团,一种中心火盖和灶具燃烧器,"美的集团股份有限公司,邯郸美的智能厨电制造有限公司",2024231196421,CN223807187U,F23D14/02(2006.01);F23D14/46(2006.01);F23D14/70(2006.01);F23D14/62(2006.01),实用新型,授权,2026-01-16,,False,电子电气
000333.SZ,美的集团,一种中心火盖和灶具燃烧器,"美的集团股份有限公司,邯郸美的智能厨电制造有限公司",2024231222106,CN223807188U,F23D14/02(2006.01);F23D14/46(2006.01);F23D14/70(2006.01);F23D14/62(2006.01),实用新型,授权,2026-01-16,,False,电子电气
000333.SZ,美的集团,作业资源的调配方法及调配装置、电子设备及存储介质,美的集团股份有限公司,2021109825739,CN115129441B,G06F9/48(2006.01);G06F9/50(2006.01),授权发明,授权,2026-01-20,,False,电子电气
000333.SZ,美的集团,微纳米气泡液体生成系统及热水器,"芜湖美的厨卫电器制造有限公司,美的集团股份有限公司",2021116683639,CN114832659B,B01F23/232(2022.01);B01F25/31(2022.01);B01F25/312(2022.01);B01F35/21(2022.01);B01F35/22(2022.01);B01F35/221(2022.01);B01F35/71(2022.01);F24H9/00(2022.01);F24H9/20(2022.01);F24H15/238(2022.01);F24H15/335(2022.01),授权发明,授权,2026-01-20,,False,电子电气
000333.SZ,美的集团,门锁总成及烹饪装置,"广东美的厨房电器制造有限公司,美的集团股份有限公司",2022103952824,CN116950505B,E05B65/00(2006.01);E05B17/22(2006.01),授权发明,授权,2026-01-20,,False,电子电气
000333.SZ,美的集团,沸点识别方法、识别装置、饮水机及存储介质,"佛山市顺德区美的饮水机制造有限公司,美的集团股份有限公司",2022115360428,CN115931963B,G01N25/08(2006.01);A47J31/54(2006.01);G01K1/022(2021.01);G01K1/02(2021.01);A47J31/56(2006.01);A47J31/44(2006.01),授权发明,授权,2026-01-20,,False,电子电气
000333.SZ,美的集团,一种滤芯组件以及净水器,"佛山市顺德区美的饮水机制造有限公司,美的集团股份有限公司",2024229317786,CN223813411U,C02F9/00(2023.01);B01D29/60(2006.01);C02F1/00(2023.01);C02F1/44(2023.01);C02F1/68(2023.01);C02F1/28(2023.01);C02F1/66(2023.01);C02F101/30(2006.01);C02F101/20(2006.01),实用新型,授权,2026-01-20,,False,电子电气
000333.SZ,美的集团,用于饮水设备的制冷装置和饮水设备,"佛山市顺德区美的饮水机制造有限公司,美的集团股份有限公司",2025101919806,CN119817959B,A47J31/44(2006.01);A47J31/50(2006.01);A47J31/00(2006.01),授权发明,授权,2026-01-20,,False,电子电气
000333.SZ,美的集团,空调器,"广东美的制冷设备有限公司,美的集团股份有限公司",202011263045X,CN114484594B,F24F1/0011(2019.01);F24F1/0071(2019.01);F24F1/0063(2019.01);F24F11/52(2018.01);F24F11/89(2018.01);A47J27/00(2006.01),授权发明,授权,2026-01-23,,False,电子电气
000333.SZ,美的集团,出风部件、空气处理装置及空调器,"广东美的制冷设备有限公司,美的集团股份有限公司",2021101723883,CN114909709B,F24F1/0014(2019.01);F24F13/12(2006.01),授权发明,授权,2026-01-23,,False,电子电气
000333.SZ,美的集团,空调器,"广东美的制冷设备有限公司,美的集团股份有限公司",2021108460126,CN115682121B,F24F1/0014(2019.01);F24F1/0087(2019.01);F24F1/0071(2019.01);F24F13/10(2006.01);F24F13/078(2006.01),授权发明,授权,2026-01-23,,False,电子电气
000333.SZ,美的集团,空调器,"广东美的制冷设备有限公司,美的集团股份有限公司",2021110920306,CN115823727B,F24F13/00(2006.01);F24F11/89(2018.01);H02G3/04(2006.01),授权发明,授权,2026-01-23,,False,电子电气
000333.SZ,美的集团,空调室内机及空调器,"广东美的制冷设备有限公司,美的集团股份有限公司",2021111338399,CN115875743B,F24F1/0035(2019.01);F24F13/22(2006.01);F24F13/24(2006.01),授权发明,授权,2026-01-23,,False,电子电气
000333.SZ,美的集团,加湿模块、空气处理装置、空调室内机和空调器,"广东美的制冷设备有限公司,美的集团股份有限公司",2021111580922,CN115875770B,F24F6/04(2006.01);F24F1/0087(2019.01),授权发明,授权,2026-01-23,,False,电子电气
000333.SZ,美的集团,离子风组件及具有其的空气处理设备,"广东美的制冷设备有限公司,美的集团股份有限公司",2021111621710,CN115875786B,F24F8/30(2021.01);F24F8/192(2021.01);F24F1/0076(2019.01);F24F13/24(2006.01),授权发明,授权,2026-01-23,,False,电子电气
000333.SZ,美的集团,导风板驱动装置和空调器,"广东美的制冷设备有限公司,美的集团股份有限公司",202111165689X,CN115900042B,F24F13/14(2006.01),授权发明,授权,2026-01-23,,False,电子电气
000333.SZ,美的集团,壁挂式室内机以及空调器,"广东美的制冷设备有限公司,美的集团股份有限公司",2021112589905,CN116025954B,F24F1/0057(2019.01);F24F11/89(2018.01),授权发明,授权,2026-01-23,,False,电子电气
000333.SZ,美的集团,导风板的驱动装置以及空调器,"广东美的制冷设备有限公司,美的集团股份有限公司",2021114062179,CN116164403B,F24F13/10(2006.01);F24F13/00(2006.01),授权发明,授权,2026-01-23,,False,电子电气
000333.SZ,美的集团,设备配网方法、空气调节设备和存储介质,"广东美的制冷设备有限公司,美的集团股份有限公司",2021114604755,CN116208478B,H04L41/0803(2022.01);H04L41/08(2022.01);H04L41/0894(2022.01);H04W48/08(2009.01);G10L15/26(2006.01);F24F11/89(2018.01);F24F11/52(2018.01);F24F11/526(2018.01),授权发明,授权,2026-01-23,,False,电子电气
000333.SZ,美的集团,空调器及其控制方法、存储介质以及电子设备和控制装置,"广东美的制冷设备有限公司,美的集团股份有限公司",2022101255619,CN116624989B,F24F11/86(2018.01),授权发明,授权,2026-01-23,,False,电子电气
000333.SZ,美的集团,中央烟机系统的自校准方法、装置、系统和存储介质,"美的集团股份有限公司,广东美的白色家电技术创新中心有限公司",2022115259193,CN115875712B,F24C15/20(2006.01),授权发明,授权,2026-01-23,,False,电子电气
000333.SZ,美的集团,净饮机的控制方法、净饮机以及存储介质,"佛山市顺德区美的饮水机制造有限公司,美的集团股份有限公司",2023108727850,CN116692980B,C02F1/02(2023.01);C02F1/00(2023.01);A61L2/04(2006.01);A61L2/24(2006.01),授权发明,授权,2026-01-23,,False,电子电气
000333.SZ,美的集团,低球压痕直径低浮纤玻纤增强聚酯材料及其制备和应用,"广东美的制冷设备有限公司,美的集团股份有限公司",2023109171298,CN116751442B,C08L67/02(2006.01);C08J5/04(2006.01);C08K9/04(2006.01);C08K3/34(2006.01);C08K9/06(2006.01);C08K7/14(2006.01),授权发明,授权,2026-01-23,,False,电子电气
000333.SZ,美的集团,空调器,"广东美的制冷设备有限公司,美的集团股份有限公司",202420394664X,CN223826330U,F24F1/0011(2019.01);F24F13/10(2006.01);F24F13/20(2006.01),实用新型,授权,2026-01-23,,False,电子电气
000333.SZ,美的集团,空调器,"广东美的制冷设备有限公司,美的集团股份有限公司",2024205196953,CN223826332U,F24F1/0011(2019.01);F24F13/14(2006.01);F24F13/20(2006.01);F24F11/65(2018.01);F24F11/79(2018.01),实用新型,授权,2026-01-23,,False,电子电气
000333.SZ,美的集团,空调器,"广东美的制冷设备有限公司,美的集团股份有限公司",2024205204926,CN223826333U,F24F1/0011(2019.01);F24F13/14(2006.01);F24F13/20(2006.01);F24F11/65(2018.01);F24F11/79(2018.01),实用新型,授权,2026-01-23,,False,电子电气
000333.SZ,美的集团,制冰机,"佛山市顺德区美的饮水机制造有限公司,美的集团股份有限公司",2024229466441,CN223826548U,F25C1/00(2006.01);F25C5/00(2018.01);B01D29/96(2006.01);B01D35/02(2006.01),实用新型,授权,2026-01-23,,False,电子电气
000333.SZ,美的集团,柜式空调,"广东美的制冷设备有限公司,美的集团股份有限公司",2024303843598,CN309746899S,23-04(14),外观设计,授权,2026-01-23,,False,电子电气
000333.SZ,美的集团,柜式空调,"广东美的制冷设备有限公司,美的集团股份有限公司",2024303843615,CN309746900S,23-04(14),外观设计,授权,2026-01-23,,False,电子电气
000333.SZ,美的集团,柜式空调,"广东美的制冷设备有限公司,美的集团股份有限公司",2024303920698,CN309746901S,23-04(14),外观设计,授权,2026-01-23,,False,电子电气
000333.SZ,美的集团,柜式空调,"广东美的制冷设备有限公司,美的集团股份有限公司",2024304341461,CN309746902S,23-04(15),外观设计,授权,2026-01-23,,False,电子电气
000333.SZ,美的集团,空调装饰配件,"广东美的制冷设备有限公司,美的集团股份有限公司",2024304796166,CN309746903S,23-04(15);11-02(15),外观设计,授权,2026-01-23,,False,电子电气
000333.SZ,美的集团,空调装饰配件,"广东美的制冷设备有限公司,美的集团股份有限公司",202430479746X,CN309746904S,23-04(15);11-02(15),外观设计,授权,2026-01-23,,False,电子电气
000333.SZ,美的集团,空调装饰配件,"广东美的制冷设备有限公司,美的集团股份有限公司",2024304797489,CN309746905S,23-04(15);11-02(15),外观设计,授权,2026-01-23,,False,电子电气
000333.SZ,美的集团,外观缺陷检测方法、装置及其应用,"广东美的制冷设备有限公司,美的集团股份有限公司",2025111988060,CN120747061B,G06T7/00(2017.01);G06T7/136(2017.01);G06T7/13(2017.01);G06T7/62(2017.01);G06V10/44(2022.01);G06V10/80(2022.01),授权发明,授权,2026-01-23,,False,电子电气
000333.SZ,美的集团,注塑模具滑块组件耐磨板的排布方法及装置,"广东美的制冷设备有限公司,美的集团股份有限公司",2025114395989,CN120893086B,G06F30/10(2020.01);G06F30/20(2020.01),授权发明,授权,2026-01-23,,False,电子电气
000333.SZ,美的集团,空调器控制板及空调器,"广东美的制冷设备有限公司,美的集团股份有限公司",2025200208253,CN223826438U,F24F11/88(2018.01);F24F11/89(2018.01),实用新型,授权,2026-01-23,,False,电子电气
000333.SZ,美的集团,燃气烤箱,"美的集团股份有限公司,邯郸美的智能厨电制造有限公司",202520024922X,CN223817406U,A47J37/06(2006.01),实用新型,授权,2026-01-23,,False,电子电气
000333.SZ,美的集团,出风网罩、空调室外机和空调器,"广东美的制冷设备有限公司,美的集团股份有限公司",2025200538056,CN223826375U,F24F1/48(2011.01);F24F1/40(2011.01),实用新型,授权,2026-01-23,,False,电子电气
000333.SZ,美的集团,空调除菌装置及系统,"广东美的制冷设备有限公司,美的集团股份有限公司",2025200580157,CN223826430U,F24F8/24(2021.01);F24F8/26(2021.01);F24F11/30(2018.01);F24F11/65(2018.01);A61L2/14(2006.01),实用新型,授权,2026-01-23,,False,电子电气
000333.SZ,美的集团,加湿模块、空气处理部件和空调器,"广东美的制冷设备有限公司,美的集团股份有限公司",2025200875647,CN223826406U,F24F6/04(2006.01);F24F13/24(2006.01);F24F5/00(2006.01);F24F7/003(2021.01),实用新型,授权,2026-01-23,,False,电子电气
000333.SZ,美的集团,燃气炉,"广东美的暖通设备有限公司,美的集团股份有限公司",2025200875736,CN223826222U,F23C5/02(2006.01);F23C7/00(2006.01),实用新型,授权,2026-01-23,,False,电子电气
000333.SZ,美的集团,加湿模块、空气处理部件和空调器,"广东美的制冷设备有限公司,美的集团股份有限公司",2025200876014,CN223826407U,F24F6/04(2006.01);F24F5/00(2006.01);F24F7/003(2021.01),实用新型,授权,2026-01-23,,False,电子电气
000333.SZ,美的集团,电控盒装置、空调室外机和空调系统,"广东美的制冷设备有限公司,美的集团股份有限公司",2025200974591,CN223826369U,F24F1/22(2011.01);F24F1/24(2011.01),实用新型,授权,2026-01-23,,False,电子电气
000333.SZ,美的集团,电控盒组件、空调室外机和空调系统,"广东美的制冷设备有限公司,美的集团股份有限公司",2025200974784,CN223826373U,F24F1/24(2011.01);F24F1/10(2011.01);F24F13/30(2006.01);F25B41/40(2021.01);F25B41/30(2021.01),实用新型,授权,2026-01-23,,False,电子电气
000333.SZ,美的集团,覆膜玻璃、面板和家用电器,"合肥华凌股份有限公司,合肥美的电冰箱有限公司,美的集团股份有限公司",2025201427031,CN223823510U,C03C17/38(2006.01),实用新型,授权,2026-01-23,,False,电子电气
000333.SZ,美的集团,前面板组件、空调室外机和空调器,"广东美的制冷设备有限公司,美的集团股份有限公司",2025201504911,CN223826464U,F24F13/20(2006.01);F24F1/56(2011.01);F24F13/24(2006.01);F24F1/40(2011.01),实用新型,授权,2026-01-23,,False,电子电气
000333.SZ,美的集团,空调器,"广东美的制冷设备有限公司,美的集团股份有限公司",2025201677893,CN223826344U,F24F1/0014(2019.01);F24F13/15(2006.01);F24F13/20(2006.01),实用新型,授权,2026-01-23,,False,电子电气
000333.SZ,美的集团,空调器,"广东美的制冷设备有限公司,美的集团股份有限公司",2025201678114,CN223826345U,F24F1/0014(2019.01);F24F13/15(2006.01);F24F13/20(2006.01),实用新型,授权,2026-01-23,,False,电子电气
000333.SZ,美的集团,面板部件和空调器,"广东美的制冷设备有限公司,美的集团股份有限公司",2025201678415,CN223826465U,F24F13/20(2006.01);F24F13/32(2006.01),实用新型,授权,2026-01-23,,False,电子电气
000333.SZ,美的集团,空调器,"广东美的制冷设备有限公司,美的集团股份有限公司",2025201685565,CN223826459U,F24F13/08(2006.01);F24F13/20(2006.01);F24F1/0011(2019.01);F24F1/005(2019.01),实用新型,授权,2026-01-23,,False,电子电气
000333.SZ,美的集团,导风圈、面板组件、空调室外机和空调器,"广东美的制冷设备有限公司,美的集团股份有限公司",2025202008730,CN223826376U,F24F1/48(2011.01);F24F1/56(2011.01);F24F13/08(2006.01);F24F13/20(2006.01);F24F13/24(2006.01),实用新型,授权,2026-01-23,,False,电子电气
000333.SZ,美的集团,换热器、室外机以及空调器,"广东美的制冷设备有限公司,美的集团股份有限公司",2025202008800,CN223826523U,F25B39/00(2006.01);F25B41/20(2021.01);F24F1/16(2011.01);F24F13/30(2006.01),实用新型,授权,2026-01-23,,False,电子电气
000333.SZ,美的集团,空调器,"广东美的制冷设备有限公司,美的集团股份有限公司",2025202010815,CN223826336U,F24F1/0011(2019.01);F24F13/20(2006.01);F24F1/0022(2019.01);F24F13/32(2006.01),实用新型,授权,2026-01-23,,False,电子电气
000333.SZ,美的集团,空调器,"广东美的制冷设备有限公司,美的集团股份有限公司",2025202010923,CN223826337U,F24F1/0011(2019.01);F24F1/0022(2019.01);F24F13/20(2006.01);F24F13/14(2006.01);F24F13/24(2006.01),实用新型,授权,2026-01-23,,False,电子电气
000333.SZ,美的集团,分配器、换热器和空调器,"广东美的制冷设备有限公司,美的集团股份有限公司",2025202011324,CN223826538U,F25B41/42(2021.01);F25B39/00(2006.01);F28F27/02(2006.01);F28F21/08(2006.01),实用新型,授权,2026-01-23,,False,电子电气
000333.SZ,美的集团,空调室内机及空调器,"广东美的制冷设备有限公司,美的集团股份有限公司",202520201156X,CN223826349U,F24F1/0018(2019.01);F24F13/08(2006.01);F04D29/32(2006.01);F04D29/44(2006.01);F04D29/64(2006.01);F04D25/08(2006.01),实用新型,授权,2026-01-23,,False,电子电气
000333.SZ,美的集团,导风圈、面板组件、空调室外机和空调器,"广东美的制冷设备有限公司,美的集团股份有限公司",202520201653X,CN223826377U,F24F1/48(2011.01);F24F1/56(2011.01);F24F13/08(2006.01);F24F13/20(2006.01);F24F13/24(2006.01),实用新型,授权,2026-01-23,,False,电子电气
000333.SZ,美的集团,导风圈、面板组件、空调室外机和空调器,"广东美的制冷设备有限公司,美的集团股份有限公司",2025202018713,CN223826378U,F24F1/48(2011.01);F24F1/56(2011.01);F24F13/08(2006.01);F24F13/20(2006.01);F24F13/24(2006.01),实用新型,授权,2026-01-23,,False,电子电气
000333.SZ,美的集团,分配装置、换热器和空调器,"广东美的制冷设备有限公司,美的集团股份有限公司",2025202019345,CN223826539U,F25B41/42(2021.01);F25B39/00(2006.01);F28F27/02(2006.01);F28F9/24(2006.01),实用新型,授权,2026-01-23,,False,电子电气
000333.SZ,美的集团,空调室外机和具有其的空调器,"广东美的制冷设备有限公司,美的集团股份有限公司",2025202092980,CN223826365U,F24F1/10(2011.01);F24F11/89(2018.01),实用新型,授权,2026-01-23,,False,电子电气
000333.SZ,美的集团,电控结构及空调室外机,"广东美的制冷设备有限公司,美的集团股份有限公司",2025202093254,CN223826370U,F24F1/22(2011.01);F24F1/24(2011.01);F24F11/89(2018.01),实用新型,授权,2026-01-23,,False,电子电气
000333.SZ,美的集团,空调室外机和具有其的空调器,"广东美的制冷设备有限公司,美的集团股份有限公司",2025202093860,CN223826366U,F24F1/10(2011.01);F24F1/56(2011.01);F24F11/89(2018.01);F24F13/20(2006.01),实用新型,授权,2026-01-23,,False,电子电气
000333.SZ,美的集团,电控组件和具有其的空调室外机,"广东美的制冷设备有限公司,美的集团股份有限公司",2025202094223,CN223826371U,F24F1/22(2011.01);F24F1/24(2011.01);F24F1/10(2011.01);F24F11/89(2018.01),实用新型,授权,2026-01-23,,False,电子电气
000333.SZ,美的集团,空调室外机和具有其的空调器,"广东美的制冷设备有限公司,美的集团股份有限公司",2025202094308,CN223826367U,F24F1/10(2011.01);F24F1/22(2011.01);F24F1/24(2011.01),实用新型,授权,2026-01-23,,False,电子电气
000333.SZ,美的集团,电控组件、空调室外机和空调器,"广东美的制冷设备有限公司,美的集团股份有限公司",2025202094416,CN223826372U,F24F1/22(2011.01);F24F1/24(2011.01);F24F1/10(2011.01);F24F11/89(2018.01),实用新型,授权,2026-01-23,,False,电子电气
000333.SZ,美的集团,空调器,"广东美的制冷设备有限公司,美的集团股份有限公司",202520209853X,CN223826350U,F24F1/0018(2019.01);F24F1/0063(2019.01);F24F13/24(2006.01),实用新型,授权,2026-01-23,,False,电子电气
000333.SZ,美的集团,用于饮水设备的制冷装置和饮水设备,"佛山市顺德区美的饮水机制造有限公司,美的集团股份有限公司",2025202781517,CN223817360U,A47J31/44(2006.01);A47J31/50(2006.01);A47J31/00(2006.01),实用新型,授权,2026-01-23,,False,电子电气
000333.SZ,美的集团,饮水设备及其制冷水路系统,"佛山市顺德区美的饮水机制造有限公司,美的集团股份有限公司",2025202782219,CN223817364U,A47J31/46(2006.01);A47J31/50(2006.01);A47J31/00(2006.01);A47J31/44(2006.01),实用新型,授权,2026-01-23,,False,电子电气
000333.SZ,美的集团,饮水设备及其制冷水路系统,"佛山市顺德区美的饮水机制造有限公司,美的集团股份有限公司",2025202782365,CN223817365U,A47J31/46(2006.01);A47J31/50(2006.01);A47J31/00(2006.01);A47J31/44(2006.01),实用新型,授权,2026-01-23,,False,电子电气
000333.SZ,美的集团,饮水设备的出水装置和饮水设备,"佛山市顺德区美的饮水机制造有限公司,美的集团股份有限公司",202520278332X,CN223817366U,A47J31/46(2006.01);A47J31/00(2006.01),实用新型,授权,2026-01-23,,False,电子电气
000333.SZ,美的集团,饮水机,"佛山市顺德区美的饮水机制造有限公司,美的集团股份有限公司",202520282288X,CN223817367U,A47J31/46(2006.01);A47J31/06(2006.01);A47J31/44(2006.01);A47J31/00(2006.01),实用新型,授权,2026-01-23,,False,电子电气
000333.SZ,美的集团,饮水机及其机壳,"佛山市顺德区美的饮水机制造有限公司,美的集团股份有限公司",2025202823539,CN223817361U,A47J31/44(2006.01);A47J31/00(2006.01),实用新型,授权,2026-01-23,,False,电子电气
000333.SZ,美的集团,风道结构及空调器,"广东美的制冷设备有限公司,美的集团股份有限公司",2025203331989,CN223826453U,F24F13/02(2006.01);F24F13/14(2006.01);F24F13/24(2006.01),实用新型,授权,2026-01-23,,False,电子电气
000333.SZ,美的集团,风道结构及空调器,"广东美的制冷设备有限公司,美的集团股份有限公司",2025203332002,CN223826454U,F24F13/02(2006.01);F24F13/14(2006.01);F24F13/24(2006.01),实用新型,授权,2026-01-23,,False,电子电气
000333.SZ,美的集团,空调室内机和空调器,"广东美的制冷设备有限公司,美的集团股份有限公司",2025203394136,CN223826338U,F24F1/0011(2019.01);F24F13/20(2006.01);F24F13/15(2006.01);F24F13/14(2006.01);F24F13/24(2006.01),实用新型,授权,2026-01-23,,False,电子电气
000333.SZ,美的集团,空调室内机和空调器,"广东美的制冷设备有限公司,美的集团股份有限公司",2025203394244,CN223826339U,F24F1/0011(2019.01);F24F13/20(2006.01);F24F13/15(2006.01);F24F13/14(2006.01);F24F13/24(2006.01),实用新型,授权,2026-01-23,,False,电子电气
000333.SZ,美的集团,空调室内机和空调器,"广东美的制冷设备有限公司,美的集团股份有限公司",2025203394418,CN223826340U,F24F1/0011(2019.01);F24F13/20(2006.01);F24F13/15(2006.01);F24F13/14(2006.01);F24F13/24(2006.01),实用新型,授权,2026-01-23,,False,电子电气
000333.SZ,美的集团,空调室内机的出风装置和空调室内机,"广东美的制冷设备有限公司,美的集团股份有限公司",2025203394649,CN223826341U,F24F1/0011(2019.01);F24F13/20(2006.01);F24F13/15(2006.01);F24F13/14(2006.01);F24F13/24(2006.01),实用新型,授权,2026-01-23,,False,电子电气
000333.SZ,美的集团,空调室内机的出风装置、空调室内机和空调器,"广东美的制冷设备有限公司,美的集团股份有限公司",2025203394916,CN223826342U,F24F1/0011(2019.01);F24F13/20(2006.01);F24F13/15(2006.01);F24F13/14(2006.01);F24F13/24(2006.01),实用新型,授权,2026-01-23,,False,电子电气
000333.SZ,美的集团,空调室内机和空调器,"广东美的制冷设备有限公司,美的集团股份有限公司",2025203395355,CN223826346U,F24F1/0014(2019.01);F24F1/0057(2019.01);F24F13/15(2006.01);F24F13/14(2006.01);F24F13/20(2006.01),实用新型,授权,2026-01-23,,False,电子电气
000333.SZ,美的集团,分风装置、洗碗机的干燥系统和洗碗机,"佛山市顺德区美的洗涤电器制造有限公司,美的集团股份有限公司",2025203585078,CN223817527U,A47L15/42(2006.01);A47L15/48(2006.01);A47L15/14(2006.01),实用新型,授权,2026-01-23,,False,电子电气
000333.SZ,美的集团,洗碗机的水杯组件和洗碗机,"佛山市顺德区美的洗涤电器制造有限公司,美的集团股份有限公司",2025203594999,CN223817528U,A47L15/42(2006.01);A47L15/00(2006.01),实用新型,授权,2026-01-23,,False,电子电气
000333.SZ,美的集团,风机蜗壳和空调器,"广东美的制冷设备有限公司,美的集团股份有限公司",2025207398278,CN223825314U,F04D29/42(2006.01);F04D29/44(2006.01);F04D29/66(2006.01),实用新型,授权,2026-01-23,,False,电子电气
000333.SZ,美的集团,用于吸尘器的地刷组件和吸尘器,"江苏美的清洁电器股份有限公司,美的集团股份有限公司",2019113386493,CN113080762B,A47L7/00(2006.01);A47L9/00(2006.01);A47L9/06(2006.01);A47L9/02(2006.01),授权发明,授权,2026-01-27,,False,电子电气
000333.SZ,美的集团,燃烧器及燃气设备,"芜湖美的厨卫电器制造有限公司,美的集团股份有限公司",2020112069361,CN114459030B,F23D14/04(2006.01);F23D14/46(2006.01);F23D14/60(2006.01);F24H9/1836(2022.01),授权发明,授权,2026-01-27,,False,电子电气
000333.SZ,美的集团,降低热水器停水温升温降的控制方法、热水器及装置,"芜湖美的厨卫电器制造有限公司,美的集团股份有限公司",2020113799569,CN114576861B,F24H9/20(2022.01);F24H15/421(2022.01);F24H15/414(2022.01);F24H15/305(2022.01);F24H9/1832(2022.01);F24H9/13(2022.01),授权发明,授权,2026-01-27,,False,电子电气
000333.SZ,美的集团,标定成像系统光学参数的方法、装置、设备和存储介质,"美的集团股份有限公司,广东美的白色家电技术创新中心有限公司",2023118352555,CN120219500B,G06T7/80(2017.01),授权发明,授权,2026-01-27,,False,电子电气
000333.SZ,美的集团,反渗透过滤组件和净水设备,"佛山市顺德区美的饮水机制造有限公司,美的集团股份有限公司",2023118428395,CN118084140B,C02F1/44(2023.01);B01D63/06(2006.01);B01D65/00(2006.01);B01D61/08(2006.01);B01D61/10(2006.01),授权发明,授权,2026-01-27,,False,电子电气
000333.SZ,美的集团,反渗透过滤组件和净水设备,"佛山市顺德区美的饮水机制造有限公司,美的集团股份有限公司",2023118428677,CN117682621B,C02F1/44(2023.01);B01D63/06(2006.01);B01D65/00(2006.01);B01D61/08(2006.01);B01D61/10(2006.01),授权发明,授权,2026-01-27,,False,电子电气
000333.SZ,美的集团,净水设备,"佛山市顺德区美的饮水机制造有限公司,美的集团股份有限公司",2023118429519,CN117923697B,C02F9/00(2023.01);B01D61/02(2006.01);B01D61/08(2006.01);B01D61/10(2006.01);B01D61/12(2006.01);C02F1/00(2023.01);C02F1/44(2023.01),授权发明,授权,2026-01-27,,False,电子电气
000333.SZ,美的集团,一种冰箱门封条、冰箱,"合肥华凌股份有限公司,合肥美的电冰箱有限公司,美的集团股份有限公司",2024223751875,CN223840751U,F25D23/02(2006.01);F25D11/00(2006.01),实用新型,授权,2026-01-27,,False,电子电气
000333.SZ,美的集团,电动开门机构和冰箱,"合肥华凌股份有限公司,合肥美的电冰箱有限公司,美的集团股份有限公司",2024226815224,CN223838906U,E05F15/616(2015.01);F25D23/02(2006.01),实用新型,授权,2026-01-27,,False,电子电气
000333.SZ,美的集团,室内机的控制板、电控盒及室内机,"广东美的制冷设备有限公司,美的集团股份有限公司",2024231418018,CN223840593U,F24F11/89(2018.01);F24F11/88(2018.01);F24F11/56(2018.01);H05K7/20(2006.01),实用新型,授权,2026-01-27,,False,电子电气
000333.SZ,美的集团,铰链组件和冰箱,"合肥华凌股份有限公司,合肥美的电冰箱有限公司,美的集团股份有限公司",2024232976030,CN223838887U,E05D11/00(2006.01);E05D5/00(2006.01);E05D5/02(2006.01);F25D23/02(2006.01),实用新型,授权,2026-01-27,,False,电子电气
000333.SZ,美的集团,铰链组件和冰箱,"合肥华凌股份有限公司,合肥美的电冰箱有限公司,美的集团股份有限公司",2024233123656,CN223838888U,E05D11/00(2006.01);E05D5/00(2006.01);E05D5/02(2006.01);F25D23/02(2006.01),实用新型,授权,2026-01-27,,False,电子电气
000333.SZ,美的集团,一种离子发生装置、空调内机和空调器,"广东美的制冷设备有限公司,美的集团股份有限公司",202423322981X,CN223840530U,F24F1/0076(2019.01);F24F1/0063(2019.01);F24F8/30(2021.01),实用新型,授权,2026-01-27,,False,电子电气
000333.SZ,美的集团,气泡发生装置和洗涤设备,"佛山市顺德区美的洗涤电器制造有限公司,美的集团股份有限公司",2024233237426,CN223832126U,B01F23/232(2022.01);B01F25/312(2022.01);B01F25/421(2022.01);A47L15/42(2006.01),实用新型,授权,2026-01-27,,False,电子电气
000333.SZ,美的集团,柜式空调,"广东美的制冷设备有限公司,美的集团股份有限公司",2024305511258,CN309756909S,23-04(14),外观设计,授权,2026-01-27,,False,电子电气
000333.SZ,美的集团,柜式空调,"广东美的制冷设备有限公司,美的集团股份有限公司",2024305518261,CN309756910S,23-04(14),外观设计,授权,2026-01-27,,False,电子电气
000333.SZ,美的集团,柜式空调,"广东美的制冷设备有限公司,美的集团股份有限公司",2024305518276,CN309756911S,23-04(14),外观设计,授权,2026-01-27,,False,电子电气
000333.SZ,美的集团,柜式空调,"广东美的制冷设备有限公司,美的集团股份有限公司",2024305518280,CN309756912S,23-04(14),外观设计,授权,2026-01-27,,False,电子电气
000333.SZ,美的集团,柜式空调,"广东美的制冷设备有限公司,美的集团股份有限公司",2024305518295,CN309756913S,23-04(14),外观设计,授权,2026-01-27,,False,电子电气
000333.SZ,美的集团,柜式空调,"广东美的制冷设备有限公司,美的集团股份有限公司",2024305518308,CN309756914S,23-04(14),外观设计,授权,2026-01-27,,False,电子电气
000333.SZ,美的集团,柜式空调,"广东美的制冷设备有限公司,美的集团股份有限公司",2024305518312,CN309756915S,23-04(14),外观设计,授权,2026-01-27,,False,电子电气
000333.SZ,美的集团,柜式空调,"广东美的制冷设备有限公司,美的集团股份有限公司",2024305518331,CN309756916S,23-04(14),外观设计,授权,2026-01-27,,False,电子电气
000333.SZ,美的集团,柜式空调,"广东美的制冷设备有限公司,美的集团股份有限公司",2024305518350,CN309756917S,23-04(14),外观设计,授权,2026-01-27,,False,电子电气
000333.SZ,美的集团,柜式空调,"广东美的制冷设备有限公司,美的集团股份有限公司",202430551837X,CN309756918S,23-04(14),外观设计,授权,2026-01-27,,False,电子电气
000333.SZ,美的集团,柜式空调,"广东美的制冷设备有限公司,美的集团股份有限公司",2024305518401,CN309756919S,23-04(14),外观设计,授权,2026-01-27,,False,电子电气
000333.SZ,美的集团,柜式空调,"广东美的制冷设备有限公司,美的集团股份有限公司",2024305518420,CN309756920S,23-04(14),外观设计,授权,2026-01-27,,False,电子电气
000333.SZ,美的集团,柜式空调,"广东美的制冷设备有限公司,美的集团股份有限公司",2024305518488,CN309756921S,23-04(14),外观设计,授权,2026-01-27,,False,电子电气
000333.SZ,美的集团,柜式空调,"广东美的制冷设备有限公司,美的集团股份有限公司",2024305520350,CN309756922S,23-04(14),外观设计,授权,2026-01-27,,False,电子电气
000333.SZ,美的集团,柜式空调,"广东美的制冷设备有限公司,美的集团股份有限公司",2024305520399,CN309756923S,23-04(14),外观设计,授权,2026-01-27,,False,电子电气
000333.SZ,美的集团,柜式空调及其主体,"广东美的制冷设备有限公司,美的集团股份有限公司",2024305520420,CN309756924S,23-04(14),外观设计,授权,2026-01-27,,False,电子电气
000333.SZ,美的集团,柜式空调及其主体,"广东美的制冷设备有限公司,美的集团股份有限公司",2024305520492,CN309756925S,23-04(14),外观设计,授权,2026-01-27,,False,电子电气
000333.SZ,美的集团,一种压缩机运行的控制方法、装置、制冷设备和存储介质,"佛山市美的清湖净水设备有限公司,美的集团股份有限公司",2025100490653,CN119713622B,F25B1/00(2006.01);F25B31/00(2006.01);F25B49/02(2006.01),授权发明,授权,2026-01-27,,False,电子电气
000333.SZ,美的集团,一种热罐补水方法、装置、介质及净饮水机,"佛山市顺德区美的饮水机制造有限公司,美的集团股份有限公司",2025102102366,CN119969833B,A47J31/46(2006.01),授权发明,授权,2026-01-27,,False,电子电气
000333.SZ,美的集团,燃气烤箱,"美的集团股份有限公司,邯郸美的智能厨电制造有限公司",2025200258746,CN223830900U,A47J37/06(2006.01),实用新型,授权,2026-01-27,,False,电子电气
000333.SZ,美的集团,电控组件及制冷设备,"合肥华凌股份有限公司,合肥美的电冰箱有限公司,美的集团股份有限公司",2025200295815,CN223840761U,F25D29/00(2006.01);F25B49/02(2006.01);H05K1/18(2026.01);H05K7/14(2006.01),实用新型,授权,2026-01-27,,False,电子电气
000333.SZ,美的集团,电控组件及制冷设备,"合肥华凌股份有限公司,合肥美的电冰箱有限公司,美的集团股份有限公司",2025200338399,CN223840762U,F25D29/00(2006.01),实用新型,授权,2026-01-27,,False,电子电气
000333.SZ,美的集团,空调器的电控盒以及空调器,"广东美的制冷设备有限公司,美的集团股份有限公司",2025200966171,CN223840533U,F24F1/22(2011.01);F24F11/89(2018.01),实用新型,授权,2026-01-27,,False,电子电气
000333.SZ,美的集团,净水设备的中壳和具有其的净水设备,"佛山市美的清湖净水设备有限公司,美的集团股份有限公司",2025201397801,CN223831933U,B01D29/96(2006.01);B01D29/50(2006.01);C02F1/00(2023.01),实用新型,授权,2026-01-27,,False,电子电气
000333.SZ,美的集团,水箱及清洗机,"佛山市顺德区美的洗涤电器制造有限公司,美的集团股份有限公司",2025201487719,CN223838190U,E03B11/00(2006.01);E03B7/07(2006.01);E03B7/09(2006.01);E03B1/00(2006.01);E03C1/02(2006.01);B65D90/00(2006.01),实用新型,授权,2026-01-27,,False,电子电气
000333.SZ,美的集团,铰链组件和冰箱,"合肥华凌股份有限公司,合肥美的电冰箱有限公司,美的集团股份有限公司",2025201641872,CN223838889U,E05D11/00(2006.01);E05D5/00(2006.01);E05D5/02(2006.01);F25D23/02(2006.01),实用新型,授权,2026-01-27,,False,电子电气
000333.SZ,美的集团,锅支架和灶具,"美的集团股份有限公司,邯郸美的智能厨电制造有限公司",2025201941487,CN223840432U,F24C15/10(2006.01);F24C15/34(2006.01);F24C3/08(2006.01);F23D14/66(2006.01),实用新型,授权,2026-01-27,,False,电子电气
000333.SZ,美的集团,洗碗机的底座组件和具有其的洗碗机,"佛山市顺德区美的洗涤电器制造有限公司,美的集团股份有限公司",2025201959847,CN223831049U,A47L15/42(2006.01),实用新型,授权,2026-01-27,,False,电子电气
000333.SZ,美的集团,锅支架和灶具,"美的集团股份有限公司,邯郸美的智能厨电制造有限公司",2025201960346,CN223840433U,F24C15/10(2006.01);F24C15/34(2006.01);F24C3/08(2006.01);F23D14/66(2006.01),实用新型,授权,2026-01-27,,False,电子电气
000333.SZ,美的集团,饮水机,"佛山市美的清湖净水设备有限公司,美的集团股份有限公司",2025202097734,CN223830877U,A47J31/46(2006.01);A47J31/44(2006.01),实用新型,授权,2026-01-27,,False,电子电气
000333.SZ,美的集团,饮水设备,"佛山市顺德区美的饮水机制造有限公司,美的集团股份有限公司",2025202781131,CN223830860U,A47J31/44(2006.01);A47J31/50(2006.01);A47J31/00(2006.01),实用新型,授权,2026-01-27,,False,电子电气
000333.SZ,美的集团,饮水设备,"佛山市顺德区美的饮水机制造有限公司,美的集团股份有限公司",2025202782420,CN223830861U,A47J31/44(2006.01);A47J31/06(2006.01);A47J31/00(2006.01),实用新型,授权,2026-01-27,,False,电子电气
000333.SZ,美的集团,饮水设备,"佛山市顺德区美的饮水机制造有限公司,美的集团股份有限公司",2025202782543,CN223830862U,A47J31/44(2006.01);A47J31/50(2006.01);A47J31/00(2006.01),实用新型,授权,2026-01-27,,False,电子电气
000333.SZ,美的集团,饮水设备的即热组件和饮水设备,"佛山市顺德区美的饮水机制造有限公司,美的集团股份有限公司",2025202783090,CN223830863U,A47J31/44(2006.01);A47J31/46(2006.01);A47J31/00(2006.01),实用新型,授权,2026-01-27,,False,电子电气
000333.SZ,美的集团,饮水设备及其接头模组,"佛山市顺德区美的饮水机制造有限公司,美的集团股份有限公司",2025202783230,CN223830879U,A47J31/46(2006.01);A47J31/44(2006.01);A47J31/00(2006.01),实用新型,授权,2026-01-27,,False,电子电气
000333.SZ,美的集团,饮水设备的安装板和饮水设备,"佛山市顺德区美的饮水机制造有限公司,美的集团股份有限公司",2025202783442,CN223830880U,A47J31/46(2006.01);A47J31/00(2006.01),实用新型,授权,2026-01-27,,False,电子电气
000333.SZ,美的集团,用于饮水设备的制冷装置和饮水设备,"佛山市顺德区美的饮水机制造有限公司,美的集团股份有限公司",2025202783550,CN223830864U,A47J31/44(2006.01);A47J31/46(2006.01);A47J31/50(2006.01);A47J31/00(2006.01),实用新型,授权,2026-01-27,,False,电子电气
000333.SZ,美的集团,水路系统和无水箱饮水机,"佛山市顺德区美的饮水机制造有限公司,美的集团股份有限公司",2025202783654,CN223830881U,A47J31/46(2006.01);A47J31/44(2006.01);A47J31/06(2006.01);A47J31/00(2006.01),实用新型,授权,2026-01-27,,False,电子电气
000333.SZ,美的集团,饮水机,"佛山市顺德区美的饮水机制造有限公司,美的集团股份有限公司",2025202823204,CN223830882U,A47J31/46(2006.01);A47J31/06(2006.01);A47J31/44(2006.01);A47J31/00(2006.01),实用新型,授权,2026-01-27,,False,电子电气
000333.SZ,美的集团,饮水机,"佛山市顺德区美的饮水机制造有限公司,美的集团股份有限公司",2025202823365,CN223830883U,A47J31/46(2006.01);A47J31/06(2006.01);A47J31/44(2006.01);A47J31/00(2006.01),实用新型,授权,2026-01-27,,False,电子电气
000333.SZ,美的集团,保活装置及制冷设备,"合肥华凌股份有限公司,合肥美的电冰箱有限公司,美的集团股份有限公司",2025203122112,CN223830184U,A01K63/02(2006.01);F25D25/02(2006.01),实用新型,授权,2026-01-27,,False,电子电气
000333.SZ,美的集团,洗涤电器的干燥系统和洗涤电器,"佛山市顺德区美的洗涤电器制造有限公司,美的集团股份有限公司",2025203514180,CN223831056U,A47L15/48(2006.01);A47L15/42(2006.01),实用新型,授权,2026-01-27,,False,电子电气
000333.SZ,美的集团,水杯组件和洗碗机,"佛山市顺德区美的洗涤电器制造有限公司,美的集团股份有限公司",2025203548990,CN223831027U,A47L15/00(2006.01);A47L15/42(2006.01),实用新型,授权,2026-01-27,,False,电子电气
000333.SZ,美的集团,洗碗机,"佛山市顺德区美的洗涤电器制造有限公司,美的集团股份有限公司",2025203549620,CN223831057U,A47L15/48(2006.01);A47L15/00(2006.01),实用新型,授权,2026-01-27,,False,电子电气
000333.SZ,美的集团,分风装置和洗碗机,"佛山市顺德区美的洗涤电器制造有限公司,美的集团股份有限公司",2025203590663,CN223831052U,A47L15/42(2006.01);A47L15/48(2006.01);A47L15/16(2006.01);A47L15/22(2006.01),实用新型,授权,2026-01-27,,False,电子电气
000333.SZ,美的集团,空调室内机及空调器,"广东美的制冷设备有限公司,美的集团股份有限公司",202520417996X,CN223840504U,F24F1/0014(2019.01);F24F13/14(2006.01);F24F13/20(2006.01),实用新型,授权,2026-01-27,,False,电子电气
000333.SZ,美的集团,门体结构和冰箱,"合肥华凌股份有限公司,合肥美的电冰箱有限公司,美的集团股份有限公司",202520435430X,CN223840753U,F25D23/02(2006.01);F25D11/02(2006.01),实用新型,授权,2026-01-27,,False,电子电气
000333.SZ,美的集团,冰吧及其主体,"合肥华凌股份有限公司,合肥美的电冰箱有限公司,美的集团股份有限公司",2025300374795,CN309754639S,15-07(15),外观设计,授权,2026-01-27,,False,电子电气
000333.SZ,美的集团,电子设备的冰箱运行管理图形用户界面,"合肥华凌股份有限公司,合肥美的电冰箱有限公司,美的集团股份有限公司",202530066115X,CN309754251S,14-04(15),外观设计,授权,2026-01-27,,False,电子电气
000333.SZ,美的集团,一种箱体组件和制冷设备,"合肥华凌股份有限公司,合肥美的电冰箱有限公司,美的集团股份有限公司,广东美的白色家电技术创新中心有限公司",2021104371072,CN114909044B,E05D3/18(2006.01);F25D23/02(2006.01),授权发明,授权,2026-01-30,,False,电子电气
000333.SZ,美的集团,一种连接转移方法,"广东美的制冷设备有限公司,美的集团股份有限公司",2021109086440,CN115942396B,H04W36/00(2009.01);H04W56/00(2009.01),授权发明,授权,2026-01-30,,False,电子电气
000333.SZ,美的集团,前置过滤器,"佛山市美的清湖净水设备有限公司,美的集团股份有限公司",2021111152309,CN115888238B,B01D35/02(2006.01);G01M3/26(2006.01),授权发明,授权,2026-01-30,,False,电子电气
000333.SZ,美的集团,手持吸尘器,"美的集团股份有限公司,广东美的白色家电技术创新中心有限公司",2021111365023,CN115868850B,A47L5/24(2006.01);A47L9/00(2006.01);A47L9/04(2006.01),授权发明,授权,2026-01-30,,False,电子电气
000333.SZ,美的集团,手持吸尘器的吸尘杆及手持吸尘器,"美的集团股份有限公司,广东美的白色家电技术创新中心有限公司",2021111386091,CN115844251B,A47L5/24(2006.01);A47L9/00(2006.01);A47L9/28(2006.01),授权发明,授权,2026-01-30,,False,电子电气
000333.SZ,美的集团,空调室内机和空调器,"广东美的制冷设备有限公司,美的集团股份有限公司",2021115780311,CN116293910B,F24F1/0011(2019.01);F24F13/14(2006.01);F24F13/15(2006.01),授权发明,授权,2026-01-30,,False,电子电气
000333.SZ,美的集团,延长传感器寿命的方法、装置、存储介质及冰箱,"合肥华凌股份有限公司,合肥美的电冰箱有限公司,美的集团股份有限公司",2022100465164,CN116481255B,F25D29/00(2006.01),授权发明,授权,2026-01-30,,False,电子电气
000333.SZ,美的集团,冰箱化霜控制方法、控制装置及冰箱,"合肥华凌股份有限公司,合肥美的电冰箱有限公司,美的集团股份有限公司",2022103826215,CN116928976B,F25D29/00(2006.01);F25D21/00(2006.01);F25D21/06(2006.01);F25D19/00(2006.01);F25D17/06(2006.01);F25D23/00(2006.01),授权发明,授权,2026-01-30,,False,电子电气
000333.SZ,美的集团,开门方法和烹饪设备,"广东美的厨房电器制造有限公司,美的集团股份有限公司",2022104800180,CN117045100B,A47J27/04(2006.01);A47J36/38(2006.01);A47J36/00(2006.01);E05F15/70(2015.01),授权发明,授权,2026-01-30,,False,电子电气
000333.SZ,美的集团,空调器的控制方法、空调器及可读存储介质,"广东美的制冷设备有限公司,美的集团股份有限公司",2023105738745,CN116659064B,F24F11/86(2018.01);F25B49/02(2006.01),授权发明,授权,2026-01-30,,False,电子电气
000333.SZ,美的集团,空调器控制方法、空调器控制装置以及可读存储介质,"广东美的暖通设备有限公司,美的集团股份有限公司",2023112578083,CN119713509B,F24F11/64(2018.01);F24F11/89(2018.01);F25B49/02(2006.01);F25B41/34(2021.01);F25B41/40(2021.01);F24F11/46(2018.01),授权发明,授权,2026-01-30,,False,电子电气
000333.SZ,美的集团,斯特林热泵系统及其控制方法,"广东美的暖通设备有限公司,美的集团股份有限公司",202411252919X,CN118960240B,F25B9/14(2006.01);F25B41/20(2021.01);F25B40/06(2006.01);F25B43/00(2006.01);F25B49/02(2006.01),授权发明,授权,2026-01-30,,False,电子电气
000333.SZ,美的集团,加湿组件及制冷设备,"合肥华凌股份有限公司,合肥美的电冰箱有限公司,美的集团股份有限公司",2024118333883,CN119436686B,F25D17/06(2006.01);F25D23/00(2006.01);F25D21/14(2006.01),授权发明,授权,2026-01-30,,False,电子电气
000333.SZ,美的集团,一种滤芯组件以及净水器,"佛山市美的清湖净水设备有限公司,美的集团股份有限公司",2024229350021,CN223852421U,C02F9/00(2023.01);C02F1/00(2023.01);C02F1/44(2023.01);C02F1/68(2023.01),实用新型,授权,2026-01-30,,False,电子电气
000333.SZ,美的集团,电路板散热结构及电子设备,"广东美的制冷设备有限公司,美的集团股份有限公司",202423026439X,CN223859304U,H05K1/02(2006.01);H05K1/181(2026.01);H05K7/20(2006.01),实用新型,授权,2026-01-30,,False,电子电气
000333.SZ,美的集团,转动驱动机构、搁架升降结构及冰箱,"合肥华凌股份有限公司,合肥美的电冰箱有限公司,美的集团股份有限公司",2024233200629,CN223852198U,B66F7/02(2006.01);F25D25/02(2006.01);F25D11/00(2006.01);B66F7/28(2006.01),实用新型,授权,2026-01-30,,False,电子电气
000333.SZ,美的集团,过滤组件、过滤装置和过滤设备,"佛山市顺德区美的饮水机制造有限公司,美的集团股份有限公司",2024233220552,CN223846370U,B01D29/56(2006.01);B01D35/30(2006.01);B01D29/03(2006.01),实用新型,授权,2026-01-30,,False,电子电气
000333.SZ,美的集团,电池仓锁定组件、过滤器和水处理装置,"佛山市顺德区美的饮水机制造有限公司,美的集团股份有限公司",2024233220872,CN223858314U,H01M50/244(2021.01);H01M50/262(2021.01);H01M50/289(2021.01),实用新型,授权,2026-01-30,,False,电子电气
000333.SZ,美的集团,净饮机和水处理装置,"佛山市顺德区美的饮水机制造有限公司,美的集团股份有限公司",2024233220961,CN223845459U,A47J31/00(2006.01);C02F9/00(2023.01);A47J31/06(2006.01);A47J31/44(2006.01);F25C1/24(2018.01);C02F1/00(2023.01);C02F1/28(2023.01);C02F1/44(2023.01),实用新型,授权,2026-01-30,,False,电子电气
000333.SZ,美的集团,滤芯支架组件、厨下净水器、净水器和水处理装置,"佛山市顺德区美的饮水机制造有限公司,美的集团股份有限公司",2024233221254,CN223846453U,B01D35/30(2006.01),实用新型,授权,2026-01-30,,False,电子电气
000333.SZ,美的集团,焊接方法、装置、电子设备及存储介质,"广东美的制冷设备有限公司,美的集团股份有限公司",2025114850048,CN120940777B,B23K9/09(2006.01);B23K9/095(2006.01);B23K9/32(2006.01),授权发明,授权,2026-01-30,,False,电子电气
000333.SZ,美的集团,制冷系统和饮水设备,"佛山市美的清湖净水设备有限公司,美的集团股份有限公司",2025200711327,CN223855890U,F25B1/00(2006.01);A47J31/44(2006.01);F25D23/00(2006.01),实用新型,授权,2026-01-30,,False,电子电气
000333.SZ,美的集团,搁架储物装置以及制冷设备,"合肥华凌股份有限公司,合肥美的电冰箱有限公司,美的集团股份有限公司",2025200758624,CN223855983U,F25D25/02(2006.01);F25D23/00(2006.01);F25D11/00(2006.01),实用新型,授权,2026-01-30,,False,电子电气
000333.SZ,美的集团,搁架组件和冰箱,"合肥华凌股份有限公司,合肥美的电冰箱有限公司,美的集团股份有限公司",2025203392677,CN223855985U,F25D25/02(2006.01),实用新型,授权,2026-01-30,,False,电子电气
000333.SZ,美的集团,双系统车载冰箱,"合肥华凌股份有限公司,合肥美的电冰箱有限公司,美的集团股份有限公司",2025205009631,CN223855959U,F25D11/02(2006.01);F25D19/00(2006.01);F25D29/00(2006.01);F25B41/37(2021.01),实用新型,授权,2026-01-30,,False,电子电气
000333.SZ,美的集团,烤箱的前面板,"广东美的制冷设备有限公司,美的集团股份有限公司",2025303291563,CN309761193S,07-02(15),外观设计,授权,2026-01-30,,False,电子电气
000333.SZ,美的集团,电机控制方法、电机控制装置、电机驱动器及家用电器,"美的集团股份有限公司,广东美的白色家电技术创新中心有限公司",2020116047889,CN114696707B,H02P21/22(2016.01);H02P21/14(2016.01);H02P27/08(2006.01),授权发明,授权,2026-02-03,,False,电子电气
000333.SZ,美的集团,一种空气处理装置,"广东美的制冷设备有限公司,美的集团股份有限公司",2021100506297,CN114763936B,F24F8/30(2021.01);F24F8/80(2021.01);F24F13/08(2006.01);F24F13/22(2006.01);F24F13/24(2006.01);F24F13/30(2006.01),授权发明,授权,2026-02-03,,False,电子电气
000333.SZ,美的集团,室内换热组件、空调器及其控制方法,"广东美的制冷设备有限公司,美的集团股份有限公司",2021107035552,CN115523542B,F24F1/0063(2019.01);F24F1/0003(2019.01);F24F11/65(2018.01);F24F11/64(2018.01);F24F11/84(2018.01);F24F11/58(2018.01);F25B43/00(2006.01),授权发明,授权,2026-02-03,,False,电子电气
000333.SZ,美的集团,烹饪器具,"广东美的厨房电器制造有限公司,美的集团股份有限公司",2021115441308,CN114427692B,F24C15/20(2006.01),授权发明,授权,2026-02-03,,False,电子电气
000333.SZ,美的集团,表面清洁装置及其控制方法,"江苏美的清洁电器股份有限公司,美的集团股份有限公司",2022101264586,CN116616652B,A47L11/30(2006.01);A47L11/40(2006.01),授权发明,授权,2026-02-03,,False,电子电气
000333.SZ,美的集团,集成式厨房电器的控制方法和集成式厨房电器,"佛山市顺德区美的洗涤电器制造有限公司,美的集团股份有限公司",2022102543098,CN116792794B,F24F5/00(2006.01);F24F11/64(2018.01);F24C15/20(2006.01),授权发明,授权,2026-02-03,,False,电子电气
000333.SZ,美的集团,涡环方向控制方法、空调器、装置和可读存储介质,"广东美的制冷设备有限公司,美的集团股份有限公司",2022104644178,CN117006655B,F24F11/79(2018.01);F24F11/64(2018.01);F24F13/08(2006.01),授权发明,授权,2026-02-03,,False,电子电气
000333.SZ,美的集团,变频器及其控制方法和装置、电机、用电设备和存储介质,"重庆美的通用制冷设备有限公司,广东美的暖通设备有限公司,美的集团股份有限公司",2022106718513,CN114935730B,G01R31/64(2020.01);G08B21/18(2006.01);H02J13/12(2026.01),授权发明,授权,2026-02-03,,False,电子电气
000333.SZ,美的集团,物体的坐标方向的确定方法和确定装置,"美的集团股份有限公司,美的集团（上海）有限公司",2022116745729,CN115937316B,G06T7/73(2017.01);G06T7/62(2017.01);G06T1/00(2006.01),授权发明,授权,2026-02-03,,False,电子电气
000333.SZ,美的集团,物体的坐标方向的确定方法和确定装置,"美的集团股份有限公司,美的集团（上海）有限公司",2022116751325,CN115797618B,G06T7/73(2017.01);G06T7/62(2017.01);G06T1/00(2006.01),授权发明,授权,2026-02-03,,False,电子电气
000333.SZ,美的集团,冰箱,"合肥华凌股份有限公司,合肥美的电冰箱有限公司,美的集团股份有限公司",2023103403268,CN116255779B,F25D11/02(2006.01);F25D23/06(2006.01);F25D23/02(2006.01);F25D17/06(2006.01);F25D29/00(2006.01),授权发明,授权,2026-02-03,,False,电子电气
000333.SZ,美的集团,一种空调器及其泵断流识别方法,"广东美的暖通设备有限公司,美的集团股份有限公司",2023111979537,CN119642291B,F24F5/00(2006.01);F24F11/89(2018.01);F24F11/64(2018.01);F24F11/52(2018.01);F24F13/30(2006.01);F25B49/02(2006.01);F04B49/06(2006.01),授权发明,授权,2026-02-03,,False,电子电气
000333.SZ,美的集团,一种空调器及其控制方法,"广东美的暖通设备有限公司,美的集团股份有限公司",2023111979683,CN119642293B,F24F5/00(2006.01);F24F13/30(2006.01);F24F11/77(2018.01);F24F11/64(2018.01);F24F11/89(2018.01);F24F110/10(2018.01);F24F110/12(2018.01),授权发明,授权,2026-02-03,,False,电子电气
000333.SZ,美的集团,制冷设备的控制方法及其装置、制冷设备,"合肥华凌股份有限公司,合肥美的电冰箱有限公司,美的集团股份有限公司",2024118335408,CN119554832B,F25D29/00(2006.01);F25D17/04(2006.01);F25D31/00(2006.01),授权发明,授权,2026-02-03,,False,电子电气
000333.SZ,美的集团,电控组件及制冷设备,"合肥华凌股份有限公司,合肥美的电冰箱有限公司,美的集团股份有限公司",202520033611X,CN223869655U,F25D29/00(2006.01);H05K5/02(2006.01);H05K7/14(2006.01),实用新型,授权,2026-02-03,,False,电子电气
000333.SZ,美的集团,电控组件及制冷设备,"合肥华凌股份有限公司,合肥美的电冰箱有限公司,美的集团股份有限公司",2025200337108,CN223869656U,F25D29/00(2006.01);H05K5/02(2006.01);H05K7/14(2006.01),实用新型,授权,2026-02-03,,False,电子电气
000333.SZ,美的集团,电控组件及制冷设备,"合肥华凌股份有限公司,合肥美的电冰箱有限公司,美的集团股份有限公司",2025200337413,CN223869657U,F25D29/00(2006.01);H05K5/02(2006.01);H05K7/14(2006.01),实用新型,授权,2026-02-03,,False,电子电气
000333.SZ,美的集团,电控组件及制冷设备,"合肥华凌股份有限公司,合肥美的电冰箱有限公司,美的集团股份有限公司",2025200337837,CN223869658U,F25D29/00(2006.01);H05K5/02(2006.01);H05K7/14(2006.01),实用新型,授权,2026-02-03,,False,电子电气
000333.SZ,美的集团,电路板及制冷设备,"合肥华凌股份有限公司,合肥美的电冰箱有限公司,美的集团股份有限公司",2025200339279,CN223869659U,F25D29/00(2006.01);F25B49/02(2006.01),实用新型,授权,2026-02-03,,False,电子电气
000333.SZ,美的集团,一种静电集尘网、集尘装置及空气处理设备,"广东美的制冷设备有限公司,美的集团股份有限公司",2025202107505,CN223862024U,B03C3/45(2006.01);B03C3/70(2006.01);B03C3/34(2006.01),实用新型,授权,2026-02-03,,False,电子电气
000333.SZ,美的集团,一种静电集尘网、集尘装置及空气处理设备,"广东美的制冷设备有限公司,美的集团股份有限公司",2025202107577,CN223862025U,B03C3/45(2006.01);B03C3/70(2006.01);B03C3/34(2006.01),实用新型,授权,2026-02-03,,False,电子电气
000333.SZ,美的集团,一种集尘装置及空气处理设备,"广东美的制冷设备有限公司,美的集团股份有限公司",2025202107666,CN223862026U,B03C3/66(2006.01);B03C3/47(2006.01);B03C3/86(2006.01),实用新型,授权,2026-02-03,,False,电子电气
000333.SZ,美的集团,制冷设备,"合肥华凌股份有限公司,合肥美的电冰箱有限公司,美的集团股份有限公司",2025203139734,CN223869650U,F25D25/02(2006.01),实用新型,授权,2026-02-03,,False,电子电气
000333.SZ,美的集团,连接器插头及连接装置,"广东美的制冷设备有限公司,美的集团股份有限公司",2025204142486,CN223871748U,H01R13/40(2006.01);H01R13/639(2006.01);H01R13/04(2006.01);H01R13/64(2006.01),实用新型,授权,2026-02-03,,False,电子电气
000333.SZ,美的集团,底板组件、箱体及制冷设备,"合肥华凌股份有限公司,合肥美的电冰箱有限公司,美的集团股份有限公司",202520504048X,CN223869584U,F25D11/00(2006.01);F25D23/06(2006.01);F25D23/00(2006.01),实用新型,授权,2026-02-03,,False,电子电气
000333.SZ,美的集团,一种磁阻电机及电动牙刷,"江苏美的清洁电器股份有限公司,美的集团股份有限公司",2020112215654,CN112311185B,H02K33/12(2006.01);H02K33/14(2006.01);H02K1/24(2006.01);H02K1/12(2006.01);A61C17/34(2006.01),授权发明,授权,2026-02-06,,False,电子电气
000333.SZ,美的集团,一种均衡控制电路、方法、电池及电子设备,"美的集团股份有限公司,广东美的白色家电技术创新中心有限公司",2022108776496,CN115173519B,H02J7/56(2026.01);H01M10/42(2006.01);H01M10/44(2006.01),授权发明,授权,2026-02-06,,False,电子电气
000333.SZ,美的集团,支撑密封装置、压缩机和空调器,"重庆美的通用制冷设备有限公司,广东美的暖通设备有限公司,美的集团股份有限公司",2022110280501,CN115388173B,F16J15/40(2006.01);F16J15/16(2006.01);F16C35/02(2006.01);F04C29/00(2006.01);F04C27/00(2006.01),授权发明,授权,2026-02-06,,False,电子电气
000333.SZ,美的集团,烹饪器具,"广东美的厨房电器制造有限公司,美的集团股份有限公司",2022111971668,CN116419443B,H05B6/68(2006.01);H05B6/66(2006.01);F24C7/08(2006.01),授权发明,授权,2026-02-06,,False,电子电气
000333.SZ,美的集团,交互方法及装置、机器人、存储介质和计算机程序产品,"美的集团股份有限公司,美的集团（上海）有限公司",2022116623238,CN116038724B,B25J11/00(2006.01),授权发明,授权,2026-02-06,,False,电子电气
000333.SZ,美的集团,移动冰箱的制冷控制方法、控制器、移动冰箱和存储介质,"合肥华凌股份有限公司,合肥美的电冰箱有限公司,美的集团股份有限公司",2023102266193,CN116202298B,F25D29/00(2006.01),授权发明,授权,2026-02-06,,False,电子电气
000333.SZ,美的集团,图像处理方法、装置、程序产品、成像设备和手术机器人,"美的集团股份有限公司,美的集团（上海）有限公司",2023108774705,CN116883437B,G06T7/12(2017.01);A61B34/20(2016.01);A61B34/30(2016.01);G06T7/13(2017.01);G06T3/06(2024.01);G06T7/136(2017.01),授权发明,授权,2026-02-06,,False,电子电气
000333.SZ,美的集团,空调器的控制方法、控制器、空调器和存储介质,"广东美的制冷设备有限公司,美的集团股份有限公司",2023111229259,CN117006676B,F24F11/89(2018.01);F24F11/64(2018.01);F24F11/61(2018.01);F24F11/65(2018.01);F24F11/67(2018.01),授权发明,授权,2026-02-06,,False,电子电气
000333.SZ,美的集团,软水阀、软水阀的控制方法及软水机,"佛山市顺德区美的饮水机制造有限公司,美的集团股份有限公司",2023112156486,CN119664963B,F16K11/22(2006.01);F16K27/04(2006.01);F16K37/00(2006.01);C02F5/00(2023.01),授权发明,授权,2026-02-06,,False,电子电气
000333.SZ,美的集团,一种过滤装置和衣物处理系统,"美的集团股份有限公司,广东美的白色家电技术创新中心有限公司",2021114540378,CN116196709B,B01D46/24(2006.01);B01D46/26(2006.01);B01D46/79(2022.01);B01D46/88(2022.01);D06F39/10(2006.01),授权发明,授权,2026-02-10,,False,电子电气
000333.SZ,美的集团,一种场效应管的串扰抑制电路、方法及设备,"美的集团股份有限公司,广东美的白色家电技术创新中心有限公司",2022106120389,CN114844325B,H02M1/00(2007.01);H02M1/088(2006.01),授权发明,授权,2026-02-10,,False,电子电气
000333.SZ,美的集团,洗地机助力轮的控制方法以及洗地机,"江苏美的清洁电器股份有限公司,美的集团股份有限公司",2023100666401,CN115998207B,A47L11/40(2006.01);A47L11/282(2006.01);H02P7/03(2016.01);H02H7/08(2006.01);H02H7/085(2006.01),授权发明,授权,2026-02-10,,False,电子电气
000333.SZ,美的集团,一种壳体组件和空调器,"广东美的制冷设备有限公司,美的集团股份有限公司",202310934286X,CN116951736B,F24F13/20(2006.01);F24F13/22(2006.01);F24F11/89(2018.01);F24F11/79(2018.01);F24F1/0073(2019.01);F24F1/0063(2019.01);F24F1/0018(2019.01);F24F8/108(2021.01),授权发明,授权,2026-02-10,,False,电子电气
000333.SZ,美的集团,开门机构和电器设备,"合肥华凌股份有限公司,合肥美的电冰箱有限公司,美的集团股份有限公司",2024233143081,CN223894016U,E05F15/619(2015.01);F25D23/02(2006.01);E05F15/70(2015.01),实用新型,授权,2026-02-10,,False,电子电气
000333.SZ,美的集团,开门机构和电器设备,"合肥华凌股份有限公司,合肥美的电冰箱有限公司,美的集团股份有限公司",2024233144258,CN223894017U,E05F15/619(2015.01);F25D23/02(2006.01);E05F15/70(2015.01),实用新型,授权,2026-02-10,,False,电子电气
000333.SZ,美的集团,开门机构和电器设备,"合肥华凌股份有限公司,合肥美的电冰箱有限公司,美的集团股份有限公司",2024233144686,CN223894018U,E05F15/619(2015.01);F25D23/02(2006.01);E05F15/70(2015.01),实用新型,授权,2026-02-10,,False,电子电气
000333.SZ,美的集团,一种开门装置及电器设备,"合肥华凌股份有限公司,合肥美的电冰箱有限公司,美的集团股份有限公司",202423315672X,CN223894007U,E05F15/00(2015.01);E05F15/614(2015.01);F25D23/02(2006.01),实用新型,授权,2026-02-10,,False,电子电气
000333.SZ,美的集团,一种自动开门装置和冰箱,"合肥华凌股份有限公司,合肥美的电冰箱有限公司,美的集团股份有限公司",2024233198845,CN223894008U,E05F15/00(2015.01);E05F15/614(2015.01);F25D23/02(2006.01),实用新型,授权,2026-02-10,,False,电子电气
000333.SZ,美的集团,柜式空调,"广东美的制冷设备有限公司,美的集团股份有限公司",2024305847733,CN309786570S,23-04(14),外观设计,授权,2026-02-10,,False,电子电气
000333.SZ,美的集团,基于语音的交互方法、装置、智能设备和计算机可读存储介质,"美的集团股份有限公司,美的集团(上海)有限公司",2021100715837,CN114863909B,G10L13/04(2013.01);G10L13/08(2013.01);G10L13/033(2013.01);G10L19/00(2013.01),授权发明,授权,2026-02-13,,False,电子电气
000333.SZ,美的集团,一种温度控制设备调节方法、装置和计算机存储介质,"广东美的制冷设备有限公司,美的集团股份有限公司",2021107135423,CN115523634B,F24F11/64(2018.01);F24F11/79(2018.01);F24F110/10(2018.01),授权发明,授权,2026-02-13,,False,电子电气
000333.SZ,美的集团,风机组件及具有其的吸尘器,"江苏美的清洁电器股份有限公司,美的集团股份有限公司",2021114427159,CN116201746B,F04D25/08(2006.01);F04D17/12(2006.01);F04D29/44(2006.01);F04D29/42(2006.01);F04D29/28(2006.01);F04D29/08(2006.01);F04D29/056(2006.01);F04D29/66(2006.01);A47L5/22(2006.01);A47L9/00(2006.01),授权发明,授权,2026-02-13,,False,电子电气
000333.SZ,美的集团,一种空压机组的控制方法、系统、设备和存储介质,美的集团股份有限公司,2022100945320,CN116538063B,F04B49/06(2006.01),授权发明,授权,2026-02-13,,False,电子电气
000333.SZ,美的集团,门组件及储物柜,"合肥华凌股份有限公司,合肥美的电冰箱有限公司,美的集团股份有限公司",2022109692939,CN117627457B,E05B5/00(2006.01);A47B95/02(2006.01);F25D23/02(2006.01),授权发明,授权,2026-02-13,,False,电子电气
000333.SZ,美的集团,门组件及储物柜,"合肥华凌股份有限公司,合肥美的电冰箱有限公司,美的集团股份有限公司",2022109697006,CN117627458B,E05B5/00(2006.01);A47B95/02(2006.01);F25D23/02(2006.01),授权发明,授权,2026-02-13,,False,电子电气
000333.SZ,美的集团,一种过滤装置、分离器及清洁设备,"美的集团股份有限公司,广东美的白色家电技术创新中心有限公司",202211642479X,CN115813301B,A47L15/14(2006.01);A47L15/42(2006.01);A47L15/50(2006.01);A23N12/02(2006.01);D06F39/10(2006.01),授权发明,授权,2026-02-13,,False,电子电气
000333.SZ,美的集团,机器人控制方法、装置、设备和存储介质,"美的集团股份有限公司,广东美的白色家电技术创新中心有限公司",2023118421663,CN120228707B,B25J9/16(2006.01),授权发明,授权,2026-02-13,,False,电子电气
000333.SZ,美的集团,双向电流检测电路,"广东美的制冷设备有限公司,美的集团股份有限公司",2024230705693,CN223910973U,G01R19/00(2006.01);G01R15/18(2006.01);G01R1/30(2006.01),实用新型,授权,2026-02-13,,False,电子电气
000333.SZ,美的集团,洗碗机,"佛山市顺德区美的洗涤电器制造有限公司,美的集团股份有限公司",2024232730628,CN223900758U,A47L15/14(2006.01);A47L15/42(2006.01),实用新型,授权,2026-02-13,,False,电子电气
000333.SZ,美的集团,电子设备的设备管理图形用户界面的分类导航区和展示区,"美的集团股份有限公司,美的集团(上海)有限公司",2024307778969,CN309793372S,14-04(14),外观设计,授权,2026-02-13,,False,电子电气
000333.SZ,美的集团,滑动组件及家用器具,"合肥华凌股份有限公司,合肥美的电冰箱有限公司,美的集团股份有限公司",2025201635890,CN223900487U,A47B88/40(2017.01);A47B88/90(2017.01);A47B88/919(2017.01),实用新型,授权,2026-02-13,,False,电子电气
000333.SZ,美的集团,热水系统和净热一体机,"佛山市顺德区美的饮水机制造有限公司,美的集团股份有限公司",202520298977X,CN223909720U,F24H1/18(2022.01);F24H9/14(2006.01);F24H9/1818(2022.01);F24H9/20(2022.01);F24H9/00(2022.01);F24H15/174(2022.01);F24H15/212(2022.01);F24H15/305(2022.01);F24H15/335(2022.01);A47J31/44(2006.01);C02F9/00(2023.01);C02F1/00(2023.01);C02F1/44(2023.01);C02F1/02(2023.01);C02F103/04(2006.01),实用新型,授权,2026-02-13,,False,电子电气
000333.SZ,美的集团,热罐组件和净热一体机,"佛山市顺德区美的饮水机制造有限公司,美的集团股份有限公司",2025202990936,CN223909723U,F24H1/20(2022.01);F24H9/00(2022.01);F24H9/02(2006.01);F24H9/20(2022.01);F24H15/223(2022.01);F24H15/248(2022.01);F24H15/414(2022.01);B01D29/00(2006.01),实用新型,授权,2026-02-13,,False,电子电气
000333.SZ,美的集团,热罐组件和净热一体机,"佛山市顺德区美的饮水机制造有限公司,美的集团股份有限公司",2025202991017,CN223909724U,F24H1/20(2022.01);F24H9/00(2022.01);F24H9/02(2006.01);F24H9/20(2022.01);F24H15/223(2022.01);F24H15/248(2022.01);F24H15/421(2022.01);F24H15/174(2022.01);B01D29/00(2006.01),实用新型,授权,2026-02-13,,False,电子电气
000333.SZ,美的集团,热罐组件以及净热一体机,"佛山市顺德区美的饮水机制造有限公司,美的集团股份有限公司",2025203015638,CN223909725U,F24H1/20(2022.01);F24H9/00(2022.01);F24H9/02(2006.01);F24H9/20(2022.01);F24H15/223(2022.01);F24H15/248(2022.01);F24H15/414(2022.01);B01D29/00(2006.01),实用新型,授权,2026-02-13,,False,电子电气
000333.SZ,美的集团,热罐组件以及净热一体机,"佛山市顺德区美的饮水机制造有限公司,美的集团股份有限公司",2025203047874,CN223909726U,F24H1/20(2022.01);F24H9/00(2022.01);F24H9/02(2006.01);F24H9/20(2022.01);F24H15/223(2022.01);F24H15/248(2022.01);F24H15/414(2022.01);B01D29/00(2006.01);F28B1/02(2006.01);F28B9/08(2006.01),实用新型,授权,2026-02-13,,False,电子电气
000333.SZ,美的集团,热罐组件和净热一体机,"佛山市顺德区美的饮水机制造有限公司,美的集团股份有限公司",2025203051899,CN223909727U,F24H1/20(2022.01);F24H9/00(2022.01);F24H9/02(2006.01);F24H9/20(2022.01);F24H15/223(2022.01);F24H15/248(2022.01);F24H15/421(2022.01);F24H15/174(2022.01);B01D29/00(2006.01),实用新型,授权,2026-02-13,,False,电子电气
000333.SZ,美的集团,容纳组件和家电设备,"广东美的厨房电器制造有限公司,美的集团股份有限公司",2021109552464,CN115707415B,A47J37/06(2006.01);F24C7/02(2006.01);H05B6/64(2006.01);H05B6/68(2006.01),授权发明,授权,2026-02-17,,False,电子电气
000333.SZ,美的集团,烹饪设备,"广东美的厨房电器制造有限公司,美的集团股份有限公司",2021116084632,CN116327000B,A47J36/24(2006.01);A47J37/06(2006.01),授权发明,授权,2026-02-17,,False,电子电气
000333.SZ,美的集团,干衣设备以及干衣方法,"广东美的制冷设备有限公司,美的集团股份有限公司,广东美的白色家电技术创新中心有限公司",2021116721594,CN116411444B,D06F58/20(2006.01);D06F58/26(2006.01);D06F58/04(2006.01);D06F58/38(2020.01);D06F103/32(2020.01),授权发明,授权,2026-02-17,,False,电子电气
000333.SZ,美的集团,一种控制装置及燃气灶,"佛山市顺德区美的洗涤电器制造有限公司,美的集团股份有限公司",2022103325508,CN114484522B,F24C3/12(2006.01),授权发明,授权,2026-02-17,,False,电子电气
000333.SZ,美的集团,洗碗机,"佛山市顺德区美的洗涤电器制造有限公司,美的集团股份有限公司",2024232725564,CN223914096U,A47L15/14(2006.01);A47L15/42(2006.01),实用新型,授权,2026-02-17,,False,电子电气
000333.SZ,美的集团,洗碗机,"佛山市顺德区美的洗涤电器制造有限公司,美的集团股份有限公司",2024232728280,CN223914097U,A47L15/14(2006.01);A47L15/42(2006.01),实用新型,授权,2026-02-17,,False,电子电气
000333.SZ,美的集团,洗碗机,"佛山市顺德区美的洗涤电器制造有限公司,美的集团股份有限公司",2024232729635,CN223914098U,A47L15/14(2006.01);A47L15/42(2006.01),实用新型,授权,2026-02-17,,False,电子电气
000333.SZ,美的集团,开门机构和电器设备,"合肥华凌股份有限公司,合肥美的电冰箱有限公司,美的集团股份有限公司",2024233144506,CN223922897U,E05F15/619(2015.01);F25D23/02(2006.01);E05F15/70(2015.01),实用新型,授权,2026-02-17,,False,电子电气
000333.SZ,美的集团,饮水装置,"佛山市美的清湖净水设备有限公司,美的集团股份有限公司",2025200711505,CN223913957U,A47J31/44(2006.01);A47J31/46(2006.01);A47J31/54(2006.01),实用新型,授权,2026-02-17,,False,电子电气
000333.SZ,美的集团,电路盒组件以及集成灶,"美的集团股份有限公司,邯郸美的智能厨电制造有限公司",2025200851017,CN223928656U,H05K7/20(2006.01);H05K5/02(2006.01);F24C15/00(2006.01);F24C15/20(2006.01),实用新型,授权,2026-02-17,,False,电子电气
000333.SZ,美的集团,一种制冷设备,"合肥华凌股份有限公司,合肥美的电冰箱有限公司,美的集团股份有限公司",2025201622513,CN223925206U,F25D11/02(2006.01);F25D17/06(2006.01);F25D23/00(2006.01),实用新型,授权,2026-02-17,,False,电子电气
000333.SZ,美的集团,一种制冷设备,"合肥华凌股份有限公司,合肥美的电冰箱有限公司,美的集团股份有限公司",2025201622814,CN223925207U,F25D11/02(2006.01);F25D17/06(2006.01);F25D23/00(2006.01),实用新型,授权,2026-02-17,,False,电子电气
000333.SZ,美的集团,底垫、包装组件及制冷设备,"合肥华凌股份有限公司,合肥美的电冰箱有限公司,美的集团股份有限公司",2025201945454,CN223920099U,B65D81/133(2006.01);B65D25/14(2006.01),实用新型,授权,2026-02-17,,False,电子电气
000333.SZ,美的集团,一种管线机,"佛山市顺德区美的饮水机制造有限公司,美的集团股份有限公司",2025202784587,CN223925103U,F24H1/10(2022.01);F24H9/00(2022.01);F24H9/1818(2022.01);F24H9/20(2022.01);F21V33/00(2006.01),实用新型,授权,2026-02-17,,False,电子电气
000333.SZ,美的集团,无水箱管线机以及净饮系统,"佛山市顺德区美的饮水机制造有限公司,美的集团股份有限公司",2025202788427,CN223925104U,F24H1/10(2022.01);F24H9/00(2022.01);F24H9/1818(2022.01);F24H9/20(2022.01);F24H15/238(2022.01);F24H15/305(2022.01);F24H15/335(2022.01);C02F1/32(2023.01);C02F1/78(2023.01),实用新型,授权,2026-02-17,,False,电子电气
000333.SZ,美的集团,天花机及空调器,"广东美的制冷设备有限公司,美的集团股份有限公司",2025204180134,CN223924975U,F24F1/0014(2019.01);F24F13/14(2006.01);F24F13/20(2006.01),实用新型,授权,2026-02-17,,False,电子电气
000333.SZ,美的集团,供水组件及制冷设备,"合肥华凌股份有限公司,合肥美的电冰箱有限公司,美的集团股份有限公司",2025205533792,CN223925228U,F25D23/12(2006.01);F25D11/00(2006.01);F25C1/00(2006.01),实用新型,授权,2026-02-17,,False,电子电气
000333.SZ,美的集团,移动空调,"广东美的制冷设备有限公司,美的集团股份有限公司",202010348564X,CN113566306B,F24F1/0323(2019.01);F24F5/00(2006.01);F24F13/32(2006.01),授权发明,授权,2026-02-24,,False,电子电气
000333.SZ,美的集团,空气处理设备,"广东美的制冷设备有限公司,美的集团股份有限公司",2021107459865,CN115560410B,F24F6/04(2006.01);F24F13/00(2006.01);F24F11/89(2018.01);F24F13/32(2006.01);B01D29/03(2006.01);C02F1/467(2006.01),授权发明,授权,2026-02-24,,False,电子电气
000333.SZ,美的集团,空调器,"广东美的制冷设备有限公司,美的集团股份有限公司",2021108444227,CN115682118B,F24F1/0014(2019.01);F24F1/0087(2019.01);F24F1/0071(2019.01);F24F13/10(2006.01),授权发明,授权,2026-02-24,,False,电子电气
000333.SZ,美的集团,定位方法、定位装置、电子终端、电子设备和存储介质,"广东美的制冷设备有限公司,美的集团股份有限公司",2021111834793,CN115963446B,G01S5/10(2006.01),授权发明,授权,2026-02-24,,False,电子电气
000333.SZ,美的集团,净化组件和具有其的空气处理设备,"广东美的制冷设备有限公司,美的集团股份有限公司",2021113566597,CN116136330B,F24F8/125(2021.01);F24F8/133(2021.01),授权发明,授权,2026-02-24,,False,电子电气
000333.SZ,美的集团,过滤系统及洗碗机,"美的集团股份有限公司,广东美的白色家电技术创新中心有限公司",2021114136844,CN116158711B,A47L15/42(2006.01);A47L15/14(2006.01),授权发明,授权,2026-02-24,,False,电子电气
000333.SZ,美的集团,锁结构和烹饪器具,"广东美的厨房电器制造有限公司,美的集团股份有限公司",2022102602734,CN116791975B,E05B65/00(2006.01);E05B17/22(2006.01);E05B15/00(2006.01),授权发明,授权,2026-02-24,,False,电子电气
000333.SZ,美的集团,电机控制方法、控制器、控制装置及磁悬浮压缩机机组,"重庆美的通用制冷设备有限公司,广东美的暖通设备有限公司,美的集团股份有限公司",2022111771394,CN115378342B,H02P27/08(2006.01),授权发明,授权,2026-02-24,,False,电子电气
000333.SZ,美的集团,暖通设备、存储介质、压缩机及其控制方法和控制装置,"重庆美的通用制冷设备有限公司,广东美的暖通设备有限公司,美的集团股份有限公司",2023100876217,CN116086071B,F25B49/02(2006.01),授权发明,授权,2026-02-24,,False,电子电气
000333.SZ,美的集团,电机及其噪音抑制方法、装置、电机控制器、存储介质,"重庆美的通用制冷设备有限公司,美的集团股份有限公司",2023103659823,CN116345990B,H02P29/50(2016.01);H02P27/04(2016.01);H02M1/12(2006.01);H02M1/44(2007.01),授权发明,授权,2026-02-24,,False,电子电气
000333.SZ,美的集团,暖通系统及其控制方法、控制装置以及存储介质,"广东美的暖通设备有限公司,美的集团股份有限公司",2023105834117,CN116608503B,F24D19/10(2006.01),授权发明,授权,2026-02-24,,False,电子电气
000333.SZ,美的集团,净水组件和净水设备,"佛山市顺德区美的饮水机制造有限公司,美的集团股份有限公司",2024112766161,CN119019040B,C02F9/00(2023.01);C02F1/469(2023.01);C02F1/461(2023.01);C02F1/00(2023.01);C02F1/28(2023.01);C02F101/30(2006.01);C02F101/20(2006.01),授权发明,授权,2026-02-24,,False,电子电气
000333.SZ,美的集团,净水组件和净水设备,"佛山市顺德区美的饮水机制造有限公司,美的集团股份有限公司",2024112784846,CN118878025B,C02F1/469(2023.01);C02F1/461(2023.01);C02F9/00(2023.01);C02F1/00(2023.01);C02F1/28(2023.01);C02F101/20(2006.01),授权发明,授权,2026-02-24,,False,电子电气
000333.SZ,美的集团,电容去离子电极和电容去离子器件,"佛山市顺德区美的饮水机制造有限公司,美的集团股份有限公司",202411278649X,CN118908358B,C02F1/461(2023.01);C02F1/469(2023.01),授权发明,授权,2026-02-24,,False,电子电气
000333.SZ,美的集团,高阻尼聚苯乙烯-聚丙烯合金材料及其制备方法和空调底盘,"广东美的制冷设备有限公司,美的集团股份有限公司",2024113053157,CN118812986B,C08L51/04(2006.01);C08K3/30(2006.01);C08K3/34(2006.01);C08K5/14(2006.01);C08L11/00(2006.01);C08L23/12(2006.01);C08L53/02(2006.01);C08L83/04(2006.01);C08L9/02(2006.01),授权发明,授权,2026-02-24,,False,电子电气
000333.SZ,美的集团,进风罩、风机系统和厨房电器,"美的集团股份有限公司,邯郸美的智能厨电制造有限公司",2024231542458,CN223939499U,F24C15/20(2006.01),实用新型,授权,2026-02-24,,False,电子电气
000333.SZ,美的集团,微气泡洗涤剂装置和洗涤设备,"佛山市顺德区美的洗涤电器制造有限公司,美的集团股份有限公司",202423323544X,CN223930123U,A47L15/14(2006.01);A47L15/44(2006.01);A47L15/42(2006.01),实用新型,授权,2026-02-24,,False,电子电气
000333.SZ,美的集团,丝印缺陷检测方法、装置、电子设备及存储介质,"广东美的制冷设备有限公司,美的集团股份有限公司",2025113424217,CN120831372B,G01N21/956(2006.01);G01N21/88(2006.01);G06T7/00(2017.01);G06V10/75(2022.01);G06V10/74(2022.01),授权发明,授权,2026-02-24,,False,电子电气
000333.SZ,美的集团,加湿模块、空气处理部件和空调器,"广东美的制冷设备有限公司,美的集团股份有限公司",202520007342X,CN223939584U,F24F6/04(2006.01);F24F7/00(2021.01);F24F13/00(2006.01);F24F11/89(2018.01);F24F1/0087(2019.01);F24F1/0035(2019.01),实用新型,授权,2026-02-24,,False,电子电气
000333.SZ,美的集团,直冷系统和储能系统,"广东美的暖通设备有限公司,美的集团股份有限公司",2025200097250,CN223941836U,H01M10/613(2014.01);H01M10/617(2014.01);H01M10/6568(2014.01);H01M10/6556(2014.01);H01M10/6554(2014.01);H01M10/6563(2014.01);H01M10/6566(2014.01),实用新型,授权,2026-02-24,,False,电子电气
000333.SZ,美的集团,燃气烤箱,"美的集团股份有限公司,邯郸美的智能厨电制造有限公司",2025200251183,CN223929981U,A47J37/06(2006.01),实用新型,授权,2026-02-24,,False,电子电气
000333.SZ,美的集团,燃气烤箱,"美的集团股份有限公司,邯郸美的智能厨电制造有限公司",2025200258680,CN223929982U,A47J37/06(2006.01),实用新型,授权,2026-02-24,,False,电子电气
000333.SZ,美的集团,烹饪电器,"美的集团股份有限公司,邯郸美的智能厨电制造有限公司",2025200258873,CN223929983U,A47J37/06(2006.01);A47J27/04(2006.01);A47J36/00(2006.01);A47J36/24(2006.01),实用新型,授权,2026-02-24,,False,电子电气
000333.SZ,美的集团,集流管、换热器和空调器,"广东美的制冷设备有限公司,美的集团股份有限公司",202520070599X,CN223939695U,F25B41/42(2021.01);F25B41/24(2021.01);F25B39/00(2006.01);F24F5/00(2006.01);F24F13/30(2006.01),实用新型,授权,2026-02-24,,False,电子电气
000333.SZ,美的集团,净化部件和具有其的空调器,"广东美的制冷设备有限公司,美的集团股份有限公司",202520087551X,CN223939541U,F24F1/0076(2019.01);F24F8/192(2021.01);B03C3/41(2006.01);B03C3/45(2006.01);B03C3/34(2006.01),实用新型,授权,2026-02-24,,False,电子电气
000333.SZ,美的集团,喷臂、喷淋系统和洗碗机,"佛山市顺德区美的洗涤电器制造有限公司,美的集团股份有限公司",2025201737447,CN223930131U,A47L15/42(2006.01);A47L15/22(2006.01),实用新型,授权,2026-02-24,,False,电子电气
000333.SZ,美的集团,洗碗机的底座组件和具有其的洗碗机,"佛山市顺德区美的洗涤电器制造有限公司,美的集团股份有限公司",2025201959245,CN223930132U,A47L15/42(2006.01),实用新型,授权,2026-02-24,,False,电子电气
000333.SZ,美的集团,空调室外机和具有其的空调器,"广东美的制冷设备有限公司,美的集团股份有限公司",2025202092675,CN223939555U,F24F1/22(2011.01);F24F1/56(2011.01);F24F1/16(2011.01);F24F13/30(2006.01);F24F13/20(2006.01),实用新型,授权,2026-02-24,,False,电子电气
000333.SZ,美的集团,燃气控制装置和燃气灶,"美的集团股份有限公司,邯郸美的智能厨电制造有限公司",2025202694129,CN223939494U,F24C3/12(2006.01);F24C3/08(2006.01);F23N1/00(2006.01),实用新型,授权,2026-02-24,,False,电子电气
000333.SZ,美的集团,燃气控制装置和燃气灶,"美的集团股份有限公司,邯郸美的智能厨电制造有限公司",2025202695259,CN223939495U,F24C3/12(2006.01);F24C3/08(2006.01);F23N1/00(2006.01),实用新型,授权,2026-02-24,,False,电子电气
000333.SZ,美的集团,饮水设备的制冷组件、制冷系统和饮水设备,"佛山市顺德区美的饮水机制造有限公司,美的集团股份有限公司",2025202784017,CN223939757U,F25D31/00(2006.01);F25B1/00(2006.01);A47J31/00(2006.01),实用新型,授权,2026-02-24,,False,电子电气
000333.SZ,美的集团,饮水设备的制冷组件、制冷系统和饮水设备,"佛山市顺德区美的饮水机制造有限公司,美的集团股份有限公司",2025202821834,CN223939758U,F25D31/00(2006.01);F25B1/00(2006.01);A47J31/00(2006.01),实用新型,授权,2026-02-24,,False,电子电气
000333.SZ,美的集团,速热装置和饮水机,"佛山市顺德区美的饮水机制造有限公司,美的集团股份有限公司",2025202822273,CN223929952U,A47J31/44(2006.01);A47J31/00(2006.01),实用新型,授权,2026-02-24,,False,电子电气
000333.SZ,美的集团,抽屉导轨结构、抽屉导轨系统及冰箱,"合肥华凌股份有限公司,合肥美的电冰箱有限公司,美的集团股份有限公司",2025203127050,CN223939751U,F25D25/02(2006.01);F25D11/00(2006.01),实用新型,授权,2026-02-24,,False,电子电气
000333.SZ,美的集团,洗碗机的干燥系统和洗碗机,"佛山市顺德区美的洗涤电器制造有限公司,美的集团股份有限公司",2025203514246,CN223930136U,A47L15/48(2006.01);A47L15/42(2006.01),实用新型,授权,2026-02-24,,False,电子电气
000333.SZ,美的集团,洗碗机的干燥系统和洗碗机,"佛山市顺德区美的洗涤电器制造有限公司,美的集团股份有限公司",2025203514424,CN223930137U,A47L15/48(2006.01);A47L15/42(2006.01),实用新型,授权,2026-02-24,,False,电子电气
000333.SZ,美的集团,水杯组件和洗碗机,"佛山市顺德区美的洗涤电器制造有限公司,美的集团股份有限公司",202520354717X,CN223930121U,A47L15/00(2006.01);A47L15/42(2006.01),实用新型,授权,2026-02-24,,False,电子电气
000333.SZ,美的集团,洗碗机,"佛山市顺德区美的洗涤电器制造有限公司,美的集团股份有限公司",2025203585307,CN223930138U,A47L15/48(2006.01);A47L15/42(2006.01),实用新型,授权,2026-02-24,,False,电子电气
000333.SZ,美的集团,电控盒和清洁设备,"佛山市顺德区美的洗涤电器制造有限公司,美的集团股份有限公司",2025204617447,CN223930133U,A47L15/42(2006.01);A47L15/14(2006.01),实用新型,授权,2026-02-24,,False,电子电气
000333.SZ,美的集团,新风模块和空调设备,"广东美的制冷设备有限公司,美的集团股份有限公司",2025205315069,CN223939538U,F24F1/0035(2019.01);F24F1/0073(2019.01);F24F1/0087(2019.01);F24F1/009(2019.01);F24F11/89(2018.01),实用新型,授权,2026-02-24,,False,电子电气
000333.SZ,美的集团,净水机,"广东美的制冷设备有限公司,美的集团股份有限公司",2025303758299,CN309812244S,23-01(15),外观设计,授权,2026-02-24,,False,电子电气
000333.SZ,美的集团,空调四通阀集成模块的主体,"广东美的暖通设备有限公司,美的集团股份有限公司",2025303796549,CN309812245S,23-01(15),外观设计,授权,2026-02-24,,False,电子电气
000333.SZ,美的集团,燃气阀,"美的集团股份有限公司,邯郸美的智能厨电制造有限公司",2025304421668,CN309812302S,23-01(15),外观设计,授权,2026-02-24,,False,电子电气
000333.SZ,美的集团,空调器,"广东美的制冷设备有限公司,美的集团股份有限公司",2020107279622,CN113970134B,F24F1/029(2019.01);F24F1/0323(2019.01);F24F13/06(2006.01);F24F13/20(2006.01),授权发明,授权,2026-02-27,,False,电子电气
000333.SZ,美的集团,燃气设备的调试方法、燃气设备的调试装置及调试设备,"芜湖美的厨卫电器制造有限公司,美的集团股份有限公司",2021100148102,CN114719288B,F23N5/00(2006.01),授权发明,授权,2026-02-27,,False,电子电气
000333.SZ,美的集团,空调器,"广东美的制冷设备有限公司,美的集团股份有限公司",2021107855852,CN115614818B,F24F1/0011(2019.01);F24F13/10(2006.01);F24F11/89(2018.01);F24F11/79(2018.01);F24F11/64(2018.01);F24F11/61(2018.01),授权发明,授权,2026-02-27,,False,电子电气
000333.SZ,美的集团,换热部件以及空调器,"广东美的制冷设备有限公司,美的集团股份有限公司",2021108567481,CN115682158B,F24F1/0063(2019.01);F24F1/0097(2019.01);F24F13/22(2006.01),授权发明,授权,2026-02-27,,False,电子电气
000333.SZ,美的集团,空调器,"广东美的制冷设备有限公司,美的集团股份有限公司",2021108594510,CN115682159B,F24F1/0063(2019.01);F24F1/0097(2019.01);F24F13/22(2006.01);F24F13/20(2006.01);F24F13/24(2006.01),授权发明,授权,2026-02-27,,False,电子电气
000333.SZ,美的集团,空调室内机、空调器、空调室内机的控制方法,"广东美的制冷设备有限公司,美的集团股份有限公司",2021108728040,CN115682162B,F24F1/0071(2019.01);F24F1/0022(2019.01);F24F11/74(2018.01);F24F11/89(2018.01);F24F11/64(2018.01),授权发明,授权,2026-02-27,,False,电子电气
000333.SZ,美的集团,家电设备的控制方法、控制装置、电子设备及存储介质,"广东美的制冷设备有限公司,美的集团股份有限公司",2021113138325,CN116088322B,G05B15/02(2006.01);G05B19/418(2006.01),授权发明,授权,2026-02-27,,False,电子电气
000333.SZ,美的集团,空调室内机及具有其的空调器,"广东美的制冷设备有限公司,美的集团股份有限公司",2021113289804,CN116105355B,F24F13/20(2006.01);F24F1/0007(2019.01),授权发明,授权,2026-02-27,,False,电子电气
000333.SZ,美的集团,空气处理装置,"广东美的制冷设备有限公司,美的集团股份有限公司",2021114470873,CN116202148B,F24F3/14(2006.01);F24F3/153(2006.01),授权发明,授权,2026-02-27,,False,电子电气
000333.SZ,美的集团,制冰单元和空调器,"广东美的制冷设备有限公司,美的集团股份有限公司",2022100113574,CN116447786B,F25C1/10(2006.01);F25C5/08(2006.01);F24F1/0007(2019.01);F24F1/005(2019.01);F24F5/00(2006.01),授权发明,授权,2026-02-27,,False,电子电气
000333.SZ,美的集团,空调器及其控制器、控制方法及计算机可读存储介质,"广东美的制冷设备有限公司,美的集团股份有限公司",2022100933520,CN116538656B,F24F11/67(2018.01);F24F11/84(2018.01),授权发明,授权,2026-02-27,,False,电子电气
000333.SZ,美的集团,力矩控制方法、装置、设备、存储介质和程序产品,"美的集团股份有限公司,广东美的白色家电技术创新中心有限公司",2022107348797,CN115102457B,H02P23/14(2006.01);H02P23/12(2006.01);H02P23/00(2016.01),授权发明,授权,2026-02-27,,False,电子电气
000333.SZ,美的集团,显示屏的驱动方法、装置、存储介质与终端设备,"广东美的制冷设备有限公司,美的集团股份有限公司",2022113660150,CN115602134B,G09G3/36(2006.01),授权发明,授权,2026-02-27,,False,电子电气
000333.SZ,美的集团,水泵控制方法、装置、家电设备及存储介质,"广东美的制冷设备有限公司,美的集团股份有限公司",2023101864645,CN116146474B,F04B49/06(2006.01);F04B49/10(2006.01),授权发明,授权,2026-02-27,,False,电子电气
000333.SZ,美的集团,流路控制组件和水处理设备,"佛山市顺德区美的饮水机制造有限公司,美的集团股份有限公司",2023106702327,CN119103374B,F16K11/044(2006.01);F16K27/02(2006.01);F16K31/60(2006.01);F16K37/00(2006.01);F16K1/52(2006.01);F16K3/08(2006.01);F16K3/314(2006.01);C02F5/00(2023.01);C02F1/42(2023.01),授权发明,授权,2026-02-27,,False,电子电气
000333.SZ,美的集团,图像解码方法、装置、设备和存储介质,"美的集团股份有限公司,广东美的白色家电技术创新中心有限公司",2023118307511,CN120223865B,H04N13/239(2018.01);H04N13/275(2018.01);H04N13/363(2018.01);H04N19/182(2014.01),授权发明,授权,2026-02-27,,False,电子电气
000333.SZ,美的集团,加湿模块、空气处理部件和空调器,"广东美的制冷设备有限公司,美的集团股份有限公司",2025200071655,CN223954308U,F24F6/04(2006.01);F24F7/00(2021.01);F24F13/00(2006.01);F24F11/89(2018.01);F24F1/0087(2019.01);F24F1/0035(2019.01),实用新型,授权,2026-02-27,,False,电子电气
000333.SZ,美的集团,加湿模块、空气处理部件和空调器,"广东美的制冷设备有限公司,美的集团股份有限公司",2025200071778,CN223954309U,F24F6/04(2006.01);F24F7/00(2021.01);F24F13/00(2006.01);F24F11/89(2018.01);F24F1/0087(2019.01);F24F1/0035(2019.01),实用新型,授权,2026-02-27,,False,电子电气
000333.SZ,美的集团,面板组件和空调器,"广东美的制冷设备有限公司,美的集团股份有限公司",2025200649580,CN223954355U,F24F13/20(2006.01);F24F11/52(2018.01);F24F13/00(2006.01),实用新型,授权,2026-02-27,,False,电子电气
000333.SZ,美的集团,集流管、换热器和空调器,"广东美的制冷设备有限公司,美的集团股份有限公司",2025200706193,CN223954428U,F25B41/42(2021.01);F25B41/24(2021.01);F25B39/00(2006.01);F24F5/00(2006.01);F24F13/30(2006.01),实用新型,授权,2026-02-27,,False,电子电气
000333.SZ,美的集团,冰箱,"合肥华凌股份有限公司,合肥美的电冰箱有限公司,美的集团股份有限公司",202520184957X,CN223954463U,F25D11/02(2006.01);F25D23/12(2006.01),实用新型,授权,2026-02-27,,False,电子电气
000333.SZ,美的集团,空调室外机和具有其的空调器,"广东美的制冷设备有限公司,美的集团股份有限公司",2025202094524,CN223954286U,F24F1/22(2011.01);F24F1/56(2011.01);F24F11/89(2018.01);F24F13/20(2006.01),实用新型,授权,2026-02-27,,False,电子电气
000333.SZ,美的集团,空调器,"广东美的制冷设备有限公司,美的集团股份有限公司",2025202701743,CN223954270U,F24F1/0011(2019.01);F24F1/0073(2019.01);F24F8/108(2021.01);F24F13/08(2006.01);F24F13/20(2006.01);F24F13/28(2006.01),实用新型,授权,2026-02-27,,False,电子电气
000333.SZ,美的集团,吹风组件和洗碗机,"佛山市顺德区美的洗涤电器制造有限公司,美的集团股份有限公司",2025203549777,CN223944400U,A47L15/48(2006.01);A47L15/42(2006.01),实用新型,授权,2026-02-27,,False,电子电气
000333.SZ,美的集团,洗碗机,"佛山市顺德区美的洗涤电器制造有限公司,美的集团股份有限公司",2025203585487,CN223944401U,A47L15/48(2006.01);A47L15/42(2006.01),实用新型,授权,2026-02-27,,False,电子电气
000333.SZ,美的集团,湿膜部件、空气处理装置和空调器,"广东美的制冷设备有限公司,美的集团股份有限公司",2025203623972,CN223954278U,F24F1/005(2019.01);F24F1/0087(2019.01);F24F1/008(2019.01);F24F6/00(2006.01);F24F8/50(2021.01);F24F13/00(2006.01),实用新型,授权,2026-02-27,,False,电子电气
000333.SZ,美的集团,空调器,"广东美的制冷设备有限公司,美的集团股份有限公司",2025205314418,CN223954279U,F24F1/005(2019.01);F24F11/89(2018.01);F24F11/52(2018.01);F24F11/526(2018.01);F24F11/88(2018.01),实用新型,授权,2026-02-27,,False,电子电气
000333.SZ,美的集团,风机组件及空气处理装置,"广东美的制冷设备有限公司,美的集团股份有限公司",2025208673183,CN223952920U,F04D29/66(2006.01);F04D25/08(2006.01);F04D29/00(2006.01);F04D29/42(2006.01);H02K5/24(2006.01);H02K5/22(2006.01);F24F13/24(2006.01),实用新型,授权,2026-02-27,,False,电子电气
000333.SZ,美的集团,烟机灶具的连接组件,"广东美的制冷设备有限公司,美的集团股份有限公司",2025303420812,CN309816447S,08-08(15);23-04(15);07-02(15),外观设计,授权,2026-02-27,,False,电子电气
000333.SZ,美的集团,空气净化器,"广东美的制冷设备有限公司,美的集团股份有限公司",2025303612988,CN309820609S,23-04(15),外观设计,授权,2026-02-27,,False,电子电气
000333.SZ,美的集团,空气净化器,"广东美的制冷设备有限公司,美的集团股份有限公司",2025303613020,CN309820610S,23-04(15),外观设计,授权,2026-02-27,,False,电子电气
000333.SZ,美的集团,吸尘器,"广东美的制冷设备有限公司,美的集团股份有限公司",2025303688135,CN309819494S,15-05(15),外观设计,授权,2026-02-27,,False,电子电气
000333.SZ,美的集团,咖啡饮水机,"广东美的制冷设备有限公司,美的集团股份有限公司",2025303984124,CN309821910S,31-00(15),外观设计,授权,2026-02-27,,False,电子电气
000333.SZ,美的集团,净饮机,"广东美的制冷设备有限公司,美的集团股份有限公司",2025304140058,CN309821914S,31-00(15),外观设计,授权,2026-02-27,,False,电子电气
000333.SZ,美的集团,冰箱,"广东美的制冷设备有限公司,美的集团股份有限公司",2025304170797,CN309819586S,15-07(15),外观设计,授权,2026-02-27,,False,电子电气
000333.SZ,美的集团,烤箱,"广东美的制冷设备有限公司,美的集团股份有限公司",202530417080X,CN309815897S,07-02(15),外观设计,授权,2026-02-27,,False,电子电气
000333.SZ,美的集团,燃气灶具,"广东美的制冷设备有限公司,美的集团股份有限公司",2025304170814,CN309815898S,07-02(15),外观设计,授权,2026-02-27,,False,电子电气
000333.SZ,美的集团,燃气灶具,"广东美的制冷设备有限公司,美的集团股份有限公司",2025304170829,CN309815899S,07-02(15),外观设计,授权,2026-02-27,,False,电子电气
000333.SZ,美的集团,饮水机,"广东美的制冷设备有限公司,美的集团股份有限公司",2025304170833,CN309821916S,31-00(15),外观设计,授权,2026-02-27,,False,电子电气
000333.SZ,美的集团,吸油烟机,"广东美的制冷设备有限公司,美的集团股份有限公司",2025304170848,CN309820638S,23-04(15),外观设计,授权,2026-02-27,,False,电子电气
000333.SZ,美的集团,除螨仪,"广东美的制冷设备有限公司,美的集团股份有限公司",2025304288248,CN309819510S,15-05(15),外观设计,授权,2026-02-27,,False,电子电气
000333.SZ,美的集团,电饭煲,"广东美的制冷设备有限公司,美的集团股份有限公司",2025304355844,CN309815909S,07-02(15),外观设计,授权,2026-02-27,,False,电子电气
000333.SZ,美的集团,电饭煲,"广东美的制冷设备有限公司,美的集团股份有限公司",2025304355859,CN309815910S,07-02(15),外观设计,授权,2026-02-27,,False,电子电气
000333.SZ,美的集团,空调,"广东美的制冷设备有限公司,美的集团股份有限公司",2025304445022,CN309820659S,23-04(15),外观设计,授权,2026-02-27,,False,电子电气
000333.SZ,美的集团,空调,"广东美的制冷设备有限公司,美的集团股份有限公司",2025304445037,CN309820660S,23-04(15),外观设计,授权,2026-02-27,,False,电子电气
000333.SZ,美的集团,吸尘器,"广东美的制冷设备有限公司,美的集团股份有限公司",2025304515716,CN309819523S,15-05(15),外观设计,授权,2026-02-27,,False,电子电气
000333.SZ,美的集团,吸尘器,"广东美的制冷设备有限公司,美的集团股份有限公司",2025304515720,CN309819524S,15-05(15),外观设计,授权,2026-02-27,,False,电子电气
000333.SZ,美的集团,洗地机,"广东美的制冷设备有限公司,美的集团股份有限公司",2025304515735,CN309819525S,15-05(15),外观设计,授权,2026-02-27,,False,电子电气
000333.SZ,美的集团,吸尘器,"广东美的制冷设备有限公司,美的集团股份有限公司",202530451574X,CN309819526S,15-05(15),外观设计,授权,2026-02-27,,False,电子电气
000333.SZ,美的集团,洗地机基站,"广东美的制冷设备有限公司,美的集团股份有限公司",2025304515769,CN309819527S,15-05(15),外观设计,授权,2026-02-27,,False,电子电气
000333.SZ,美的集团,风道系统、空调器以及风道系统的控制方法,"广东美的制冷设备有限公司,美的集团股份有限公司",2019108632360,CN112484280B,F24F13/02(2006.01);F24F13/10(2006.01);F24F1/0063(2019.01);F24F1/0011(2019.01);F24F1/0083(2019.01);F24F13/30(2006.01);F24F11/65(2018.01),授权发明,授权,2026-03-03,,False,电子电气
000333.SZ,美的集团,空调室内机及空调器,"广东美的制冷设备有限公司,美的集团股份有限公司",2020110390803,CN114322100B,F24F1/0063(2019.01);F24F1/0073(2019.01);F24F1/0076(2019.01);F24F13/02(2006.01),授权发明,授权,2026-03-03,,False,电子电气
000333.SZ,美的集团,燃烧器及燃气设备,"芜湖美的厨卫电器制造有限公司,美的集团股份有限公司",202011206778X,CN114526483B,F23D14/64(2006.01);F23D14/60(2006.01);F23D14/72(2006.01);F23D14/66(2006.01);F24H9/1836(2022.01),授权发明,授权,2026-03-03,,False,电子电气
000333.SZ,美的集团,一种箱体组件和制冷设备,"合肥华凌股份有限公司,合肥美的电冰箱有限公司,美的集团股份有限公司,广东美的白色家电技术创新中心有限公司",2021104382787,CN114909046B,E05D3/18(2006.01);F25D23/02(2006.01),授权发明,授权,2026-03-03,,False,电子电气
000333.SZ,美的集团,箱体组件及制冷设备,"合肥华凌股份有限公司,合肥美的电冰箱有限公司,美的集团股份有限公司,广东美的白色家电技术创新中心有限公司",2021104382857,CN114909840B,F25D11/00(2006.01);F25D23/00(2006.01);F25D23/02(2006.01),授权发明,授权,2026-03-03,,False,电子电气
000333.SZ,美的集团,香料装置及空调器,"广东美的制冷设备有限公司,美的集团股份有限公司",2021105750837,CN115388474B,F24F1/008(2019.01);F24F13/10(2006.01),授权发明,授权,2026-03-03,,False,电子电气
000333.SZ,美的集团,燃烧器及燃气热水器,"芜湖美的厨卫电器制造有限公司,美的集团股份有限公司",2021107545381,CN115560323B,F23D14/02(2006.01);F23D14/46(2006.01);F23D14/58(2006.01);F23D14/64(2006.01);F23D14/66(2006.01);F24H9/1836(2022.01),授权发明,授权,2026-03-03,,False,电子电气
000333.SZ,美的集团,空气处理装置及空调器,"广东美的制冷设备有限公司,美的集团股份有限公司",202110847474X,CN115682102B,F24F1/0007(2019.01);F24F13/20(2006.01);F24F13/00(2006.01),授权发明,授权,2026-03-03,,False,电子电气
000333.SZ,美的集团,空调器的控制方法、控制装置、空调器及存储介质,"广东美的制冷设备有限公司,美的集团股份有限公司",202110879431X,CN115682348B,F24F11/64(2018.01);F24F11/83(2018.01),授权发明,授权,2026-03-03,,False,电子电气
000333.SZ,美的集团,终端与家电的连接方法、终端、家电以及可读存储介质,"广东美的制冷设备有限公司,美的集团股份有限公司",2021111467224,CN115884433B,H04W76/11(2018.01);H04W76/14(2018.01);H04W8/00(2009.01),授权发明,授权,2026-03-03,,False,电子电气
000333.SZ,美的集团,空调器的香氛安装方法、空调器及存储介质,"广东美的制冷设备有限公司,美的集团股份有限公司",2021116388229,CN116358050B,F24F1/008(2019.01);F24F11/64(2018.01);F24F11/88(2018.01),授权发明,授权,2026-03-03,,False,电子电气
000333.SZ,美的集团,冰箱及冰箱的控制方法,"合肥华凌股份有限公司,合肥美的电冰箱有限公司,美的集团股份有限公司",2022100632557,CN116499175B,F25D11/02(2006.01);F25D25/02(2006.01);F25D17/08(2006.01);F25D17/06(2006.01);F25D29/00(2006.01);F25D21/00(2006.01),授权发明,授权,2026-03-03,,False,电子电气
000333.SZ,美的集团,冰箱,"合肥华凌股份有限公司,合肥美的电冰箱有限公司,美的集团股份有限公司",2022100633418,CN116499176B,F25D11/02(2006.01);F25D25/02(2006.01),授权发明,授权,2026-03-03,,False,电子电气
000333.SZ,美的集团,空调室内机和空调器,"广东美的制冷设备有限公司,美的集团股份有限公司",2022101275773,CN116624922B,F24F1/0014(2019.01);F24F1/0063(2019.01);F24F1/0067(2019.01);F24F13/08(2006.01);F24F13/20(2006.01),授权发明,授权,2026-03-03,,False,电子电气
000333.SZ,美的集团,燃烧器以及燃气灶,"佛山市顺德区美的洗涤电器制造有限公司,美的集团股份有限公司",2022101817870,CN114440266B,F24C3/00(2006.01);F24C3/08(2006.01);F23D14/02(2006.01);F23D14/46(2006.01);F23D14/64(2006.01),授权发明,授权,2026-03-03,,False,电子电气
000333.SZ,美的集团,文本的关系确定方法及装置,"美的集团股份有限公司,美的集团（上海）有限公司",2022105017925,CN114969328B,G06F16/353(2025.01);G06F18/22(2023.01),授权发明,授权,2026-03-03,,False,电子电气
000333.SZ,美的集团,空调器的控制方法、空调器以及存储介质,"广东美的制冷设备有限公司,美的集团股份有限公司",2022105369055,CN117109196B,F25B13/00(2006.01);F25B41/40(2021.01);F24F11/89(2018.01);F24F11/42(2018.01);F24F11/61(2018.01);F24F11/64(2018.01);F24F1/0038(2019.01);F24F11/67(2018.01);F25B49/02(2006.01);F24F11/77(2018.01),授权发明,授权,2026-03-03,,False,电子电气
000333.SZ,美的集团,负载故障检测方法、装置、家电设备及存储介质,"合肥华凌股份有限公司,合肥美的电冰箱有限公司,美的集团股份有限公司",2022112436868,CN115622923B,H04L43/10(2022.01);H04L43/50(2022.01);H04L12/403(2006.01);H04L41/06(2022.01),授权发明,授权,2026-03-03,,False,电子电气
000333.SZ,美的集团,地图的生成方法、生成装置和可读存储介质,"美的集团股份有限公司,美的集团（上海）有限公司",2022116337471,CN115962771B,G01C21/00(2006.01);G01C21/20(2006.01);G06T7/246(2017.01),授权发明,授权,2026-03-03,,False,电子电气
000333.SZ,美的集团,软水阀和软水机,"美的集团股份有限公司,广东美的白色家电技术创新中心有限公司",202280005840X,CN116406345B,F16K11/07(2006.01);B01J49/75(2006.01);C02F1/42(2006.01),授权发明,授权,2026-03-03,,False,电子电气
000333.SZ,美的集团,空调器控制方法、装置、空调器及存储介质,"广东美的制冷设备有限公司,美的集团股份有限公司",2023109418002,CN116772390B,F24F11/89(2018.01);F24F11/88(2018.01);F24F11/64(2018.01);F24F11/65(2018.01);F24F11/79(2018.01);F24F13/20(2006.01);F24F13/14(2006.01);F24F110/12(2018.01),授权发明,授权,2026-03-03,,False,电子电气
000333.SZ,美的集团,变频净水系统及其控制方法、净水机及可读存储介质,"佛山市美的清湖净水设备有限公司,美的集团股份有限公司",2024109247111,CN118724107B,C02F1/00(2023.01);C02F1/44(2023.01);B01D35/143(2006.01),授权发明,授权,2026-03-03,,False,电子电气
000333.SZ,美的集团,环境调节系统的控制方法、系统及存储介质,"广东美的制冷设备有限公司,美的集团股份有限公司",2024110459455,CN120008096B,F24D3/02(2006.01);F24D3/10(2006.01);F24D3/18(2006.01);F24D19/02(2006.01);F24D19/10(2006.01),授权发明,授权,2026-03-03,,False,电子电气
000333.SZ,美的集团,叶轮组件、前置过滤器和用水系统,"佛山市顺德区美的饮水机制造有限公司,美的集团股份有限公司",2024228314456,CN223959295U,B01D29/66(2006.01);B01D29/64(2006.01);B01D35/30(2006.01);B01D35/28(2006.01);F04D13/04(2006.01);F04D29/22(2006.01);F04D29/24(2006.01);F03B3/12(2006.01),实用新型,授权,2026-03-03,,False,电子电气
000333.SZ,美的集团,电控盒和空调器,"广东美的制冷设备有限公司,美的集团股份有限公司",2024230972961,CN223968097U,H05K7/20(2006.01);H05K5/02(2006.01);F24F11/89(2018.01),实用新型,授权,2026-03-03,,False,电子电气
000333.SZ,美的集团,电机异音检测设备,"广东美的制冷设备有限公司,美的集团股份有限公司",2024231897309,CN223966672U,G01R31/34(2020.01);G01R1/04(2006.01);G01H17/00(2006.01),实用新型,授权,2026-03-03,,False,电子电气
000333.SZ,美的集团,铰链结构和冰箱,"合肥华凌股份有限公司,合肥美的电冰箱有限公司,美的集团股份有限公司",2024233124381,CN223964342U,E05D11/10(2006.01);E05D3/06(2006.01);E05D5/00(2006.01);E05F5/06(2006.01);F25D23/02(2006.01),实用新型,授权,2026-03-03,,False,电子电气
000333.SZ,美的集团,铰链结构和冰箱,"合肥华凌股份有限公司,合肥美的电冰箱有限公司,美的集团股份有限公司",202423312576X,CN223964341U,E05D7/12(2006.01);E05D5/00(2006.01);F25D23/02(2006.01),实用新型,授权,2026-03-03,,False,电子电气
000333.SZ,美的集团,升降搁架及冰箱,"合肥华凌股份有限公司,合肥美的电冰箱有限公司,美的集团股份有限公司",2024233200667,CN223965712U,F25D25/02(2006.01);F25D11/00(2006.01),实用新型,授权,2026-03-03,,False,电子电气
000333.SZ,美的集团,冰箱的门把手,"合肥华凌股份有限公司,合肥美的电冰箱有限公司,美的集团股份有限公司",2024301082249,CN309826160S,15-07(15),外观设计,授权,2026-03-03,,False,电子电气
000333.SZ,美的集团,柜式空调,"广东美的制冷设备有限公司,美的集团股份有限公司",2024305521349,CN309827135S,23-04(14),外观设计,授权,2026-03-03,,False,电子电气
000333.SZ,美的集团,柜式空调,"广东美的制冷设备有限公司,美的集团股份有限公司",2024305521353,CN309827136S,23-04(14),外观设计,授权,2026-03-03,,False,电子电气
000333.SZ,美的集团,柜式空调,"广东美的制冷设备有限公司,美的集团股份有限公司",2024305521387,CN309827137S,23-04(14),外观设计,授权,2026-03-03,,False,电子电气
000333.SZ,美的集团,柜式空调,"广东美的制冷设备有限公司,美的集团股份有限公司",2024305620486,CN309827138S,23-04(14),外观设计,授权,2026-03-03,,False,电子电气
000333.SZ,美的集团,柜式空调,"广东美的制冷设备有限公司,美的集团股份有限公司",2024305716864,CN309827139S,23-04(14),外观设计,授权,2026-03-03,,False,电子电气
000333.SZ,美的集团,柜式空调,"广东美的制冷设备有限公司,美的集团股份有限公司",2024305907202,CN309827140S,23-04(14),外观设计,授权,2026-03-03,,False,电子电气
000333.SZ,美的集团,柜式空调,"广东美的制冷设备有限公司,美的集团股份有限公司",2024306154760,CN309827141S,23-04(14),外观设计,授权,2026-03-03,,False,电子电气
000333.SZ,美的集团,冰箱门及冰箱,"合肥华凌股份有限公司,合肥美的电冰箱有限公司,美的集团股份有限公司",2025201756293,CN223965709U,F25D23/04(2006.01);F25D23/02(2006.01);F25D25/00(2006.01),实用新型,授权,2026-03-03,,False,电子电气
000333.SZ,美的集团,空调室外机、空调器和导风圈,"广东美的制冷设备有限公司,美的集团股份有限公司",2025202008919,CN223965513U,F24F1/48(2011.01);F24F1/38(2011.01);F24F13/08(2006.01),实用新型,授权,2026-03-03,,False,电子电气
000333.SZ,美的集团,储物盒和冰箱,"合肥华凌股份有限公司,合肥美的电冰箱有限公司,美的集团股份有限公司",2025203622359,CN223965711U,F25D25/00(2006.01);F25D23/02(2006.01),实用新型,授权,2026-03-03,,False,电子电气
000333.SZ,美的集团,出风罩和烹饪设备,"美的集团股份有限公司,邯郸美的智能厨电制造有限公司",2025204320708,CN223958678U,A47J36/00(2006.01);A47J37/06(2006.01);F24C15/32(2006.01);F24C7/02(2006.01);H05B6/64(2006.01),实用新型,授权,2026-03-03,,False,电子电气
000333.SZ,美的集团,出风罩和烹饪设备,"美的集团股份有限公司,邯郸美的智能厨电制造有限公司",2025204321734,CN223958679U,A47J36/00(2006.01);A47J37/06(2006.01);F24C15/32(2006.01);F24C7/02(2006.01);H05B6/64(2006.01),实用新型,授权,2026-03-03,,False,电子电气
000333.SZ,美的集团,出风罩和烹饪设备,"美的集团股份有限公司,邯郸美的智能厨电制造有限公司",202520432334X,CN223958680U,A47J36/00(2006.01);A47J37/06(2006.01);F24C15/32(2006.01);F24C7/02(2006.01);H05B6/64(2006.01),实用新型,授权,2026-03-03,,False,电子电气
000333.SZ,美的集团,出风罩和烹饪设备,"美的集团股份有限公司,邯郸美的智能厨电制造有限公司",2025204323759,CN223958681U,A47J36/00(2006.01);A47J37/06(2006.01);F24C15/32(2006.01);F24C7/02(2006.01);H05B6/64(2006.01),实用新型,授权,2026-03-03,,False,电子电气
000333.SZ,美的集团,密封件、出风组件和烹饪设备,"美的集团股份有限公司,邯郸美的智能厨电制造有限公司",202520433546X,CN223958643U,A47J27/04(2006.01);F24C7/02(2006.01);F24C15/16(2006.01);A47J36/00(2006.01);A47J37/06(2006.01);A47J36/36(2006.01);F16J15/14(2006.01);F16J15/10(2006.01);F16J15/08(2006.01),实用新型,授权,2026-03-03,,False,电子电气
000333.SZ,美的集团,出风罩和烹饪设备,"美的集团股份有限公司,邯郸美的智能厨电制造有限公司",2025204335633,CN223958683U,A47J36/00(2006.01);A47J37/06(2006.01);F24C15/32(2006.01);F24C7/02(2006.01);H05B6/64(2006.01),实用新型,授权,2026-03-03,,False,电子电气
000333.SZ,美的集团,出风罩和烹饪设备,"美的集团股份有限公司,邯郸美的智能厨电制造有限公司",2025204336778,CN223958684U,A47J36/00(2006.01);A47J37/06(2006.01);F24C15/32(2006.01);F24C7/02(2006.01);H05B6/64(2006.01),实用新型,授权,2026-03-03,,False,电子电气
000333.SZ,美的集团,出风叶片和烹饪设备,"美的集团股份有限公司,邯郸美的智能厨电制造有限公司",2025204338171,CN223958644U,A47J27/04(2006.01);F24C7/02(2006.01);F04D29/38(2006.01);A47J36/00(2006.01);A47J37/06(2006.01),实用新型,授权,2026-03-03,,False,电子电气
000333.SZ,美的集团,电解水机,"美的集团股份有限公司,邯郸美的智能厨电制造有限公司",2025303044373,CN309828183S,31-00(15),外观设计,授权,2026-03-03,,False,电子电气
000333.SZ,美的集团,燃气灶,"美的集团股份有限公司,邯郸美的智能厨电制造有限公司",2025303586964,CN309823705S,07-02(15),外观设计,授权,2026-03-03,,False,电子电气
000333.SZ,美的集团,前置过滤器,"佛山市顺德区美的饮水机制造有限公司,美的集团股份有限公司",2025304106146,CN309827022S,23-01(15),外观设计,授权,2026-03-03,,False,电子电气
000333.SZ,美的集团,前置过滤器,"佛山市顺德区美的饮水机制造有限公司,美的集团股份有限公司",2025304109394,CN309827023S,23-01(15),外观设计,授权,2026-03-03,,False,电子电气
000333.SZ,美的集团,净水机及其主体,"佛山市美的清湖净水设备有限公司,美的集团股份有限公司",202530416993X,CN309827026S,23-01(15),外观设计,授权,2026-03-03,,False,电子电气
000333.SZ,美的集团,滤芯,"佛山市美的清湖净水设备有限公司,美的集团股份有限公司",2025304169944,CN309827027S,23-01(15),外观设计,授权,2026-03-03,,False,电子电气
000333.SZ,美的集团,燃气阀控制装置及燃气热水器,"芜湖美的厨卫电器制造有限公司,美的集团股份有限公司",2020100738016,CN113137763B,F24H9/20(2022.01);F24H15/305(2022.01),授权发明,授权,2026-03-06,,False,电子电气
000333.SZ,美的集团,一种控制方法、空调和计算机可读存储介质,"广东美的制冷设备有限公司,美的集团股份有限公司",202110719735X,CN115597197B,F24F11/64(2018.01);F25B49/02(2006.01);F24F110/10(2018.01),授权发明,授权,2026-03-06,,False,电子电气
000333.SZ,美的集团,制冷剂泄漏检测单元的供电方法及装置,"广东美的制冷设备有限公司,美的集团股份有限公司,广东美的白色家电技术创新中心有限公司",202210837614X,CN115313602B,H02J7/35(2006.01);H02J7/00(2026.01);H02J7/82(2026.01);G01M3/02(2006.01),授权发明,授权,2026-03-06,,False,电子电气
000333.SZ,美的集团,空气处理设备的控制方法、空气处理设备及存储介质,"广东美的制冷设备有限公司,美的集团股份有限公司",2021107053033,CN115523656B,F24F11/79(2018.01);F24F11/64(2018.01);F24F11/65(2018.01);F24F11/61(2018.01);F24F11/58(2018.01),授权发明,授权,2026-03-10,,False,电子电气
000333.SZ,美的集团,传动机构及清洁设备,"江苏美的清洁电器股份有限公司,美的集团股份有限公司",2021115916097,CN116327040B,A47L11/24(2006.01);A47L11/282(2006.01);A47L11/40(2006.01);F16H37/02(2006.01),授权发明,授权,2026-03-10,,False,电子电气
000333.SZ,美的集团,内啮合行星齿轮装置、车轮装置及车辆,"广东美的制冷设备有限公司,美的集团股份有限公司,广东极亚精机科技有限公司",2021800429744,CN115698546B,F16H1/32(2006.01),授权发明,授权,2026-03-10,,False,电子电气
000333.SZ,美的集团,燃气设备和燃气热水器,"芜湖美的厨卫电器制造有限公司,美的集团股份有限公司",2022100455656,CN114562817B,F24H9/18(2022.01);F24H9/00(2022.01);F23D14/02(2006.01);F23D14/46(2006.01),授权发明,授权,2026-03-10,,False,电子电气
000333.SZ,美的集团,一种功率半导体器件的驱动电路,"美的集团股份有限公司,广东美的白色家电技术创新中心有限公司,美的集团（上海）有限公司",2022103564759,CN114710145B,H03K17/16(2006.01);H03K17/082(2006.01);H03K17/687(2006.01),授权发明,授权,2026-03-10,,False,电子电气
000333.SZ,美的集团,尺寸获取方法、装置、机器人和可读存储介质,"美的集团股份有限公司,美的集团（上海）有限公司",2022115551336,CN116412756B,G01B11/00(2006.01);G01B11/22(2006.01);G06T7/62(2017.01);G06T7/50(2017.01);G06T7/10(2017.01),授权发明,授权,2026-03-10,,False,电子电气
000333.SZ,美的集团,即热饮水机及其温度补偿方法、温度补偿装置和存储介质,"佛山市顺德区美的饮水机制造有限公司,美的集团股份有限公司",2023107162877,CN116687213B,A47J31/56(2006.01);A47J31/46(2006.01);A47J31/44(2006.01),授权发明,授权,2026-03-10,,False,电子电气
000333.SZ,美的集团,空调器的回风湿度补偿控制方法、运行控制装置及空调器,"广东美的制冷设备有限公司,美的集团股份有限公司",2023108045705,CN116817425B,F24F11/64(2018.01);F24F11/52(2018.01),授权发明,授权,2026-03-10,,False,电子电气
000333.SZ,美的集团,饮水装置,"佛山市美的清湖净水设备有限公司,美的集团股份有限公司",2025200712669,CN223979697U,A47J31/44(2006.01);A47J31/46(2006.01);A47J31/54(2006.01),实用新型,授权,2026-03-10,,False,电子电气
000333.SZ,美的集团,分流器及净饮系统,"佛山市顺德区美的饮水机制造有限公司,美的集团股份有限公司",2025202779377,CN223984833U,F16K11/02(2006.01);F16K27/00(2006.01);F16K39/00(2006.01);F16K47/02(2006.01);B01D35/04(2006.01),实用新型,授权,2026-03-10,,False,电子电气
000333.SZ,美的集团,净饮系统,"佛山市顺德区美的饮水机制造有限公司,美的集团股份有限公司",2025202781023,CN223983489U,C02F1/32(2023.01);F24H1/10(2022.01);F24H9/00(2022.01);C02F1/78(2023.01),实用新型,授权,2026-03-10,,False,电子电气
000333.SZ,美的集团,净饮系统,"佛山市顺德区美的饮水机制造有限公司,美的集团股份有限公司",2025202830119,CN223983519U,C02F1/68(2023.01);C02F1/32(2023.01);C02F1/78(2023.01),实用新型,授权,2026-03-10,,False,电子电气
000333.SZ,美的集团,净饮系统,"佛山市顺德区美的饮水机制造有限公司,美的集团股份有限公司",2025202830617,CN223983520U,C02F1/68(2023.01);C02F1/32(2023.01);C02F1/78(2023.01),实用新型,授权,2026-03-10,,False,电子电气
000333.SZ,美的集团,净饮系统,"佛山市顺德区美的饮水机制造有限公司,美的集团股份有限公司",2025202833704,CN223983521U,C02F1/68(2023.01);C02F1/32(2023.01);C02F1/78(2023.01),实用新型,授权,2026-03-10,,False,电子电气
000333.SZ,美的集团,净饮系统,"佛山市顺德区美的饮水机制造有限公司,美的集团股份有限公司",2025202833850,CN223983522U,C02F1/68(2023.01);C02F1/32(2023.01);C02F1/78(2023.01),实用新型,授权,2026-03-10,,False,电子电气
000333.SZ,美的集团,加热系统和净热一体机,"佛山市顺德区美的饮水机制造有限公司,美的集团股份有限公司",202520298825X,CN223985373U,F24H15/14(2022.01);F24H9/20(2022.01);F24H9/1809(2022.01);F24H15/12(2022.01),实用新型,授权,2026-03-10,,False,电子电气
000333.SZ,美的集团,净热一体机,"佛山市顺德区美的饮水机制造有限公司,美的集团股份有限公司",2025202988495,CN223985361U,F24H1/20(2022.01);F24H9/00(2022.01);F24H9/02(2006.01);F24H9/20(2022.01);F24H15/212(2022.01);F24H15/174(2022.01);F24H15/421(2022.01);B01D29/00(2006.01),实用新型,授权,2026-03-10,,False,电子电气
000333.SZ,美的集团,热水系统和净热一体机,"佛山市顺德区美的饮水机制造有限公司,美的集团股份有限公司",2025202989712,CN223985358U,F24H1/18(2022.01);F24H9/14(2006.01);F24H9/1818(2022.01);F24H9/20(2022.01);F24H9/00(2022.01);F24H15/174(2022.01);F24H15/212(2022.01);F24H15/238(2022.01);F24H15/305(2022.01);F24H15/335(2022.01);A47J31/44(2006.01);C02F9/00(2023.01);C02F1/00(2023.01);C02F1/44(2023.01);C02F1/02(2023.01);C02F103/04(2006.01),实用新型,授权,2026-03-10,,False,电子电气
000333.SZ,美的集团,净热一体机,"佛山市顺德区美的饮水机制造有限公司,美的集团股份有限公司",2025202990300,CN223985362U,F24H1/20(2022.01);F24H9/00(2022.01);F24H9/02(2006.01);F24H9/20(2022.01);F24H15/223(2022.01);F24H15/248(2022.01);F24H15/414(2022.01);B01D29/00(2006.01),实用新型,授权,2026-03-10,,False,电子电气
000333.SZ,美的集团,树脂罐及净软水机,"佛山市顺德区美的饮水机制造有限公司,美的集团股份有限公司",2025202991055,CN223983493U,C02F1/42(2023.01);B01J49/00(2017.01);A47J31/44(2006.01);A47J31/00(2006.01);C02F103/04(2006.01),实用新型,授权,2026-03-10,,False,电子电气
000333.SZ,美的集团,净软水机,"佛山市顺德区美的饮水机制造有限公司,美的集团股份有限公司",2025202991182,CN223983494U,C02F1/42(2023.01);B01J49/00(2017.01);A47J31/44(2006.01);A47J31/00(2006.01);C02F103/04(2006.01),实用新型,授权,2026-03-10,,False,电子电气
000333.SZ,美的集团,一种树脂罐以及净软水机,"佛山市顺德区美的饮水机制造有限公司,美的集团股份有限公司",2025202991464,CN223983495U,C02F1/42(2023.01);A47J31/44(2006.01);A47J31/00(2006.01);C02F103/04(2006.01),实用新型,授权,2026-03-10,,False,电子电气
000333.SZ,美的集团,热罐组件和净热一体机,"佛山市顺德区美的饮水机制造有限公司,美的集团股份有限公司",2025202991905,CN223985363U,F24H1/20(2022.01);F24H9/00(2022.01);F24H9/02(2006.01);F24H9/20(2022.01);F24H15/223(2022.01);F24H15/248(2022.01);F24H15/421(2022.01);F24H15/174(2022.01);B01D29/00(2006.01),实用新型,授权,2026-03-10,,False,电子电气
000333.SZ,美的集团,净水设备,"佛山市顺德区美的饮水机制造有限公司,美的集团股份有限公司",2025203011497,CN223983471U,C02F1/00(2023.01);A47J31/44(2006.01);A47J31/00(2006.01);B01D35/00(2006.01);C02F103/04(2006.01),实用新型,授权,2026-03-10,,False,电子电气
000333.SZ,美的集团,盐箱组件、软水系统以及净饮水机,"佛山市顺德区美的饮水机制造有限公司,美的集团股份有限公司",2025203013825,CN223983496U,C02F1/42(2023.01);A47J31/44(2006.01);A47J31/00(2006.01);C02F1/00(2023.01);C02F103/04(2006.01),实用新型,授权,2026-03-10,,False,电子电气
000333.SZ,美的集团,净饮水机,"佛山市顺德区美的饮水机制造有限公司,美的集团股份有限公司",2025203013933,CN223983550U,C02F9/00(2023.01);A47J31/44(2006.01);A47J31/00(2006.01);F24H1/00(2022.01);C02F1/00(2023.01);C02F1/42(2023.01);C02F1/44(2023.01);C02F103/04(2006.01),实用新型,授权,2026-03-10,,False,电子电气
000333.SZ,美的集团,布水器组件、树脂罐、软水系统以及净饮水机,"佛山市顺德区美的饮水机制造有限公司,美的集团股份有限公司",2025203014175,CN223983497U,C02F1/42(2023.01);A47J31/44(2006.01);A47J31/00(2006.01);C02F1/00(2023.01);C02F103/04(2006.01),实用新型,授权,2026-03-10,,False,电子电气
000333.SZ,美的集团,一种堵盖、树脂罐以及净软水机,"佛山市顺德区美的饮水机制造有限公司,美的集团股份有限公司",2025203014940,CN223983498U,C02F1/42(2023.01);A47J31/44(2006.01);A47J31/00(2006.01);C02F103/04(2006.01),实用新型,授权,2026-03-10,,False,电子电气
000333.SZ,美的集团,布水器组件、树脂罐、软水系统以及净饮水机,"佛山市顺德区美的饮水机制造有限公司,美的集团股份有限公司",2025203016240,CN223983499U,C02F1/42(2023.01);A47J31/44(2006.01);A47J31/00(2006.01);C02F1/00(2023.01);C02F103/04(2006.01),实用新型,授权,2026-03-10,,False,电子电气
000333.SZ,美的集团,热水系统和净热一体机,"佛山市顺德区美的饮水机制造有限公司,美的集团股份有限公司",2025203016630,CN223985359U,F24H1/18(2022.01);F24H9/14(2006.01);F24H9/1818(2022.01);F24H9/20(2022.01);F24H15/174(2022.01);F24H15/212(2022.01);F24H15/238(2022.01);F24H15/305(2022.01);F24H15/335(2022.01);A47J31/44(2006.01);C02F9/00(2023.01);C02F1/00(2023.01);C02F1/44(2023.01);C02F1/02(2023.01);C02F103/04(2006.01),实用新型,授权,2026-03-10,,False,电子电气
000333.SZ,美的集团,净饮水机,"佛山市顺德区美的饮水机制造有限公司,美的集团股份有限公司",2025203017915,CN223983551U,C02F9/00(2023.01);A47J31/44(2006.01);A47J31/00(2006.01);F24H1/00(2022.01);C02F1/00(2023.01);C02F1/42(2023.01);C02F1/44(2023.01);C02F103/04(2006.01),实用新型,授权,2026-03-10,,False,电子电气
000333.SZ,美的集团,热水系统和净热一体机,"佛山市顺德区美的饮水机制造有限公司,美的集团股份有限公司",2025203018725,CN223985360U,F24H1/18(2022.01);F24H9/14(2006.01);F24H9/1818(2022.01);F24H9/20(2022.01);F24H9/00(2022.01);F24H15/174(2022.01);F24H15/212(2022.01);A47J31/44(2006.01);C02F9/00(2023.01);C02F1/00(2023.01);C02F1/44(2023.01);C02F1/02(2023.01);C02F103/04(2006.01),实用新型,授权,2026-03-10,,False,电子电气
000333.SZ,美的集团,热罐组件以及净热一体机,"佛山市顺德区美的饮水机制造有限公司,美的集团股份有限公司",2025203018848,CN223985364U,F24H1/20(2022.01);F24H9/00(2022.01);F24H9/02(2006.01);F24H9/20(2022.01);F24H15/223(2022.01);F24H15/248(2022.01);F24H15/414(2022.01);B01D29/00(2006.01);F28B1/02(2006.01);F28B9/08(2006.01),实用新型,授权,2026-03-10,,False,电子电气
000333.SZ,美的集团,软净热单水路系统,"佛山市顺德区美的饮水机制造有限公司,美的集团股份有限公司",2025203019126,CN223983552U,C02F9/00(2023.01);A47J31/44(2006.01);A47J31/00(2006.01);F24H1/14(2022.01);F24H9/00(2022.01);F24H9/13(2022.01);F24H9/20(2022.01);F24H15/305(2022.01);C02F1/00(2023.01);C02F1/28(2023.01);C02F1/42(2023.01);C02F1/44(2023.01);C02F103/04(2006.01),实用新型,授权,2026-03-10,,False,电子电气
000333.SZ,美的集团,加热系统和净热一体机,"佛山市顺德区美的饮水机制造有限公司,美的集团股份有限公司",202520305204X,CN223985374U,F24H15/14(2022.01);F24H9/20(2022.01);F24H9/1809(2022.01);F24H15/12(2022.01),实用新型,授权,2026-03-10,,False,电子电气
000333.SZ,美的集团,热罐组件以及净热一体机,"佛山市顺德区美的饮水机制造有限公司,美的集团股份有限公司",2025203053292,CN223985365U,F24H1/20(2022.01);F24H9/00(2022.01);F24H9/02(2006.01);F24H9/20(2022.01);F24H15/223(2022.01);F24H15/248(2022.01);F24H15/414(2022.01);B01D29/00(2006.01);F28B1/02(2006.01);F28B9/08(2006.01),实用新型,授权,2026-03-10,,False,电子电气
000333.SZ,美的集团,净水设备,"佛山市顺德区美的饮水机制造有限公司,美的集团股份有限公司",202520307233X,CN223983472U,C02F1/00(2023.01);C02F1/44(2023.01);A47J31/44(2006.01);A47J31/00(2006.01);F24H9/00(2022.01);F24H9/1818(2022.01);F24H9/02(2006.01);F24H15/223(2022.01);F24H15/212(2022.01);F24H15/335(2022.01);F24H9/25(2022.01);C02F103/04(2006.01),实用新型,授权,2026-03-10,,False,电子电气
000333.SZ,美的集团,储物装置,"合肥华凌股份有限公司,合肥美的电冰箱有限公司,美的集团股份有限公司",2025206895786,CN223985462U,F25D25/02(2006.01),实用新型,授权,2026-03-10,,False,电子电气
000333.SZ,美的集团,储物装置,"合肥华凌股份有限公司,合肥美的电冰箱有限公司,美的集团股份有限公司",2025206895930,CN223985463U,F25D25/02(2006.01),实用新型,授权,2026-03-10,,False,电子电气
000333.SZ,美的集团,顶盖组件及热泵设备,"广东美的制冷设备有限公司,美的集团股份有限公司",2025206940419,CN223985391U,F25B30/00(2006.01);F25B47/00(2006.01);F24H9/02(2006.01);F24H9/00(2022.01);F24D19/06(2006.01);F24D19/00(2006.01),实用新型,授权,2026-03-10,,False,电子电气
000333.SZ,美的集团,机器人的底盘及机器人,"美的集团股份有限公司,美的集团（上海）有限公司",2022102385709,CN116767105B,B60R13/07(2006.01);B60R13/08(2006.01);B25J19/00(2006.01),授权发明,授权,2026-03-13,,False,电子电气
000333.SZ,美的集团,机器人头部主体、机器人头部和机器人,"美的集团股份有限公司,美的集团（上海）有限公司",2022102385925,CN116766219B,B25J11/00(2006.01);B25J19/00(2006.01);B25J17/00(2006.01),授权发明,授权,2026-03-13,,False,电子电气
000333.SZ,美的集团,底盘及机器人,"美的集团股份有限公司,美的集团（上海）有限公司",2022102395607,CN116767392B,B62D65/12(2006.01);B62D65/02(2006.01);B62D61/10(2006.01);B60B33/06(2006.01);B60B33/02(2006.01),授权发明,授权,2026-03-13,,False,电子电气
000333.SZ,美的集团,白盒加密方法和装置以及白盒解密方法和装置,"美的集团股份有限公司,广东美的制冷设备有限公司",2021112330924,CN116010978B,G06F21/60(2013.01);G06F21/62(2013.01),授权发明,授权,2026-03-17,,False,电子电气
000333.SZ,美的集团,机器人及机器人头部,"美的集团（上海）有限公司,美的集团股份有限公司",2022102395715,CN116766220B,B25J11/00(2006.01);B25J19/00(2006.01),授权发明,授权,2026-03-17,,False,电子电气
000333.SZ,美的集团,射频解冻设备的控制方法、装置、设备及存储介质,"合肥华凌股份有限公司,合肥美的电冰箱有限公司,美的集团股份有限公司",2022116164434,CN115942530B,H05B6/68(2006.01);A23B2/82(2025.01);A23B4/07(2006.01);H05B6/66(2006.01),授权发明,授权,2026-03-17,,False,电子电气
000333.SZ,美的集团,射频烹饪装置以及冰箱,"合肥华凌股份有限公司,合肥美的电冰箱有限公司,美的集团股份有限公司",2022116175640,CN115866824B,H05B6/66(2006.01);H05B6/68(2006.01);H05B6/70(2006.01);H05B6/76(2006.01);A47J27/00(2006.01);A47J36/24(2006.01);A23B2/82(2025.01);F25D23/12(2006.01);F25D29/00(2006.01);F25D11/02(2006.01),授权发明,授权,2026-03-17,,False,电子电气
000333.SZ,美的集团,制冰机安装组件、门体及制冷设备,"合肥华凌股份有限公司,合肥美的电冰箱有限公司,美的集团股份有限公司",2022116279565,CN116222121B,F25D23/12(2006.01);F25D23/04(2006.01);F25C5/182(2018.01);F25C5/20(2018.01);F25C5/04(2006.01);F25D17/08(2006.01);F25C5/02(2006.01),授权发明,授权,2026-03-17,,False,电子电气
000333.SZ,美的集团,制冷设备的抑霜方法,"合肥华凌股份有限公司,合肥美的电冰箱有限公司,美的集团股份有限公司",2023101323663,CN116222103B,F25D21/04(2006.01);F25D17/06(2006.01);F25D17/04(2006.01);F25D17/08(2006.01);F25D19/00(2006.01);F25D23/02(2006.01);F25D29/00(2006.01);F25D11/04(2006.01),授权发明,授权,2026-03-17,,False,电子电气
000333.SZ,美的集团,箱胆组件和制冷设备,"合肥华凌股份有限公司,合肥美的电冰箱有限公司,美的集团股份有限公司",2023104428629,CN116428805B,F25D23/00(2006.01);F25D11/00(2006.01),授权发明,授权,2026-03-17,,False,电子电气
000333.SZ,美的集团,空调设备及其运行方法、装置及存储介质,"广东美的暖通设备有限公司,美的集团股份有限公司",2023112235755,CN119665392B,F24F11/56(2018.01);F24F11/64(2018.01);F24F11/67(2018.01);F24F110/10(2018.01),授权发明,授权,2026-03-17,,False,电子电气
000333.SZ,美的集团,家电异常音检测方法、装置及系统,"广东美的制冷设备有限公司,美的集团股份有限公司",2024119758113,CN119964598B,G10L25/51(2013.01);G10L25/27(2013.01);G01H17/00(2006.01),授权发明,授权,2026-03-17,,False,电子电气
000333.SZ,美的集团,开门机构和电器设备,"合肥美的电冰箱有限公司,合肥华凌股份有限公司,美的集团股份有限公司",2024233151779,CN224002579U,E05F15/619(2015.01);F25D23/02(2006.01);E05F15/70(2015.01),实用新型,授权,2026-03-17,,False,电子电气
000333.SZ,美的集团,开门机构和电器设备,"合肥美的电冰箱有限公司,合肥华凌股份有限公司,美的集团股份有限公司",2024233151961,CN224002580U,E05F15/619(2015.01);F25D23/02(2006.01);E05F15/70(2015.01),实用新型,授权,2026-03-17,,False,电子电气
000333.SZ,美的集团,室外机和暖通设备,"广东美的暖通设备有限公司,美的集团股份有限公司",2025202890849,CN224003831U,F24F1/40(2011.01);F24F1/48(2011.01);F24F1/56(2011.01);F24F1/60(2011.01),实用新型,授权,2026-03-17,,False,电子电气
000333.SZ,美的集团,经济器和热泵系统,"重庆美的通用制冷设备有限公司,美的集团股份有限公司",2025203109122,CN224003979U,F25B43/00(2006.01);F25B30/00(2006.01),实用新型,授权,2026-03-17,,False,电子电气
000333.SZ,美的集团,电机,"重庆美的通用制冷设备有限公司,美的集团股份有限公司",2025203142794,CN224006544U,H02K1/276(2022.01);H02K1/28(2006.01);H02K1/16(2006.01),实用新型,授权,2026-03-17,,False,电子电气
000333.SZ,美的集团,多功能饮水机,"广东美的制冷设备有限公司,美的集团股份有限公司",202530417179X,CN309852959S,31-00(15),外观设计,授权,2026-03-17,,False,电子电气
