company_id,company_name,ipc_code,patent_count
000063.SZ,中兴通讯,14-03(15),19
000063.SZ,中兴通讯,H05K7/20(2006.01),6
000063.SZ,中兴通讯,14-02(15),6
000063.SZ,中兴通讯,H04Q11/00(2006.01),5
000063.SZ,中兴通讯,H04W72/04(2006.01),4
000063.SZ,中兴通讯,H04L12/70(2013.01),3
000063.SZ,中兴通讯,G06F17/30(2006.01),3
000063.SZ,中兴通讯,H04L5/00(2006.01),3
000063.SZ,中兴通讯,H04L1/00(2006.01),2
000063.SZ,中兴通讯,14-03 (10);14-04 (10),2
000063.SZ,中兴通讯,H04L12/56(2006.01),2
000063.SZ,中兴通讯,H05K5/02(2006.01),2
000063.SZ,中兴通讯,G06F11/36(2006.01),2
000063.SZ,中兴通讯,H04L12/721(2013.01); H04Q11/00(2006.01),2
000063.SZ,中兴通讯,H04Q11/00(2006.01); H04L12/24(2006.01),2
000063.SZ,中兴通讯,H04L12/56(2006.01); H04L29/06(2006.01),2
000063.SZ,中兴通讯,H04W74/04(2006.01);H04W74/00(2006.01),1
000063.SZ,中兴通讯,H04L12/56(2006.01); H04L12/46(2006.01); H04L29/06(2006.01),1
000063.SZ,中兴通讯,E04H5/02(2006.01); E04H12/00(2006.01); E02D27/42(2006.01),1
000063.SZ,中兴通讯,G06F9/455(2006.01);G06F9/48(2006.01),1
000063.SZ,中兴通讯,H04W72/23(2023.01);H04W72/0453(2023.01);H04L5/00(2006.01),1
000063.SZ,中兴通讯,H04W24/02(2009.01);H04W88/08(2009.01),1
000063.SZ,中兴通讯,A61B5/00(2006.01),1
000063.SZ,中兴通讯,H04W28/16(2009.01),1
000063.SZ,中兴通讯,H04N5/225(2006.01),1
000063.SZ,中兴通讯,H04N7/15(2006.01),1
000063.SZ,中兴通讯,H04W72/21(2023.01);H04W72/044(2023.01);H04W72/542(2023.01);H04L5/00(2006.01);H04B7/06(2006.01);H04B7/08(2006.01),1
000063.SZ,中兴通讯,H04N23/73(2023.01);H04N23/95(2023.01),1
000063.SZ,中兴通讯,H04W24/02(2009.01);H04W76/14(2018.01);H04L1/1607(2023.01);H04L1/1812(2023.01);H04L1/1829(2023.01);H04L5/00(2006.01),1
000063.SZ,中兴通讯,H04L25/02(2006.01); H04L27/26(2006.01),1
000063.SZ,中兴通讯,H04M3/42(2006.01); H04Q3/00(2006.01),1
000063.SZ,中兴通讯,H04L12/26(2006.01)I;H04L12/56(2006.01)I;H04M3/30(2006.01)I,1
000063.SZ,中兴通讯,H04W4/12(2009.01); H04W8/24(2009.01); H04W12/02(2009.01); H04W12/08(2009.01),1
000063.SZ,中兴通讯,H04L45/247(2022.01);H04L41/12(2022.01);H04L47/70(2022.01);H04L45/00(2022.01),1
000063.SZ,中兴通讯,F24F5/00(2006.01),1
000063.SZ,中兴通讯,G01K7/22(2006.01); G01K1/02(2006.01),1
000063.SZ,中兴通讯,H04L41/0893(2022.01);H04L41/5041(2022.01);H04L41/12(2022.01),1
000063.SZ,中兴通讯,H04L29/06(2006.01); H04L12/24(2006.01); H04L12/26(2006.01),1
000063.SZ,中兴通讯,G06T1/20(2006.01),1
000063.SZ,中兴通讯,H01L23/31(2006.01); H01L23/488(2006.01),1
000063.SZ,中兴通讯,H04L12/26(2006.01); H04L12/10(2006.01); H04L12/12(2006.01),1
000063.SZ,中兴通讯,H04W4/12(2009.01); H04W88/02(2009.01),1
000063.SZ,中兴通讯,F16M13/02(2006.01),1
000063.SZ,中兴通讯,H01Q1/24(2006.01);H01Q21/00(2006.01);H01Q3/46(2006.01);H04W88/08(2009.01),1
000063.SZ,中兴通讯,H04Q11/00(2006.01);H04L12/46(2006.01),1
000063.SZ,中兴通讯,H04W24/02(2009.01),1
000063.SZ,中兴通讯,H04L9/00(2006.01),1
000063.SZ,中兴通讯,H04L12/24(2006.01),1
000063.SZ,中兴通讯,B08B5/00(2006.01)I;F04D29/70(2006.01)I;A47L5/12(2006.01)I,1
000063.SZ,中兴通讯,H04W88/02(2009.01)I;H04M3/53(2006.01)I,1
000063.SZ,中兴通讯,H04W72/23(2023.01);H04W72/0446(2023.01);H04W72/0453(2023.01);H04L5/00(2006.01);H04L27/26(2006.01),1
000063.SZ,中兴通讯,H04W24/02(2009.01);H04W24/08(2009.01),1
000063.SZ,中兴通讯,H04M3/54(2006.01); H04M3/58(2006.01),1
000063.SZ,中兴通讯,H04W88/02(2009.01),1
000063.SZ,中兴通讯,H04L12/24(2006.01); H04L12/56(2006.01); H04L1/22(2006.01),1
000063.SZ,中兴通讯,H04W52/14(2009.01),1
000063.SZ,中兴通讯,H04L12/935(2013.01); H04L12/861(2013.01); H04L12/46(2006.01),1
000063.SZ,中兴通讯,H04L12/56(2006.01)I,1
000063.SZ,中兴通讯,H03L7/197(2006.01);H04B14/02(2006.01);H04B14/04(2006.01),1
000063.SZ,中兴通讯,H04W76/10(2006.01),1
000063.SZ,中兴通讯,H04N21/239(2011.01);H04N21/2662(2011.01);H04N21/4402(2011.01);H04N21/442(2011.01);H04N21/845(2011.01),1
000063.SZ,中兴通讯,H04W72/232(2023.01);H04L5/00(2006.01);H04L27/26(2006.01);H04W52/32(2009.01),1
000063.SZ,中兴通讯,H01R24/40(2011.01);H01R24/52(2011.01);H01R24/54(2011.01),1
000063.SZ,中兴通讯,H02H7/20(2006.01),1
000063.SZ,中兴通讯,H04L12/56(2006.01); H04L12/46(2006.01); H04L12/24(2006.01); H04L29/06(2006.01),1
000063.SZ,中兴通讯,H04W24/02(2009.01);H04L41/0823(2022.01),1
000063.SZ,中兴通讯,H04L29/06(2006.01); H04L29/12(2006.01),1
000063.SZ,中兴通讯,H04W76/00(2009.01),1
000063.SZ,中兴通讯,H04B10/155(2006.01),1
000063.SZ,中兴通讯,H04W88/02(2009.01); G06F9/445(2006.01),1
000063.SZ,中兴通讯,13-02(15),1
000063.SZ,中兴通讯,H04J14/02(2006.01),1
000063.SZ,中兴通讯,H04W72/02(2009.01);H04W74/00(2009.01);H04W74/0833(2024.01),1
000063.SZ,中兴通讯,A61H3/06(2006.01); H04W88/02(2009.01),1
000063.SZ,中兴通讯,H04W28/24(2009.01);H04W72/54(2023.01);H04W28/02(2009.01);H04W76/27(2018.01),1
000063.SZ,中兴通讯,G10L19/02(2013.01),1
000063.SZ,中兴通讯,H04W28/16(2009.01);H04L5/00(2006.01),1
000063.SZ,中兴通讯,G06F13/38(2006.01),1
000063.SZ,中兴通讯,H04L9/32(2006.01); H04L12/28(2006.01),1
000063.SZ,中兴通讯,G04B37/11(2006.01),1
000063.SZ,中兴通讯,H04B7/06(2006.01);H04B7/0426(2017.01),1
000063.SZ,中兴通讯,H04W24/08(2009.01); H04B17/00(2006.01),1
000063.SZ,中兴通讯,H01R31/06(2006.01); H01R13/66(2006.01); H01R13/627(2006.01); H01R13/02(2006.01); H02J7/00(2006.01),1
000063.SZ,中兴通讯,H04W74/08(2006.01),1
000063.SZ,中兴通讯,H04W24/10(2009.01);H04L67/12(2022.01),1
000063.SZ,中兴通讯,14-03 (10),1
000063.SZ,中兴通讯,H04W4/02(2018.01);H04W4/30(2018.01);H04W24/10(2009.01);H04W64/00(2009.01);G06N20/00(2019.01),1
000063.SZ,中兴通讯,H04L12/14(2006.01),1
000063.SZ,中兴通讯,H04N21/41(2011.01); H04N21/43(2011.01); H04L29/08(2006.01),1
000063.SZ,中兴通讯,H02H3/02(2006.01);H02H3/32(2006.01);H02H9/04(2006.01),1
000063.SZ,中兴通讯,H04W24/00(2009.01); H04B17/00(2006.01),1
000063.SZ,中兴通讯,H04B5/00(2006.01); H04W12/06(2009.01); H04W74/08(2009.01),1
000063.SZ,中兴通讯,H04L12/757(2013.01),1
000063.SZ,中兴通讯,H04L12/24(2006.01); H04L12/26(2006.01); H04L29/06(2006.01); H04L29/08(2006.01),1
000063.SZ,中兴通讯,H04W84/12(2009.01); H04W88/02(2009.01); H04W92/10(2009.01); H04M1/72(2006.01); H04M1/725(2006.01),1
000063.SZ,中兴通讯,H04L47/6275(2022.01);H04L41/0823(2022.01),1
000063.SZ,中兴通讯,H04W4/50(2018.01),1
000063.SZ,中兴通讯,H04W8/24(2009.01),1
000063.SZ,中兴通讯,H04M1/725(2006.01),1
000063.SZ,中兴通讯,H04L12/24(2006.01); H04L12/70(2013.01),1
000063.SZ,中兴通讯,H04M7/00(2006.01); H04M3/54(2006.01); H04L1/22(2006.01); H04L29/06(2006.01),1
000063.SZ,中兴通讯,30-03(15),1
000063.SZ,中兴通讯,G01R31/69(2020.01),1
000063.SZ,中兴通讯,H04L12/26(2006.01); H04L29/06(2006.01),1
000063.SZ,中兴通讯,H04W24/06(2009.01);G06F18/214(2023.01);G06F18/2431(2023.01);G06N3/09(2023.01),1
000063.SZ,中兴通讯,H04L5/00(2006.01);H04W72/0453(2023.01);H04W72/23(2023.01),1
000063.SZ,中兴通讯,H04B1/74(2006.01); H04B10/20(2006.01),1
000063.SZ,中兴通讯,H04R1/10(2006.01),1
000063.SZ,中兴通讯,H04W24/00(2009.01),1
000063.SZ,中兴通讯,H04W8/22(2009.01); H04W12/00(2009.01),1
000063.SZ,中兴通讯,H04L12/56(2006.01); H04Q3/68(2006.01),1
000063.SZ,中兴通讯,G06T7/194(2017.01);G06V10/25(2022.01);G06V10/774(2022.01),1
000063.SZ,中兴通讯,G01R31/04(2006.01),1
000063.SZ,中兴通讯,H04Q11/00(2006.01);H04L9/00(2022.01);H04L9/40(2022.01);G06N3/044(2023.01);G06N3/047(2023.01);G06N3/048(2023.01);G06N3/098(2023.01);G06N3/09(2023.01);G06F18/2415(2023.01);G06F18/27(2023.01);G06F18/214(2023.01),1
000063.SZ,中兴通讯,H04W24/02(2009.01);H04W72/04(2009.01),1
000063.SZ,中兴通讯,H04L12/26(2006.01)I;H04L12/56(2006.01)I;H04L12/24(2006.01)I;H04J14/02(2006.01)I,1
000063.SZ,中兴通讯,H04L12/28(2006.01),1
000063.SZ,中兴通讯,H04Q11/00(2006.01); H04B10/20(2006.01),1
000063.SZ,中兴通讯,H04W4/46(2018.01);G08B25/10(2006.01);H04L67/55(2022.01);G08G1/16(2006.01),1
000063.SZ,中兴通讯,H04L12/70(2013.01); H04L12/24(2006.01); H04Q11/00(2006.01),1
000063.SZ,中兴通讯,H04L9/40(2022.01);H04L9/08(2006.01);G06F21/55(2013.01),1
000063.SZ,中兴通讯,H04W4/029(2018.01);H04W64/00(2009.01),1
000063.SZ,中兴通讯,H04L41/0896(2022.01),1
000063.SZ,中兴通讯,H04L41/0896(2022.01);H04L45/00(2022.01),1
000063.SZ,中兴通讯,E06B3/36(2006.01); E05C19/12(2006.01),1
000063.SZ,中兴通讯,H02M1/00(2007.01);H02M7/04(2006.01);H02M7/217(2006.01),1
000063.SZ,中兴通讯,H04W36/08(2009.01),1
000063.SZ,中兴通讯,H04L12/56(2006.01); H04M7/00(2006.01); H04L29/06(2006.01),1
000063.SZ,中兴通讯,H04Q11/00(2006.01); H04L1/00(2006.01),1
000063.SZ,中兴通讯,H04L12/741(2013.01); H04L12/46(2006.01),1
000063.SZ,中兴通讯,H04M3/42(2006.01)I;H04M3/487(2006.01)I;H04L12/56(2006.01)I,1
000063.SZ,中兴通讯,F16M11/00(2006.01); H04M1/11(2006.01),1
000063.SZ,中兴通讯,H04L12/723(2013.01); H04L12/877(2013.01),1
000063.SZ,中兴通讯,H04W76/02(2009.01)I;H04W12/06(2009.01)I;H04W48/10(2009.01)I;H04W68/00(2009.01)I,1
000063.SZ,中兴通讯,H04B5/00(2006.01); H04W52/02(2009.01); H04W88/02(2009.01),1
000063.SZ,中兴通讯,H04M1/02(2006.01); H04M1/725(2006.01); H04M1/73(2006.01),1
000063.SZ,中兴通讯,H04W8/18(2009.01); H04W88/02(2009.01),1
000063.SZ,中兴通讯,H04W64/00(2009.01); H04W88/02(2009.01),1
000063.SZ,中兴通讯,H04W24/02(2006.01),1
000063.SZ,中兴通讯,H04W88/18(2009.01),1
000063.SZ,中兴通讯,G06F11/22(2006.01),1
000063.SZ,中兴通讯,H04B17/00(2006.01),1
000063.SZ,中兴通讯,H04M3/42(2006.01)I;H04Q3/00(2006.01)I,1
000063.SZ,中兴通讯,10-02 (10);14-03 (10),1
000063.SZ,中兴通讯,H04L27/26(2006.01); H04B7/26(2006.01),1
000063.SZ,中兴通讯,H04J3/16(2006.01); H04J3/06(2006.01),1
000063.SZ,中兴通讯,H04L12/46(2006.01);H04L47/50(2022.01);H04L69/22(2022.01),1
000063.SZ,中兴通讯,H04W4/14(2009.01),1
000063.SZ,中兴通讯,H02H7/12(2006.01); H02M7/06(2006.01); H02M3/335(2006.01),1
000063.SZ,中兴通讯,H04L12/24(2006.01); H04L12/851(2013.01); H04L12/863(2013.01),1
000063.SZ,中兴通讯,H04L67/141(2022.01);H04L9/40(2022.01);H04L9/32(2006.01),1
000063.SZ,中兴通讯,E06B7/084(2006.01); H05K7/20(2006.01),1
000063.SZ,中兴通讯,H04L12/24(2006.01); H04L29/08(2006.01),1
000063.SZ,中兴通讯,H04B10/69(2013.01),1
000063.SZ,中兴通讯,H04W8/18(2009.01);H04W24/06(2009.01),1
000063.SZ,中兴通讯,H04W56/00(2009.01); H04W88/08(2009.01),1
000063.SZ,中兴通讯,H04W52/02(2009.01),1
000063.SZ,中兴通讯,H04B17/12(2015.01);H04B17/21(2015.01);H04B7/0413(2017.01),1
000063.SZ,中兴通讯,H03M1/66(2006.01),1
000063.SZ,中兴通讯,H04L12/703(2013.01),1
000063.SZ,中兴通讯,H03M7/40(2006.01); H04L29/06(2006.01),1
000063.SZ,中兴通讯,G06F16/2457(2019.01);G06F16/2458(2019.01);G06F18/22(2023.01);G06F18/23211(2023.01);G06F18/2433(2023.01),1
000063.SZ,中兴通讯,H04W88/08(2009.01),1
000063.SZ,中兴通讯,H01Q1/24(2006.01); H01Q1/38(2006.01); H01Q1/44(2006.01),1
000063.SZ,中兴通讯,H04R9/06(2006.01); H04R9/02(2006.01),1
000063.SZ,中兴通讯,H04W24/02(2009.01);H04W24/08(2009.01);H04W24/10(2009.01),1
000063.SZ,中兴通讯,H04W28/16(2006.01);H04L12/46(2006.01),1
000063.SZ,中兴通讯,H04B7/005(2006.01)I,1
000063.SZ,中兴通讯,G06F9/48(2006.01),1
000063.SZ,中兴通讯,H04L12/24(2006.01); H04L12/12(2006.01),1
000063.SZ,中兴通讯,H04W76/30(2018.01),1
000063.SZ,中兴通讯,H04L12/46(2006.01); H04L12/56(2006.01); H04L29/06(2006.01),1
000063.SZ,中兴通讯,H01Q1/28(2006.01);H01Q1/36(2006.01);H01Q21/00(2006.01);H01Q3/24(2006.01),1
000063.SZ,中兴通讯,H01Q9/04(2006.01); H01Q1/38(2006.01),1
000063.SZ,中兴通讯,H04L5/00(2006.01);H04W52/02(2009.01);H04W76/28(2018.01),1
000063.SZ,中兴通讯,H04L12/46(2006.01); H04L29/06(2006.01); H04L12/721(2013.01),1
000063.SZ,中兴通讯,G06F1/18(2006.01),1
000063.SZ,中兴通讯,H01Q1/24(2006.01); H01Q1/36(2006.01); H04M1/02(2006.01),1
000063.SZ,中兴通讯,G06F11/07(2006.01);G06F3/06(2006.01),1
000063.SZ,中兴通讯,H04L12/24(2006.01)I;H04L12/56(2006.01)I;H04L29/06(2006.01)I,1
000063.SZ,中兴通讯,H02M1/44(2007.01),1
000063.SZ,中兴通讯,H04B10/07(2013.01),1
000063.SZ,中兴通讯,H04Q7/38(2006.01);H04Q7/36(2006.01),1
000063.SZ,中兴通讯,H04J14/02(2006.01); H04Q11/00(2006.01),1
000063.SZ,中兴通讯,H04L5/00(2006.01);H04W72/232(2023.01);H04L1/1812(2023.01);H04W76/27(2018.01),1
000063.SZ,中兴通讯,H04Q11/00(2006.01);H04B10/40(2013.01);H04B10/079(2013.01),1
000063.SZ,中兴通讯,H04L12/24(2006.01); H04L12/26(2006.01),1
000063.SZ,中兴通讯,H04M1/57(2006.01); H04M1/60(2006.01); H04M3/42(2006.01); H04M3/00(2006.01); H04M7/00(2006.01),1
000063.SZ,中兴通讯,H04L7/04(2006.01);H04J3/06(2006.01);H04L7/00(2006.01),1
000063.SZ,中兴通讯,H01Q3/26(2006.01);H01Q23/00(2006.01);H01Q1/24(2006.01);H01Q21/00(2006.01);H01P1/213(2006.01),1
000063.SZ,中兴通讯,H04L12/26(2006.01),1
000063.SZ,中兴通讯,H04L1/1812(2023.01);H04W48/10(2009.01);H04W76/40(2018.01),1
000063.SZ,中兴通讯,G06F9/455(2006.01),1
000063.SZ,中兴通讯,H04W12/08(2009.01),1
000063.SZ,中兴通讯,H04L29/08(2006.01); G06F9/455(2006.01),1
000063.SZ,中兴通讯,H04M1/02(2006.01),1
000063.SZ,中兴通讯,H02J7/34(2006.01);H02J7/50(2026.01),1
000063.SZ,中兴通讯,30-99(15),1
000063.SZ,中兴通讯,H04L67/60(2022.01);H04L67/63(2022.01);H04L61/4511(2022.01);H04L12/66(2006.01),1
000063.SZ,中兴通讯,H05K1/02(2006.01); H05K1/18(2006.01); H05K9/00(2006.01),1
000063.SZ,中兴通讯,H04L67/1095(2022.01);G06F9/455(2018.01),1
000063.SZ,中兴通讯,H04W28/082(2023.01);H04W28/08(2023.01);H04W72/542(2023.01);H04W76/16(2018.01),1
000063.SZ,中兴通讯,F28D1/00(2006.01); F28F27/00(2006.01); F28D1/053(2006.01),1
000063.SZ,中兴通讯,H04L12/819(2013.01); H04L12/815(2013.01),1
000063.SZ,中兴通讯,H04L12/56(2006.01); H04L12/14(2006.01),1
000063.SZ,中兴通讯,H04L27/00(2006.01),1
000063.SZ,中兴通讯,H04W80/06(2006.01)I,1
000063.SZ,中兴通讯,H04B1/40(2015.01);H04B1/00(2006.01),1
000063.SZ,中兴通讯,H04L5/00(2006.01);H04B7/155(2006.01),1
000063.SZ,中兴通讯,H04L12/24(2006.01); H04L12/865(2013.01); H04Q11/00(2006.01),1
000063.SZ,中兴通讯,H04B1/40(2015.01);H04B1/401(2015.01);H04B17/14(2015.01);H04B17/21(2015.01),1
000063.SZ,中兴通讯,H04W28/16(2009.01);H04L41/0893(2022.01),1
000063.SZ,中兴通讯,H04N17/00(2006.01);G06T7/00(2017.01),1
000063.SZ,中兴通讯,H04L12/24(2006.01); G06F17/30(2006.01),1
000063.SZ,中兴通讯,H04L12/26(2006.01); G06F11/36(2006.01); G06F9/44(2006.01); G06F12/14(2006.01),1
000063.SZ,中兴通讯,G06F11/36(2006.01); G06F17/30(2006.01); H04L29/06(2006.01),1
000063.SZ,中兴通讯,H04Q7/34(2006.01)I;H04Q7/32(2006.01)I,1
000063.SZ,中兴通讯,H04Q1/02(2006.01);H04Q1/04(2006.01);H04L12/66(2006.01),1
000063.SZ,中兴通讯,H01Q15/00(2006.01);H01Q1/24(2006.01);H01Q1/36(2006.01);H01Q1/50(2006.01),1
000063.SZ,中兴通讯,H03M13/11(2006.01)I;H03M13/00(2006.01)I,1
000063.SZ,中兴通讯,H04Q11/00(2006.01);H04L41/0896(2022.01),1
000063.SZ,中兴通讯,H05K1/181(2026.01);H05K3/341(2026.01),1
000063.SZ,中兴通讯,H04Q1/02(2006.01),1
000063.SZ,中兴通讯,H04B1/40(2015.01);H04B1/401(2015.01),1
000063.SZ,中兴通讯,G06F11/30(2006.01),1
000063.SZ,中兴通讯,H04W84/02(2006.01),1
000063.SZ,中兴通讯,H04L12/26(2006.01); H04L12/24(2006.01); H04L29/06(2006.01),1
000063.SZ,中兴通讯,G06F30/18(2020.01);G06Q10/047(2023.01);G06Q50/50(2024.01);G06F111/04(2020.01),1
000063.SZ,中兴通讯,G06F15/163(2006.01); G06F13/28(2006.01),1
000063.SZ,中兴通讯,H04L5/02(2006.01); H04L27/26(2006.01),1
000063.SZ,中兴通讯,H04L9/40(2022.01);H04N7/15(2006.01);G06N3/044(2023.01);G06N3/045(2023.01);G06N3/084(2023.01),1
000063.SZ,中兴通讯,H04W74/08(2009.01); H04L29/12(2006.01),1
000063.SZ,中兴通讯,H04L5/00(2006.01);H04W72/04(2023.01),1
000063.SZ,中兴通讯,H04B1/525(2015.01);H04B17/11(2015.01);H04B17/21(2015.01);H04B17/309(2015.01),1
000063.SZ,中兴通讯,H04L12/58(2006.01); H04L12/56(2006.01),1
000063.SZ,中兴通讯,H04L12/14(2006.01); H04L12/56(2006.01); H04L29/06(2006.01),1
000063.SZ,中兴通讯,H04N21/2387(2011.01);H04N21/431(2011.01);H04N21/4402(2011.01);H04N21/472(2011.01);H04N21/81(2011.01),1
000063.SZ,中兴通讯,H04L12/24(2006.01); H04W24/04(2009.01),1
000063.SZ,中兴通讯,H04L12/24(2006.01); H04L29/06(2006.01),1
000063.SZ,中兴通讯,G06F21/62(2013.01),1
000063.SZ,中兴通讯,H04W24/08(2009.01);H04W24/02(2009.01),1
000063.SZ,中兴通讯,H04W24/02(2006.01);H04W72/04(2006.01),1
000063.SZ,中兴通讯,H04L12/56(2006.01); H04L12/46(2006.01),1
000063.SZ,中兴通讯,G06F15/163(2006.01); H04L12/26(2006.01),1
000100.SZ,TCL科技,B25J21/02(2006.01),2
000100.SZ,TCL科技,C07F15/00(2006.01);H10K50/82(2023.01);H10K59/10(2023.01);H10K85/30(2023.01),1
000100.SZ,TCL科技,G06F9/54(2006.01),1
000100.SZ,TCL科技,G06T7/00(2017.01);G06T7/11(2017.01);G06T7/194(2017.01);G06V10/74(2022.01);G06V10/764(2022.01);G06V10/82(2022.01);G06N3/045(2023.01);G06N3/0475(2023.01);G06N3/094(2023.01),1
000100.SZ,TCL科技,H10H29/30(2025.01);H10H29/39(2025.01);G09F9/33(2006.01);G09G3/32(2016.01),1
000100.SZ,TCL科技,B01J27/22(2006.01);B01J27/04(2006.01);B01J27/24(2006.01);B01J37/03(2006.01);B01J37/08(2006.01);B01J37/34(2006.01);C01B3/046(2026.01),1
000100.SZ,TCL科技,H10K71/00(2023.01);H10K50/115(2023.01);H10K50/15(2023.01),1
000100.SZ,TCL科技,C09K11/02(2006.01);C09K11/56(2006.01);B82Y20/00(2011.01);B82Y30/00(2011.01);H10K50/115(2023.01),1
000333.SZ,美的集团,15-05(14),2
000333.SZ,美的集团,15-05 (12),1
000333.SZ,美的集团,07-02 (12),1
000725.SZ,京东方A,14-06(15),1
001259.SZ,利仁科技,07-02(15),1
002032.SZ,苏泊尔,A47J27/022(2006.01)I,1
002032.SZ,苏泊尔,A47J27/08(2006.01); A47J36/00(2006.01),1
002032.SZ,苏泊尔,A47G19/22(2006.01),1
002032.SZ,苏泊尔,A47J27/022(2006.01); F24C15/10(2006.01),1
002837.SZ,英维克,10-05(15),1
002837.SZ,英维克,23-04(15),1
002837.SZ,英维克,13-03(15),1
002959.SZ,小熊电器,07-02(15),1
300043.SZ,星辉娱乐,13-02(15),1
300660.SZ,江苏雷利,13-01(15),1
300698.SZ,万马科技,14-03(15),1
300750.SZ,宁德时代,H01M2/10(2006.01),9
300750.SZ,宁德时代,13-02(15),8
300750.SZ,宁德时代,H01M4/36(2006.01),6
300750.SZ,宁德时代,H01M4/505(2006.01),4
300750.SZ,宁德时代,H01M4/58(2006.01),4
300750.SZ,宁德时代,H01M4/587(2006.01),4
300750.SZ,宁德时代,H01M4/525(2006.01),4
300750.SZ,宁德时代,H01M4/58(2006.01);H01M10/0525(2006.01);H01M4/62(2006.01),3
300750.SZ,宁德时代,H01M50/107(2021.01);H01M50/179(2021.01),3
300750.SZ,宁德时代,H01M50/30(2021.01);H01M50/531(2021.01);H01M50/107(2021.01);H01M50/213(2021.01),3
300750.SZ,宁德时代,H01M4/13(2010.01);H01M4/139(2010.01);H01M4/62(2006.01);H01M10/0525(2010.01);H01M10/054(2010.01),3
300750.SZ,宁德时代,H01M50/528(2021.01),3
300750.SZ,宁德时代,H01M4/505(2006.01);H01M4/62(2006.01);H01M10/0525(2006.01),3
300750.SZ,宁德时代,H01M10/0568(2006.01);H01M10/0525(2006.01),2
300750.SZ,宁德时代,H01M4/36(2006.01);H01M4/587(2010.01);H01M4/62(2006.01);H01M4/133(2010.01);H01M10/05(2010.01);C01B32/23(2017.01),2
300750.SZ,宁德时代,H01M50/553(2021.01);H01M50/103(2021.01);H01M50/528(2021.01);H01M50/533(2021.01),2
300750.SZ,宁德时代,H01M10/0525(2010.01);H01M4/13(2010.01);H01M4/36(2006.01);H01M4/58(2010.01);H01M4/583(2010.01),2
300750.SZ,宁德时代,H01M10/058(2010.01);H01M10/052(2010.01);H01M10/0569(2010.01);H01M10/42(2006.01);H01M4/13(2010.01);H01M10/0567(2010.01),2
300750.SZ,宁德时代,H01M4/36(2006.01);H01M4/583(2006.01),2
300750.SZ,宁德时代,H01M4/36(2006.01);H01M4/58(2010.01);H01M4/525(2010.01);H01M4/505(2010.01);H01M4/485(2010.01);H01M4/131(2010.01);H01M4/136(2010.01);H01M10/0525(2010.01),2
300750.SZ,宁德时代,H01M50/342(2021.01),2
300750.SZ,宁德时代,H01M10/058(2010.01);H01M10/0525(2010.01);H01M10/052(2010.01);H01M10/44(2006.01),2
300750.SZ,宁德时代,B65D81/03(2006.01);B65D85/88(2006.01);B60P7/16(2006.01),2
300750.SZ,宁德时代,H01M10/0525(2006.01),2
300750.SZ,宁德时代,H01M4/13(2010.01);H01M4/62(2006.01);H01M10/0525(2010.01),2
300750.SZ,宁德时代,14-04(15),2
300750.SZ,宁德时代,H01H50/14(2006.01);H01H50/16(2006.01);H01H50/04(2006.01);H01H50/44(2006.01);H01H50/54(2006.01);H01H9/40(2006.01);H01H50/18(2006.01);H01H9/44(2006.01);H01M50/574(2021.01),2
300750.SZ,宁德时代,H01M50/50(2021.01);H01M50/519(2021.01),2
300750.SZ,宁德时代,H01M50/333(2021.01);H01M50/249(2021.01);H01M50/244(2021.01);H01M50/204(2021.01),2
300750.SZ,宁德时代,B01D45/02(2006.01);B01D45/06(2006.01);B01D45/08(2006.01);B01D50/20(2022.01);F04D29/34(2006.01);F04D29/38(2006.01),2
300750.SZ,宁德时代,H01M50/244(2021.01);H01M50/249(2021.01);H01M50/242(2021.01),2
300750.SZ,宁德时代,H01M50/103(2021.01);H01M50/14(2021.01);H01M50/141(2021.01);H01M50/449(2021.01);H01M4/13(2010.01);H01M10/0585(2010.01);H01M10/0587(2010.01);H01M10/0525(2010.01);H01M50/593(2021.01),2
300750.SZ,宁德时代,H01M50/244(2021.01);H01M50/296(2021.01),2
300750.SZ,宁德时代,H01M4/58(2010.01);H01M4/62(2006.01);H01M10/054(2010.01),2
300750.SZ,宁德时代,H01M4/583(2006.01),2
300750.SZ,宁德时代,G01R31/36(2020.01),2
300750.SZ,宁德时代,H01M10/0587(2010.01);H01M10/0525(2010.01),2
300750.SZ,宁德时代,G01N21/88(2006.01),2
300750.SZ,宁德时代,H01M4/36(2006.01);H01M4/525(2006.01),2
300750.SZ,宁德时代,H01M2/26(2006.01),2
300750.SZ,宁德时代,B60S5/06(2019.01);B60L53/80(2019.01),1
300750.SZ,宁德时代,G01M3/26(2006.01);G01M3/00(2006.01),1
300750.SZ,宁德时代,H01M50/244(2021.01);H01M50/284(2021.01);H01M50/242(2021.01),1
300750.SZ,宁德时代,G06T7/13(2017.01);G01N21/84(2006.01);G06V10/44(2022.01);G06T7/12(2017.01),1
300750.SZ,宁德时代,H01M4/485(2010.01);H01M4/505(2010.01);H01M4/525(2010.01);H01M4/36(2006.01);H01M4/131(2010.01);H01M10/0525(2010.01);H01M4/62(2006.01);C01G53/44(2025.01);C01G51/44(2025.01);C01G49/00(2006.01);C01G45/1221(2025.01),1
300750.SZ,宁德时代,H01M50/15(2021.01);H01M50/593(2021.01);H01M50/103(2021.01),1
300750.SZ,宁德时代,H01M50/264(2021.01);H01M50/289(2021.01);H01M50/244(2021.01);H01M50/209(2021.01);H01M10/42(2006.01),1
300750.SZ,宁德时代,H01M4/13(2010.01);H01M4/139(2010.01);H01M4/04(2006.01);H01M4/62(2006.01);H01M10/0525(2010.01),1
300750.SZ,宁德时代,H01M10/54(2006.01);H01M4/13(2010.01);H01M4/131(2010.01);H01M4/36(2006.01);H01M4/505(2010.01);H01M4/525(2010.01);H01M10/0525(2010.01),1
300750.SZ,宁德时代,H01M4/525(2010.01);H01M4/505(2010.01);H01M4/62(2006.01);H01M10/0525(2010.01);C01G53/506(2025.01);C01D15/04(2006.01);C01G49/10(2006.01);C01G23/02(2006.01);C01F7/50(2006.01);C01F7/56(2022.01);C01F7/64(2006.01);C01G9/04(2006.01);C01F5/28(2006.01);C01F5/30(2006.01);C01F5/36(2006.01);B82Y40/00(2011.01);B82Y30/00(2011.01),1
300750.SZ,宁德时代,H01M4/36(2006.01);H01M10/0525(2010.01);H01M4/505(2010.01);H01M4/525(2010.01);H01M4/131(2010.01);H01M4/62(2006.01),1
300750.SZ,宁德时代,H01M4/62(2006.01);H01M10/0525(2010.01);H01M4/133(2010.01),1
300750.SZ,宁德时代,H01M50/30(2006.01);H01M10/613(2006.01),1
300750.SZ,宁德时代,H01M10/058(2010.01);H01M10/44(2006.01);H01M10/0525(2010.01),1
300750.SZ,宁德时代,H01M4/13(2010.01);H01M4/36(2006.01);H01M4/62(2006.01);H01M4/38(2006.01);H01M4/583(2010.01);H01M10/0525(2010.01);H01M4/02(2006.01),1
300750.SZ,宁德时代,H01M10/058(2010.01);H01M10/052(2010.01);H01M10/04(2006.01);H01M50/105(2021.01),1
300750.SZ,宁德时代,H01M50/533(2021.01);H01M50/531(2021.01);H01M50/54(2021.01);H01M50/244(2021.01),1
300750.SZ,宁德时代,H01M2/26(2006.01); H01M2/30(2006.01); H01M10/04(2006.01); H01M10/058(2010.01),1
300750.SZ,宁德时代,H01M50/244(2021.01);H01M50/204(2021.01);H01M50/24(2021.01);H01M50/242(2021.01);H01M50/296(2021.01);H01M50/298(2021.01),1
300750.SZ,宁德时代,H01M50/244(2021.01);H01M50/209(2021.01);H01M50/224(2021.01);H01M50/231(2021.01);H01M50/233(2021.01),1
300750.SZ,宁德时代,G01R1/04(2006.01);G01R31/36(2020.01);G01N3/04(2006.01);G01N3/08(2006.01),1
300750.SZ,宁德时代,H01M4/587(2006.01);H01M10/0525(2006.01);H01M4/136(2006.01),1
300750.SZ,宁德时代,H01M4/583(2006.01);H01M4/78(2006.01),1
300750.SZ,宁德时代,H01M50/271(2021.01);H01M50/24(2021.01);H01M50/244(2021.01);H01M50/258(2021.01);H01M50/249(2021.01);H01M50/204(2021.01);H01M50/262(2021.01),1
300750.SZ,宁德时代,H01M4/62(2006.01);H01M4/485(2010.01);H01M4/131(2010.01);H01M10/0525(2010.01);B82Y30/00(2011.01),1
300750.SZ,宁德时代,H01M10/637(2014.01);H01M10/615(2014.01),1
300750.SZ,宁德时代,H01M50/242(2021.01);H01M50/24(2021.01);H01M50/204(2021.01);H01M50/298(2021.01),1
300750.SZ,宁德时代,B22D41/50(2006.01);H01M4/64(2006.01),1
300750.SZ,宁德时代,H01M50/528(2021.01);H01M50/503(2021.01);H01M50/516(2021.01);H01M50/59(2021.01);H01M50/107(2021.01);H01M50/213(2021.01),1
300750.SZ,宁德时代,H01M50/533(2021.01);H01M50/528(2021.01),1
300750.SZ,宁德时代,H02J7/56(2026.01);H02J7/96(2026.01);H02J7/94(2026.01),1
300750.SZ,宁德时代,H01M50/244(2021.01);H01M50/24(2021.01);H01M50/296(2021.01);H02J7/70(2026.01),1
300750.SZ,宁德时代,H01M50/507(2021.01),1
300750.SZ,宁德时代,H01M4/13(2006.01);H01M4/62(2006.01),1
300750.SZ,宁德时代,H01M10/658(2014.01);H01M10/613(2014.01);H01M50/593(2021.01);H01M50/588(2021.01);H01M10/653(2014.01);H01M50/264(2021.01);H01M50/242(2021.01),1
300750.SZ,宁德时代,H01M50/209(2021.01);H01M50/244(2021.01),1
300750.SZ,宁德时代,H01M50/103(2021.01);H01M50/176(2021.01);H01M50/59(2021.01);H01M50/531(2021.01),1
300750.SZ,宁德时代,H01M4/139(2010.01),1
300750.SZ,宁德时代,H01M10/04(2006.01);H01M10/052(2010.01);H01M10/0525(2010.01);H01M10/054(2010.01);H01M10/48(2006.01);H01M50/103(2021.01);H01M50/502(2021.01);H01M50/55(2021.01);H01M50/569(2021.01);H01M50/588(2021.01);H01M50/593(2021.01),1
300750.SZ,宁德时代,B65G47/91(2006.01);F16B11/00(2006.01);H01M10/04(2006.01),1
300750.SZ,宁德时代,H01M4/36(2006.01);H01M4/525(2010.01);H01M4/505(2010.01);H01M4/131(2010.01);H01M10/052(2010.01);H01M4/485(2010.01),1
300750.SZ,宁德时代,B65H19/28(2006.01);B65H19/26(2006.01);B65H26/00(2006.01),1
300750.SZ,宁德时代,H01M10/04(2006.01);H01M6/00(2006.01);H01M50/107(2021.01),1
300750.SZ,宁德时代,H01M10/613(2014.01);H01M10/625(2014.01);H01M10/6554(2014.01);H01M10/6556(2014.01);H01M10/6568(2014.01),1
300750.SZ,宁德时代,H01M4/36(2006.01);H01M4/485(2010.01);H01M4/505(2010.01);H01M4/525(2010.01);H01M10/0525(2010.01),1
300750.SZ,宁德时代,H01M4/36(2006.01);H01M4/583(2010.01);H01M10/0525(2010.01),1
300750.SZ,宁德时代,B65H20/14(2006.01);B65H20/02(2006.01);H01M4/04(2006.01),1
300750.SZ,宁德时代,B60L58/10(2019.01);B60L53/14(2019.01);B60R16/023(2006.01),1
300750.SZ,宁德时代,C09J7/28(2018.01);H01M50/531(2021.01);H01M10/052(2010.01);H01M10/054(2010.01);H01M10/058(2010.01);H01M50/528(2021.01);C09J9/02(2006.01),1
300750.SZ,宁德时代,H01M10/615(2014.01);H05B3/02(2006.01);H05B3/06(2006.01);H01M50/244(2021.01);H01M50/209(2021.01);H01M10/6572(2014.01);H01M10/655(2014.01),1
300750.SZ,宁德时代,G01N25/56(2006.01);G01R31/36(2020.01),1
300750.SZ,宁德时代,H02H9/04(2006.01);H02J7/60(2026.01);H02J7/62(2026.01);H02J7/64(2026.01);H01M10/42(2006.01),1
300750.SZ,宁德时代,F16K15/02(2006.01); F16K15/14(2006.01); F16K17/04(2006.01); F16K37/00(2006.01); B01D53/04(2006.01); H01M2/12(2006.01),1
300750.SZ,宁德时代,B23K37/02(2006.01);B23K37/08(2006.01);B08B1/16(2024.01);B08B1/34(2024.01);B08B5/04(2006.01);H01M10/04(2006.01);H01M6/00(2006.01),1
300750.SZ,宁德时代,H01M50/392(2021.01);H01M50/383(2021.01);H01M50/30(2021.01),1
300750.SZ,宁德时代,H01M50/519(2021.01);H01M50/502(2021.01);H01R13/73(2006.01),1
300750.SZ,宁德时代,B66F7/00(2006.01);B66F7/28(2006.01);H01M10/04(2006.01),1
300750.SZ,宁德时代,H01M10/613(2014.01);H01M10/625(2014.01);H01M10/48(2006.01);H01M50/244(2021.01);H01M50/289(2021.01);H01M50/24(2021.01);H01M50/249(2021.01),1
300750.SZ,宁德时代,H01M10/613(2014.01);H01M10/6568(2014.01);H01M10/6556(2014.01);H01M50/244(2021.01);H01M50/204(2021.01),1
300750.SZ,宁德时代,H01M4/36(2006.01);H01M4/58(2010.01);H01M4/136(2010.01);H01M10/052(2010.01);H01M4/131(2010.01);H01M4/1315(2010.01);H01M4/525(2010.01);H01M4/485(2010.01);H01M4/505(2010.01),1
300750.SZ,宁德时代,H01M4/587(2010.01);C01B32/205(2017.01);H01M4/04(2006.01);H01M4/133(2010.01);H01M10/0525(2010.01);H01M10/058(2010.01),1
300750.SZ,宁德时代,H01M4/36(2006.01);H01M4/485(2010.01);H01M4/505(2010.01);H01M4/525(2010.01);H01M4/60(2006.01);H01M10/0525(2010.01),1
300750.SZ,宁德时代,H01M4/36(2006.01);H01M4/525(2006.01);H01M4/505(2006.01),1
300750.SZ,宁德时代,G01N1/34(2006.01);G01N1/40(2006.01);G01N15/02(2024.01);G01N15/1031(2024.01);G01N23/2251(2018.01);G01N23/2202(2018.01),1
300750.SZ,宁德时代,H01M50/507(2021.01);H01M50/569(2021.01);H01M50/50(2021.01),1
300750.SZ,宁德时代,H01M4/36(2006.01);H01M4/13(2010.01);H01M4/505(2010.01);H01M4/525(2010.01);H01M10/0525(2010.01),1
300750.SZ,宁德时代,H01M50/528(2021.01);H01M50/533(2021.01),1
300750.SZ,宁德时代,15-99(15),1
300750.SZ,宁德时代,H01M4/136(2010.01);H01M4/62(2006.01);H01M4/58(2010.01);H01M10/0525(2010.01);H01M10/058(2010.01);H01M10/42(2006.01);H01M10/44(2006.01),1
300750.SZ,宁德时代,H01M10/613(2014.01);H01M10/615(2014.01);H01M10/617(2014.01);H01M10/625(2014.01);H01M10/647(2014.01);H01M10/655(2014.01);H01M10/6556(2014.01);H01M10/651(2014.01),1
300750.SZ,宁德时代,H03K7/08(2006.01),1
300750.SZ,宁德时代,H01M4/62(2006.01);H01M4/36(2006.01);H01M4/505(2010.01);H01M4/525(2010.01);H01M4/485(2010.01);H01M4/131(2010.01);H01M10/0525(2010.01);C01G53/506(2025.01);C01G53/68(2025.01);C01G53/50(2025.01),1
300750.SZ,宁德时代,B05C9/14(2006.01);H01M50/593(2021.01);B32B37/12(2006.01);B32B38/16(2006.01);B05C13/02(2006.01);B05D3/04(2006.01);B05D3/14(2006.01),1
300750.SZ,宁德时代,B66F9/07(2006.01);B65G61/00(2006.01);B65G1/04(2006.01);B66F9/075(2006.01);B66F9/24(2006.01);H01M50/317(2021.01);H01M10/44(2006.01),1
300750.SZ,宁德时代,H01M50/298(2021.01);H01M50/249(2021.01);H01M50/244(2021.01);H01M50/204(2021.01);H01M50/50(2021.01),1
300750.SZ,宁德时代,H01M10/48(2006.01);G01R31/36(2020.01);G01R31/327(2006.01);G01D21/02(2006.01),1
300750.SZ,宁德时代,H01M50/289(2021.01),1
300750.SZ,宁德时代,H01M50/449(2021.01);H01M50/417(2021.01);H01M50/411(2021.01);H01M10/0525(2010.01);H01M10/054(2010.01),1
300750.SZ,宁德时代,H01M4/58(2006.01);C01C3/12(2006.01),1
300750.SZ,宁德时代,H01M4/13(2006.01);H01M10/42(2006.01),1
300750.SZ,宁德时代,H01M50/24(2021.01);H01M50/244(2021.01);H01M50/249(2021.01);H01M50/264(2021.01);H01M50/289(2021.01),1
300750.SZ,宁德时代,H01M10/6567(2014.01);H01M10/48(2006.01);H01M50/691(2021.01),1
300750.SZ,宁德时代,H01M4/133(2010.01);H01M4/36(2006.01);H01M4/587(2010.01);H01M4/62(2006.01);H01M10/0525(2010.01),1
300750.SZ,宁德时代,H01M50/296(2021.01);H01M50/284(2021.01);H01R13/62(2006.01),1
300750.SZ,宁德时代,H01M10/613(2014.01);H01M10/6556(2014.01);H01M10/6568(2014.01);F28D21/00(2006.01),1
300750.SZ,宁德时代,H01M10/04(2006.01);H01M50/103(2021.01),1
300750.SZ,宁德时代,H01M10/615(2014.01);H05B3/06(2006.01);H01M50/244(2021.01);H01M50/209(2021.01);H01M10/6572(2014.01),1
300750.SZ,宁德时代,B23P19/00(2006.01);G01R31/385(2019.01);G01R31/36(2020.01);G01R31/364(2019.01);G01R1/04(2006.01);B25B11/00(2006.01),1
300750.SZ,宁德时代,H01M50/204(2021.01);H01M10/617(2014.01);H01M50/50(2021.01);H01M10/6568(2014.01);H01M10/60(2014.01),1
300750.SZ,宁德时代,H01M10/0525(2010.01);H01M4/58(2010.01);H01M4/62(2006.01);H01M4/136(2010.01);C01B32/05(2017.01);C01B25/45(2006.01),1
300750.SZ,宁德时代,H01M4/505(2006.01);H01M4/525(2006.01);H01M4/36(2006.01);H01M10/0525(2006.01),1
300750.SZ,宁德时代,H01M50/209(2021.01);H01M50/264(2021.01);H01M50/593(2021.01),1
300750.SZ,宁德时代,13-02(15);13-03(15),1
300750.SZ,宁德时代,H01M10/04(2006.01); H01M2/20(2006.01); H01M2/26(2006.01),1
300750.SZ,宁德时代,H01M10/052(2010.01);H01M10/0525(2010.01);H01M10/054(2010.01);H01M10/058(2010.01);H01M4/13(2010.01);H01M10/52(2006.01);H01M10/04(2006.01);H01M4/02(2006.01),1
300750.SZ,宁德时代,G01M3/20(2006.01);H01M50/559(2021.01),1
300750.SZ,宁德时代,H01M10/6554(2014.01);H01M10/6556(2014.01);H01M10/6567(2014.01),1
300750.SZ,宁德时代,H01M50/20(2021.01);H01M50/209(2021.01);H01M50/59(2021.01),1
300750.SZ,宁德时代,H01M4/525(2010.01);H01M4/505(2010.01);H01M10/0525(2010.01);H01M4/62(2006.01),1
300750.SZ,宁德时代,G06F9/48(2006.01);G06F16/25(2019.01),1
300750.SZ,宁德时代,H01M4/36(2006.01);H01M4/58(2010.01);C01B25/45(2006.01);H01M4/04(2006.01);H01M4/136(2010.01);H01M10/0525(2010.01);H01M4/62(2006.01),1
300750.SZ,宁德时代,H01M50/172(2006.01),1
300750.SZ,宁德时代,H01M4/58(2006.01);H01M4/36(2006.01);H01M10/0525(2006.01);H01M10/058(2006.01),1
300750.SZ,宁德时代,G06T7/80(2006.01),1
300750.SZ,宁德时代,H01M10/058(2010.01);H01M10/0525(2010.01);H01M50/264(2021.01),1
300750.SZ,宁德时代,H01M10/613(2014.01);H01M10/617(2014.01);H01M10/6556(2014.01);H01M10/6569(2014.01),1
300750.SZ,宁德时代,H01M50/35(2021.01);H01M50/342(2021.01);H01M50/593(2021.01);H01M10/058(2010.01);H01M10/052(2010.01);H01M10/054(2010.01),1
300750.SZ,宁德时代,H01M10/0563(2010.01);H01M10/056(2010.01);H01M10/0525(2010.01),1
300750.SZ,宁德时代,H01M10/058(2010.01);H01M10/052(2010.01);H01M10/0525(2010.01);H01M10/054(2010.01),1
300750.SZ,宁德时代,B62D25/00(2006.01);B62D25/04(2006.01);B62D29/04(2006.01),1
300750.SZ,宁德时代,C01B32/20(2006.01);H01M10/00(2006.01);H01M10/0525(2006.01);H01M4/583(2006.01);H01M4/587(2006.01);H01M4/133(2006.01);H01M4/38(2006.01);H01M4/02(2006.01);C01B32/21(2006.01);C01B32/205(2006.01),1
300750.SZ,宁德时代,H01M10/058(2010.01),1
300750.SZ,宁德时代,H01M50/569(2021.01);H01M50/519(2021.01);H01M50/249(2021.01);H01M10/42(2006.01);H01M10/48(2006.01),1
300750.SZ,宁德时代,H01M10/42(2006.01);H01M10/617(2014.01);H01M10/63(2014.01),1
300750.SZ,宁德时代,H01M4/62(2006.01),1
300750.SZ,宁德时代,G01R1/04(2006.01);G01R31/36(2020.01);G01R31/396(2019.01);H01M50/264(2021.01),1
300750.SZ,宁德时代,H01M50/242(2021.01);H01M50/103(2021.01);H01M50/14(2021.01);H01M50/204(2021.01),1
300750.SZ,宁德时代,H01M4/36(2006.01);H01M4/58(2006.01);H01M4/62(2006.01);H01M10/0525(2006.01),1
300750.SZ,宁德时代,H01M50/519(2021.01);H01M50/284(2021.01),1
300750.SZ,宁德时代,H01M50/593(2021.01);H01M50/586(2021.01);H01M10/04(2006.01);H01M10/052(2010.01);H01M10/0525(2010.01);H01M10/054(2010.01);H01M10/058(2010.01),1
300750.SZ,宁德时代,H01M10/6568(2014.01);H01M10/613(2014.01);F16L19/02(2006.01),1
300750.SZ,宁德时代,H01M50/59(2021.01);H01M50/586(2021.01);H01M50/531(2021.01),1
300750.SZ,宁德时代,H01M50/333(2006.01);H01M10/613(2006.01),1
300750.SZ,宁德时代,H01M50/244(2021.01);H01M50/249(2021.01);H01M50/251(2021.01);H01M50/264(2021.01);H01M50/289(2021.01);H01M50/204(2021.01),1
300750.SZ,宁德时代,H01M50/247(2021.01);H01M50/249(2021.01);H01M50/502(2021.01);H01M50/531(2021.01),1
300750.SZ,宁德时代,H01M50/59(2021.01);H01M50/271(2021.01),1
300750.SZ,宁德时代,H01M10/6556(2014.01);H01M10/655(2014.01);H01M50/244(2021.01);H01M50/209(2021.01);H01M10/625(2014.01),1
300750.SZ,宁德时代,H01M10/613(2014.01);H01M10/6563(2014.01);H01M10/625(2014.01),1
300750.SZ,宁德时代,H01M50/103(2021.01);H01M10/48(2006.01);H01M50/209(2021.01),1
300750.SZ,宁德时代,H01M4/36(2006.01);H01M4/60(2006.01);H01M4/38(2006.01);H01M4/48(2010.01);H01M4/131(2010.01);H01M4/137(2010.01);H01M10/05(2010.01),1
300750.SZ,宁德时代,H01M4/36(2006.01);H01M10/0525(2006.01);H01M4/58(2006.01),1
300750.SZ,宁德时代,C08G75/20(2016.01);H01M10/0565(2010.01);H01M10/42(2006.01);H01M10/0525(2010.01),1
300750.SZ,宁德时代,H01M4/36(2006.01);H01M4/38(2006.01);H01M4/62(2006.01);H01M4/134(2010.01);H01M10/0525(2010.01),1
300750.SZ,宁德时代,H01M10/04(2006.01); H01M2/26(2006.01); H01M4/64(2006.01); H01M4/70(2006.01); H01M2/30(2006.01),1
300750.SZ,宁德时代,G01N21/88(2006.01);G03B19/02(2021.01);G01N21/84(2006.01);G03B30/00(2021.01),1
300750.SZ,宁德时代,H01M4/36(2006.01);H01M4/587(2010.01);H01M4/62(2006.01);H01M10/052(2010.01),1
300750.SZ,宁德时代,H01M50/15(2021.01);H01M50/183(2021.01);H01M50/636(2021.01);H01M50/244(2021.01),1
300750.SZ,宁德时代,H01M4/36(2006.01);H01M4/13(2006.01),1
300750.SZ,宁德时代,H01M10/42(2006.01);H02J7/70(2026.01);H01H50/14(2006.01);B60L58/10(2019.01);B60L50/60(2019.01),1
300750.SZ,宁德时代,H01M50/593(2006.01);H01M50/188(2006.01);H01M50/183(2006.01),1
300750.SZ,宁德时代,H01M10/04(2006.01);H01M10/052(2010.01);H01M10/0525(2010.01);H01M10/054(2010.01);H01M10/058(2010.01);H01M10/0587(2010.01);H01M50/528(2021.01);H01M50/531(2021.01);H01M50/586(2021.01);H01M50/59(2021.01),1
300750.SZ,宁德时代,H01M50/528(2021.01);H01M50/503(2021.01);H01M50/584(2021.01),1
300750.SZ,宁德时代,H01M10/0525(2010.01);H01M10/0567(2010.01);H01M10/058(2010.01);H01M4/131(2010.01),1
300750.SZ,宁德时代,H01M50/30(2021.01);H01M50/102(2021.01);H01M50/375(2021.01),1
300750.SZ,宁德时代,H01M10/0587(2010.01);H01M50/46(2021.01);H01M50/491(2021.01);H01M50/449(2021.01),1
300750.SZ,宁德时代,F27B9/24(2006.01);F27B9/30(2006.01),1
300750.SZ,宁德时代,F24H7/00(2022.01);F24H9/20(2022.01);F24H15/305(2022.01);F24H15/242(2022.01);F24H9/13(2022.01);F24H9/00(2022.01),1
300750.SZ,宁德时代,H01M10/0525(2010.01);H01M10/0567(2010.01);H01M10/058(2010.01);H01M4/13(2010.01),1
300750.SZ,宁德时代,B23K26/346(2014.01);B23K26/361(2014.01);B23K26/38(2014.01);B23K10/00(2006.01),1
300750.SZ,宁德时代,B05C11/00(2006.01);H01M4/04(2006.01);B05C9/12(2006.01);G01B21/02(2006.01);G01B21/08(2006.01);G01G19/62(2006.01),1
300750.SZ,宁德时代,B60L15/38(2006.01);B60L50/60(2019.01);B60L58/10(2019.01),1
300750.SZ,宁德时代,H01H50/04(2006.01);H01H50/02(2006.01);H01H50/54(2006.01);H01H50/14(2006.01);H05K1/02(2006.01);H01M10/42(2006.01),1
300750.SZ,宁德时代,H01M50/103(2021.01);H01M50/204(2021.01);H01M50/244(2021.01);H01M50/15(2021.01),1
300750.SZ,宁德时代,H01M10/42(2006.01);H01M10/0587(2010.01);H01M10/0583(2010.01);H01M10/0525(2010.01);H01M4/13(2010.01),1
300750.SZ,宁德时代,H01M50/242(2021.01);H01M50/249(2021.01);H01M50/244(2021.01);H01M50/204(2021.01),1
300750.SZ,宁德时代,H01M4/48(2006.01),1
300750.SZ,宁德时代,H01M4/36(2006.01);H01M4/505(2010.01);H01M4/525(2010.01);H01M4/62(2006.01);H01M10/0525(2010.01),1
300750.SZ,宁德时代,H01M50/627(2021.01);H01M50/609(2021.01),1
300750.SZ,宁德时代,G01R31/392(2019.01);G01R31/378(2019.01);G01R31/385(2019.01);G01R31/367(2019.01);G01R31/396(2019.01);G01R31/387(2019.01),1
300750.SZ,宁德时代,B23P23/06(2006.01),1
300750.SZ,宁德时代,H01M4/36(2006.01);H01M4/58(2010.01);H01M4/62(2006.01);H01M4/136(2010.01);H01M10/054(2010.01),1
300750.SZ,宁德时代,H01M50/528(2021.01);H01M50/103(2021.01);H01M50/533(2021.01);H01M50/30(2021.01),1
300750.SZ,宁德时代,H01M10/0569(2010.01);H01M10/0568(2010.01);H01M10/0525(2010.01);H01M10/058(2010.01),1
300750.SZ,宁德时代,H01M50/30(2021.01);H01M50/244(2021.01),1
300750.SZ,宁德时代,H01M2/04(2006.01),1
300750.SZ,宁德时代,H01M50/103(2021.01);H01M50/204(2021.01);H01M50/244(2021.01);H01M50/636(2021.01),1
300750.SZ,宁德时代,H01M50/244(2021.01);H01M50/209(2021.01);H01M50/251(2021.01);H01M50/271(2021.01);H01M50/298(2021.01);H01M50/502(2021.01);H01M50/516(2021.01),1
300750.SZ,宁德时代,B60L53/80(2019.01);B60K1/04(2019.01);B60S5/06(2019.01);B60L50/64(2019.01);H01M50/244(2021.01);H01M50/249(2021.01);B62D21/02(2006.01),1
300750.SZ,宁德时代,H01M10/613(2014.01);H01M10/625(2014.01);H01M10/6556(2014.01);H01M10/655(2014.01);H01M10/6568(2014.01),1
300750.SZ,宁德时代,H01M50/593(2021.01);H01M50/342(2021.01);H01M10/058(2010.01);H01M10/0525(2010.01),1
300750.SZ,宁德时代,H01M4/48(2010.01);H01M4/36(2006.01),1
300750.SZ,宁德时代,H01M50/244(2021.01);H01M50/242(2021.01),1
300750.SZ,宁德时代,H01M50/547(2021.01);H01M50/553(2021.01);H01M50/531(2021.01);H01M50/586(2021.01);H01M50/15(2021.01);H01M50/528(2021.01);H01M10/058(2010.01);H01M10/052(2010.01);H01M10/054(2010.01),1
300750.SZ,宁德时代,H01M10/04(2006.01);H01M50/15(2021.01);H01M50/627(2021.01);H01M50/664(2021.01),1
300750.SZ,宁德时代,H01M50/209(2006.01);H01M50/342(2006.01),1
300750.SZ,宁德时代,H01M50/59(2021.01);H01M50/586(2021.01),1
300750.SZ,宁德时代,H01M50/528(2021.01);H01M50/531(2021.01);H01M50/184(2021.01);H01M50/186(2021.01);H01M50/543(2021.01);H01M50/571(2021.01),1
300750.SZ,宁德时代,H01M50/249(2021.01);H01M50/244(2021.01);H01M50/236(2021.01);H01M50/204(2021.01);H01M50/242(2021.01),1
300750.SZ,宁德时代,H01M10/04(2006.01);H01M4/13(2010.01);H01M10/0525(2010.01);H01M10/0587(2010.01),1
300750.SZ,宁德时代,B66C5/02(2006.01);B66C1/44(2006.01);B66C1/12(2006.01);B66C13/08(2006.01),1
300750.SZ,宁德时代,H01M50/552(2021.01);H01M50/553(2021.01),1
300750.SZ,宁德时代,H01M4/583(2010.01);H01M4/62(2006.01);H01M4/133(2010.01);H01M10/0525(2010.01),1
300750.SZ,宁德时代,H01M50/296(2021.01);H01M50/298(2021.01);H01M50/50(2021.01);H01M50/249(2021.01);H01M50/204(2021.01),1
300750.SZ,宁德时代,B65H75/10(2006.01);H01M10/04(2006.01);G01B11/14(2006.01);B65H75/18(2006.01),1
300750.SZ,宁德时代,H01M50/244(2021.01);H01M50/204(2021.01);H01M50/289(2021.01);H01M50/24(2021.01);H01M50/30(2021.01);H01M50/298(2021.01),1
300750.SZ,宁德时代,H01M10/04(2006.01);H01M4/04(2006.01),1
300750.SZ,宁德时代,G01R31/367(2019.01);G01R31/392(2019.01),1
300750.SZ,宁德时代,H01M4/36(2006.01);H01M4/525(2010.01);H01M4/505(2010.01);H01M4/62(2006.01);H01M10/054(2010.01);H01M10/0525(2010.01),1
300750.SZ,宁德时代,H01M10/613(2014.01);H01M10/625(2014.01);H01M10/6554(2014.01);H01M10/6556(2014.01);H01M10/6567(2014.01);H01M10/6568(2014.01),1
300750.SZ,宁德时代,H01M4/525(2006.01);H01M4/505(2006.01);H01M4/62(2006.01);H01M10/0525(2006.01),1
300750.SZ,宁德时代,H01M50/15(2021.01);H01M50/593(2021.01);H01M50/586(2021.01);H01M50/103(2021.01);H01M50/204(2021.01),1
300750.SZ,宁德时代,H01M4/58(2006.01);H01M10/0525(2006.01),1
300750.SZ,宁德时代,H01M4/62(2006.01);H01M4/131(2010.01);H01M4/13(2010.01);H01M4/136(2010.01);H01M4/139(2010.01);H01M4/1391(2010.01);H01M4/1397(2010.01);H01M4/04(2006.01);H01M10/054(2010.01);H01M10/058(2010.01);H01M10/42(2006.01),1
300750.SZ,宁德时代,H01M4/505(2010.01);H01M10/0525(2010.01);C01G45/1221(2025.01),1
300750.SZ,宁德时代,H01M4/36(2006.01);H01M4/48(2010.01);H01M4/58(2010.01);H01M4/04(2006.01);H01M4/131(2010.01),1
300750.SZ,宁德时代,H01M50/103(2021.01);H01M50/547(2021.01);H01M50/553(2021.01),1
300750.SZ,宁德时代,H01M10/613(2014.01);H01M10/654(2014.01);H01M10/655(2014.01);H01M10/647(2014.01);H01M50/103(2021.01),1
300750.SZ,宁德时代,H01M4/36(2006.01);H01M4/58(2010.01);H01M4/525(2010.01);H01M4/505(2010.01);H01M10/0525(2010.01);H01M4/62(2006.01),1
300750.SZ,宁德时代,H01M50/107(2021.01);H01M50/244(2021.01);H01M50/204(2021.01),1
300750.SZ,宁德时代,H01M50/536(2021.01);B23K26/24(2014.01),1
300750.SZ,宁德时代,H01M10/052(2010.01);H01M10/0569(2010.01);H01M4/36(2006.01);H01M4/58(2010.01);H01M4/62(2006.01),1
300750.SZ,宁德时代,B03C1/14(2006.01),1
300750.SZ,宁德时代,B01D29/56(2006.01);H01M4/66(2006.01);H01M10/04(2006.01);H01M10/052(2010.01);H01M10/054(2010.01);H01M50/531(2021.01);B22D11/119(2006.01);B22D11/06(2006.01);B01D29/01(2006.01);B01D35/02(2006.01);B01D35/18(2006.01),1
300750.SZ,宁德时代,H01R13/73(2006.01);H01R13/516(2006.01);H01R13/52(2006.01);H01R13/66(2006.01);H01M10/48(2006.01),1
300750.SZ,宁德时代,H01M50/298(2021.01);H01M50/204(2021.01);H01M50/249(2021.01);H01M50/242(2021.01);H01M50/503(2021.01),1
300750.SZ,宁德时代,H01M50/244(2021.01);H01M50/209(2021.01);H01M50/233(2021.01),1
300750.SZ,宁德时代,H01M4/62(2006.01);H01M10/0565(2010.01);H01M10/0525(2010.01),1
300750.SZ,宁德时代,H01M50/59(2021.01);H01M50/179(2021.01);H01M50/559(2021.01);H01M10/0525(2010.01),1
300750.SZ,宁德时代,H01M50/249(2021.01);H01M50/244(2021.01);H01M50/271(2021.01);H01M10/42(2006.01),1
300750.SZ,宁德时代,H01M50/103(2021.01);H01M50/176(2021.01);H01M50/15(2021.01),1
300750.SZ,宁德时代,H01M50/505(2021.01);H01M50/517(2021.01);H01M50/552(2021.01);H01M50/209(2021.01);H01M50/249(2021.01),1
300750.SZ,宁德时代,H01M50/317(2021.01),1
300750.SZ,宁德时代,H01M50/489(2021.01);H01M50/497(2021.01);H01M10/04(2006.01),1
300750.SZ,宁德时代,H01M50/242(2021.01);H01M50/244(2021.01);H01M50/249(2021.01);H01M50/204(2021.01);H01M50/236(2021.01),1
300750.SZ,宁德时代,13-02 (10),1
300750.SZ,宁德时代,B65B35/38(2006.01);B65B35/30(2006.01);B65B57/14(2006.01),1
300750.SZ,宁德时代,H01M4/505(2006.01);H01M4/525(2006.01);H01M10/0525(2006.01),1
300750.SZ,宁德时代,B60K1/04(2019.01);B60L50/60(2019.01);B60L50/64(2019.01);B60L3/00(2019.01);H01M50/204(2021.01);H01M50/242(2021.01);H01M50/244(2021.01);H01M50/249(2021.01);A62C3/16(2006.01),1
300750.SZ,宁德时代,H01M10/658(2014.01);H01M50/242(2021.01);H01M50/244(2021.01);H01M50/249(2021.01);H01M50/209(2021.01);H01M10/625(2014.01),1
300750.SZ,宁德时代,H01M4/505(2006.01);H01M10/0525(2006.01),1
300750.SZ,宁德时代,H01M4/36(2006.01);H01M4/587(2010.01);H01M4/38(2006.01);H01M10/0525(2010.01),1
300750.SZ,宁德时代,F15B13/02(2006.01);F15B13/044(2006.01);F15B21/00(2006.01);H01M10/058(2010.01),1
300750.SZ,宁德时代,H01M50/242(2021.01);H01M50/244(2021.01);H01M50/249(2021.01);H01M50/209(2021.01),1
300750.SZ,宁德时代,B01F33/81(2022.01);B01F33/80(2022.01);B01F27/85(2022.01);B01F23/80(2022.01);B01F35/221(2022.01);B01F35/213(2022.01);B01F35/21(2022.01);B01F35/75(2022.01);B01F35/71(2022.01),1
300750.SZ,宁德时代,H01M50/10(2021.01);H01M50/14(2021.01);H01M50/59(2021.01),1
300750.SZ,宁德时代,B23D33/00(2006.01);B23Q3/00(2006.01);B23Q1/25(2006.01),1
300750.SZ,宁德时代,H01M50/569(2021.01);H01M50/507(2021.01);H01M10/658(2014.01);H01M50/593(2021.01),1
300750.SZ,宁德时代,H01M50/244(2021.01);H01M50/317(2021.01);H01M50/383(2021.01);H01M50/249(2021.01),1
300750.SZ,宁德时代,H01M50/107(2021.01);H01M50/204(2021.01);H01M50/244(2021.01);H01M50/179(2021.01),1
300750.SZ,宁德时代,G06Q10/0631(2023.01);G06Q10/109(2023.01);G06Q10/083(2024.01);G06Q10/08(2024.01),1
300750.SZ,宁德时代,H01M4/62(2006.01);H01M4/133(2010.01);H01M4/04(2006.01);H01M4/1393(2010.01);H01M10/0525(2010.01),1
300750.SZ,宁德时代,C25D3/38(2006.01),1
300750.SZ,宁德时代,H01M50/682(2021.01);H01M50/627(2021.01);H01M50/103(2021.01),1
300750.SZ,宁德时代,H01M50/531(2021.01);B60L53/53(2019.01);B60L53/31(2019.01);B60L50/64(2019.01);B60L50/60(2019.01);H02J15/00(2026.01);H02J7/00(2026.01);H01M50/528(2021.01);H01M50/583(2021.01),1
300750.SZ,宁德时代,B23P19/00(2006.01);B60K1/04(2019.01);B60L50/60(2019.01),1
300750.SZ,宁德时代,H01M4/36(2006.01);H01M4/505(2010.01);H01M4/525(2010.01);H01M4/04(2006.01);H01M4/131(2010.01);H01M10/0525(2010.01),1
300750.SZ,宁德时代,H01M4/36(2006.01);H01M4/505(2010.01);H01M4/525(2010.01);H01M4/131(2010.01);H01M10/0525(2010.01);C01G53/502(2025.01),1
300750.SZ,宁德时代,H01M50/46(2021.01);H01M50/531(2021.01);H01M50/514(2021.01),1
300750.SZ,宁德时代,B60L58/22(2019.01),1
300750.SZ,宁德时代,H01M50/244(2021.01);H01M50/249(2021.01);H01M50/204(2021.01);H01M50/242(2021.01),1
300750.SZ,宁德时代,H01M10/613(2014.01);H01M10/6554(2014.01);H01M10/6556(2014.01);H01M50/244(2021.01),1
300750.SZ,宁德时代,H01M4/13(2010.01);H01M4/02(2006.01);H01M10/04(2006.01);H01M10/052(2010.01);H01M10/0525(2010.01);H01M10/054(2010.01);H01M10/058(2010.01);H01M10/42(2006.01),1
300750.SZ,宁德时代,H01M50/531(2006.01);H01M10/04(2006.01),1
300750.SZ,宁德时代,H01M10/04(2006.01);H01M10/052(2010.01);H01M10/0525(2010.01);H01M10/054(2010.01);H01M10/0587(2010.01);H01M4/02(2006.01);H01M4/13(2010.01),1
300750.SZ,宁德时代,H01M4/133(2010.01);H01M4/13(2010.01);H01M4/36(2006.01);H01M50/46(2021.01);H01M10/0525(2010.01),1
300750.SZ,宁德时代,H01M10/613(2014.01);H01M10/6556(2014.01);H01M10/6568(2014.01),1
300750.SZ,宁德时代,H01M4/36(2006.01);H01M4/587(2006.01),1
300750.SZ,宁德时代,G01R31/388(2019.01),1
300750.SZ,宁德时代,H01M10/0567(2010.01);H01M10/0525(2010.01);H01M50/204(2021.01),1
300750.SZ,宁德时代,H01M50/143(2021.01);H01M50/105(2021.01);H01M50/59(2021.01);H01M50/531(2021.01),1
300750.SZ,宁德时代,H01M10/058(2010.01); H01M10/42(2006.01),1
300750.SZ,宁德时代,H01M50/24(2021.01);H01M50/244(2021.01);H01M50/249(2021.01);H01M50/204(2021.01);H01M50/317(2021.01),1
300750.SZ,宁德时代,H01M10/613(2014.01);H01M10/647(2014.01);H01M10/654(2014.01);H01M10/6554(2014.01);H01M10/659(2014.01);H01M10/0525(2010.01);H01M10/058(2010.01);H01M10/0587(2010.01),1
300750.SZ,宁德时代,B25B27/02(2006.01),1
300750.SZ,宁德时代,H01M10/48(2006.01);H01M50/204(2021.01);H01M50/249(2021.01);G01B11/16(2006.01),1
300750.SZ,宁德时代,H01M10/0525(2010.01);H01M4/133(2010.01),1
300750.SZ,宁德时代,H01M50/533(2021.01);H01M4/13(2010.01);H01M50/528(2021.01);H01M10/0525(2010.01);H01M10/0587(2010.01),1
300750.SZ,宁德时代,H01M50/35(2021.01);H01M10/613(2014.01);H01M10/6556(2014.01),1
300750.SZ,宁德时代,H01M50/507(2021.01);H01M50/503(2021.01);H01M50/514(2021.01);H01M50/249(2021.01);H01M50/204(2021.01),1
300750.SZ,宁德时代,H01M10/48(2006.01);H01M50/503(2021.01);H01M50/507(2021.01);H01M50/519(2021.01);H01M50/593(2021.01),1
300750.SZ,宁德时代,H01M50/383(2021.01);A62C3/16(2006.01);A62C3/07(2006.01);H01M10/42(2006.01),1
300750.SZ,宁德时代,H01M50/531(2021.01);H01M50/528(2021.01);H01M50/152(2021.01);H01M50/107(2021.01);H01M10/04(2006.01);H01M10/052(2010.01);H01M10/0525(2010.01);H01M10/054(2010.01);H01M10/0587(2010.01),1
300750.SZ,宁德时代,H01M10/615(2014.01);H01M10/647(2014.01);H01M10/6571(2014.01);H01M10/04(2006.01);H01M50/209(2021.01);H01M50/244(2021.01),1
300750.SZ,宁德时代,H01R12/57(2011.01);H01R12/70(2011.01);H01R13/02(2006.01);H01M50/519(2021.01);H01M50/569(2021.01);H01M50/502(2021.01);H01M50/204(2021.01);H01M50/249(2021.01),1
300750.SZ,宁德时代,H01M50/375(2021.01);H01M50/103(2021.01);H01M50/176(2021.01),1
300750.SZ,宁德时代,F16L43/02(2006.01);F16L21/08(2006.01);H01M10/613(2014.01);H01M10/6556(2014.01),1
300750.SZ,宁德时代,B60L53/62(2019.01);B60L53/14(2019.01);B60L53/31(2019.01),1
300750.SZ,宁德时代,G01N1/26(2006.01);G01N1/34(2006.01);H01M10/42(2006.01);H01M10/48(2006.01);H01M50/204(2021.01),1
300750.SZ,宁德时代,H01M4/36(2006.01);H01M4/58(2010.01);H01M10/0525(2010.01);H01M4/485(2010.01);H01M4/505(2010.01);H01M4/525(2010.01);H01M4/136(2010.01);H01M4/131(2010.01);H01M4/1315(2010.01),1
300750.SZ,宁德时代,H01M2/30(2006.01); H01M2/34(2006.01); H01M10/48(2006.01),1
300750.SZ,宁德时代,H01M10/48(2006.01);H01M50/129(2021.01);B32B15/20(2006.01);B32B15/088(2006.01);B32B27/32(2006.01);B32B27/06(2006.01);B32B33/00(2006.01);B32B7/12(2006.01),1
300750.SZ,宁德时代,H01M4/525(2010.01);H01M4/505(2010.01);H01M4/485(2010.01);H01M50/491(2021.01);H01M50/449(2021.01);H01M10/058(2010.01);H01M10/0525(2010.01),1
300750.SZ,宁德时代,G01M3/26(2006.01);G01D21/02(2006.01),1
300750.SZ,宁德时代,H01M50/155(2021.01);H01M50/164(2021.01);H01M50/147(2021.01);H01M50/15(2021.01);H01M50/14(2021.01),1
300750.SZ,宁德时代,H01M4/13(2010.01);B21D13/04(2006.01);H01M4/139(2010.01);H01M4/02(2006.01);H01M4/04(2006.01);H01M10/04(2006.01);H01M10/052(2010.01);H01M10/0525(2010.01);H01M10/054(2010.01);H01M10/0587(2010.01),1
300750.SZ,宁德时代,H01M50/609(2021.01);H01M10/0525(2010.01);H01M10/058(2010.01),1
300750.SZ,宁德时代,H02S40/34(2014.01);H02S50/10(2014.01),1
300750.SZ,宁德时代,H01M50/59(2021.01);H01M50/172(2021.01);H01M50/171(2021.01),1
300750.SZ,宁德时代,H01M50/367(2021.01);H01M50/244(2021.01);H01M50/249(2021.01),1
300750.SZ,宁德时代,H01M50/528(2021.01);H01M50/531(2021.01);H01M10/04(2006.01);H01M10/052(2010.01);H01M10/0525(2010.01);H01M10/054(2010.01);H01M10/058(2010.01),1
300750.SZ,宁德时代,H01M2/32(2006.01); H01M2/12(2006.01); H01M2/34(2006.01),1
300750.SZ,宁德时代,G01N17/00(2006.01),1
300750.SZ,宁德时代,G01B21/32(2006.01);G01B21/08(2006.01);G01R31/396(2019.01);G01R31/367(2019.01);G01L1/20(2006.01),1
300750.SZ,宁德时代,H01M4/36(2006.01);H01M4/587(2010.01);H01M10/052(2010.01);H01M4/62(2006.01),1
300750.SZ,宁德时代,B60L50/60(2019.01);B60L3/00(2019.01),1
300750.SZ,宁德时代,H01M50/553(2021.01);H01M50/528(2021.01),1
300750.SZ,宁德时代,B65G47/88(2006.01);B65G47/06(2006.01);B65G43/08(2006.01);B65G47/82(2006.01),1
300750.SZ,宁德时代,H01M50/103(2021.01);H01M10/613(2014.01);H01M10/6556(2014.01);H01M10/6554(2014.01);H01M10/6568(2014.01),1
300750.SZ,宁德时代,H05H1/26(2006.01);B08B7/00(2006.01);B08B5/02(2006.01),1
300750.SZ,宁德时代,H01M50/124(2021.01);H01M50/593(2021.01);H01M50/586(2021.01);H01M50/682(2021.01);H01M50/121(2021.01),1
300750.SZ,宁德时代,H01M4/36(2006.01);H01M4/62(2006.01);H01M4/38(2006.01);H01M4/134(2010.01);H01M10/04(2006.01),1
300750.SZ,宁德时代,H01M10/0525(2006.01);H01M4/13(2006.01),1
300750.SZ,宁德时代,H01M50/51(2021.01);H01M50/244(2021.01);H01M50/204(2021.01);H01M50/202(2021.01),1
300750.SZ,宁德时代,F03G3/00(2006.01);B66D1/12(2006.01);B66D1/28(2006.01);H02K7/02(2006.01);H02K7/10(2006.01);H02J15/00(2026.01);H02J15/30(2026.01),1
300750.SZ,宁德时代,H01M4/36(2006.01);H01M4/62(2006.01);H01M4/505(2010.01);H01M4/525(2010.01);H01M4/131(2010.01);H01M10/054(2010.01);C01B25/455(2006.01);C01G53/70(2025.01);C01G53/44(2025.01);C01G53/50(2025.01),1
300750.SZ,宁德时代,G01N9/00(2006.01);B05C11/10(2006.01);H01M4/04(2006.01),1
300750.SZ,宁德时代,H01M50/204(2021.01);H01M50/249(2021.01);H01M10/613(2014.01);H01M10/6568(2014.01),1
300750.SZ,宁德时代,H01M50/342(2021.01);H01M50/184(2021.01);H01M50/186(2021.01);H01M50/193(2021.01),1
300750.SZ,宁德时代,H01M50/375(2021.01);H01M50/204(2021.01);H01M50/298(2021.01);H01M50/231(2021.01),1
300750.SZ,宁德时代,H01M50/503(2021.01);H01M50/244(2021.01),1
300750.SZ,宁德时代,H01M50/188(2021.01);H01M50/184(2021.01);H01M50/176(2021.01);H01M50/528(2021.01);H01M50/516(2021.01);H01M50/503(2021.01),1
300750.SZ,宁德时代,H01M50/244(2021.01);H01M50/249(2021.01);H01M50/24(2021.01);H01M50/242(2021.01),1
300750.SZ,宁德时代,H01M50/502(2021.01);H02J7/70(2026.01);H02J7/00(2026.01);H01M10/42(2006.01);H01M10/46(2006.01),1
300750.SZ,宁德时代,G01R1/04(2006.01);G01L5/00(2006.01),1
300750.SZ,宁德时代,H01M4/13(2010.01);H01M10/052(2010.01);H01M10/0525(2010.01);H01M10/054(2010.01),1
300750.SZ,宁德时代,H01M50/103(2021.01);H01M10/04(2006.01),1
300750.SZ,宁德时代,H01M4/66(2006.01);H01M4/13(2010.01);H01M10/0525(2010.01);H01M4/139(2010.01),1
300750.SZ,宁德时代,H01M4/13(2010.01);H01M50/531(2021.01);H01M10/0525(2010.01);H01M10/052(2010.01),1
300750.SZ,宁德时代,H02H3/05(2006.01);H02H3/087(2006.01);H02H9/04(2006.01);H02H7/18(2006.01);H02J7/62(2026.01);H02J7/64(2026.01);H02J7/50(2026.01);H02J15/00(2026.01),1
300750.SZ,宁德时代,G06F40/186(2020.01);G06F40/166(2020.01),1
300750.SZ,宁德时代,H01M50/244(2021.01);H01M50/298(2021.01);H01M50/249(2021.01);H01M50/271(2021.01),1
300750.SZ,宁德时代,H01M4/36(2006.01);H01M50/449(2006.01),1
300750.SZ,宁德时代,H01M50/103(2021.01);H01M50/141(2021.01);H01M50/186(2021.01);H01M50/627(2021.01);H01M50/636(2021.01),1
300750.SZ,宁德时代,H01M50/244(2021.01);F16F15/08(2006.01);H01M50/209(2021.01);H01M10/42(2006.01);H01M50/242(2021.01),1
300750.SZ,宁德时代,H01M10/6554(2014.01);H01M10/6556(2014.01);H01M10/625(2014.01);H01M10/613(2014.01);H01M10/615(2014.01);H01M50/204(2021.01);H01M50/249(2021.01),1
300750.SZ,宁德时代,H01M2/26(2006.01); H01M2/04(2006.01); H01M2/30(2006.01),1
300750.SZ,宁德时代,H01M50/505(2021.01);H01M50/507(2021.01);H01M50/244(2021.01);H01M50/236(2021.01);H01M50/271(2021.01),1
300750.SZ,宁德时代,H01M4/60(2006.01),1
300750.SZ,宁德时代,H01M10/04(2006.01);B30B9/00(2006.01);H01M50/204(2021.01),1
300750.SZ,宁德时代,H02J7/00(2006.01); H02J7/18(2006.01); H01M10/0525(2010.01); H01M10/42(2006.01),1
300750.SZ,宁德时代,G01R31/28(2006.01);G01R31/396(2006.01),1
300750.SZ,宁德时代,H01M50/342(2021.01);H01M50/15(2021.01);H01M50/103(2021.01);H01M10/04(2006.01);H01M10/052(2010.01);H01M10/0525(2010.01);H01M10/054(2010.01),1
300750.SZ,宁德时代,B65G47/90(2006.01),1
300750.SZ,宁德时代,H01M50/583(2021.01);H01M50/204(2021.01),1
300750.SZ,宁德时代,H01M4/36(2006.01);H01M4/587(2010.01);H01M4/62(2006.01);H01M4/13(2010.01);H01M4/133(2010.01);H01M4/139(2010.01);H01M4/1393(2010.01);H01M4/04(2006.01);H01M10/052(2010.01);H01M10/0525(2010.01);H01M10/054(2010.01),1
300750.SZ,宁德时代,H01M50/289(2021.01);H01M50/209(2021.01);H01M10/48(2006.01);H01M10/42(2006.01);H01M50/242(2021.01),1
300750.SZ,宁德时代,H01M4/485(2006.01);H01M4/525(2006.01),1
300750.SZ,宁德时代,H01M4/139(2010.01);H01M4/04(2006.01),1
300750.SZ,宁德时代,H01M4/58(2010.01);H01M4/62(2006.01);H01M4/136(2010.01);H01M10/054(2010.01),1
300750.SZ,宁德时代,H01M10/0566(2010.01);H01M10/0569(2010.01);H01M10/0525(2010.01),1
300750.SZ,宁德时代,H01M50/474(2021.01);H01M50/477(2021.01);H01M50/14(2021.01);H01M50/103(2021.01);H01M10/058(2010.01);H01M10/0525(2010.01);H01M10/052(2010.01);H01M10/054(2010.01),1
300750.SZ,宁德时代,H01M10/058(2010.01);H01M10/052(2010.01);H01M10/0525(2010.01);H01M10/054(2010.01);H01M50/103(2021.01),1
300750.SZ,宁德时代,H01M10/44(2006.01);H02J7/80(2026.01);H02J7/90(2026.01);H02J7/96(2026.01),1
300750.SZ,宁德时代,H01M4/38(2006.01);H01M10/0525(2010.01);C01B33/02(2006.01);H01M4/62(2006.01);H01M4/36(2006.01);C01B33/021(2006.01);B82Y40/00(2011.01);B82Y30/00(2011.01),1
300750.SZ,宁德时代,B05D3/04(2006.01),1
300750.SZ,宁德时代,H01M10/44(2006.01);H02J7/82(2026.01);H02J7/90(2026.01),1
300750.SZ,宁德时代,H01M50/291(2021.01);H01M50/293(2021.01);H01M50/30(2021.01);H01M10/613(2014.01);H01M10/6556(2014.01);H01M10/6567(2014.01);H01M10/655(2014.01);B01D46/00(2022.01);B01D46/64(2022.01),1
300750.SZ,宁德时代,G01R1/04(2006.01);G01R31/00(2006.01),1
300750.SZ,宁德时代,H01M4/58(2010.01);H01M10/052(2010.01);H01M10/058(2010.01),1
300750.SZ,宁德时代,H01M50/636(2021.01);H01M50/59(2021.01),1
300750.SZ,宁德时代,H01M4/36(2006.01);H01M4/58(2010.01);H01M4/525(2010.01);H01M4/505(2010.01);H01M4/485(2010.01);H01M4/1315(2010.01);H01M4/136(2010.01);H01M10/0525(2010.01),1
300750.SZ,宁德时代,H02J3/28(2006.01);H01M10/42(2006.01);H02J3/32(2006.01),1
300750.SZ,宁德时代,H01M50/244(2021.01);H01M50/204(2021.01);H01M50/289(2021.01);H01M50/249(2021.01),1
300750.SZ,宁德时代,G01R31/374(2019.01);H01M10/42(2006.01);H01M10/48(2006.01);G01R31/3835(2019.01),1
300750.SZ,宁德时代,H01M2/10(2006.01); H01M10/613(2014.01); H01M10/653(2014.01); H01M10/6554(2014.01),1
300750.SZ,宁德时代,B60L3/00(2019.01),1
300750.SZ,宁德时代,H01M10/0525(2006.01);H01M50/414(2006.01);H01M4/62(2006.01),1
300750.SZ,宁德时代,H01M50/209(2021.01);H01M50/244(2021.01);H01M50/291(2021.01),1
300750.SZ,宁德时代,G01R1/02(2006.01);G01R31/385(2019.01),1
300750.SZ,宁德时代,E04F15/12(2006.01);E04F15/14(2006.01);E04C5/01(2006.01),1
300750.SZ,宁德时代,H01M50/593(2021.01);H01M50/176(2021.01),1
300750.SZ,宁德时代,H01M4/505(2006.01);H01M4/58(2006.01);H01M4/36(2006.01);H01M10/0525(2006.01);H01M4/525(2006.01),1
300750.SZ,宁德时代,H10K85/20(2006.01);C07C35/44(2006.01),1
300750.SZ,宁德时代,H01M4/13(2010.01);H01M10/0563(2010.01);H01M10/0525(2010.01);H01M10/42(2006.01),1
300750.SZ,宁德时代,H01M4/62(2006.01);H01M4/36(2006.01);H01M4/58(2010.01);H01M10/052(2010.01);C01G53/504(2025.01);C01B19/00(2006.01);C01B25/08(2006.01);C01B19/02(2006.01);C01B19/04(2006.01),1
300750.SZ,宁德时代,H01M50/244(2021.01);H01M50/249(2021.01);H01M50/204(2021.01);H01M50/30(2021.01);H01M50/59(2021.01),1
300750.SZ,宁德时代,H01M4/13(2010.01);H01M4/04(2006.01);H01M4/66(2006.01);H01M4/505(2010.01);H01M4/58(2010.01);H01M10/0568(2010.01);H01M10/0525(2010.01);H01M4/02(2006.01),1
300750.SZ,宁德时代,H01M10/04(2006.01);H01M10/058(2010.01);H01M10/615(2014.01);F26B25/18(2006.01);F26B23/06(2006.01),1
300750.SZ,宁德时代,G06T7/11(2017.01);B23K26/21(2014.01),1
300750.SZ,宁德时代,H01M50/15(2021.01);H01M50/593(2021.01);H01M10/0585(2010.01);H01M10/0525(2010.01);H01M4/13(2010.01),1
300750.SZ,宁德时代,G09B9/00(2006.01);G09B23/18(2006.01),1
300750.SZ,宁德时代,H01M50/636(2006.01);H01M50/516(2006.01);H01M50/531(2006.01);H01M50/559(2006.01),1
300750.SZ,宁德时代,H01M50/244(2021.01);H01M50/249(2021.01);H01M10/625(2014.01);H01M10/655(2014.01);H01M10/6556(2014.01);H01M50/289(2021.01);H01M10/6568(2014.01),1
300750.SZ,宁德时代,H01M50/507(2021.01);H01M50/516(2021.01);H01M50/242(2021.01);H01M50/249(2021.01);H01M50/244(2021.01);H01M50/204(2021.01),1
300750.SZ,宁德时代,H01M4/48(2006.01);H01M4/52(2006.01);H01M10/0525(2006.01),1
300750.SZ,宁德时代,H01M50/14(2021.01);H01M50/103(2021.01);H01M50/59(2021.01);H01M10/0585(2010.01);H01M10/0587(2010.01);H01M10/0525(2010.01),1
300750.SZ,宁德时代,H01M10/613(2014.01);H01M10/615(2014.01);H01M10/625(2014.01);H01M10/6556(2014.01);H01M10/655(2014.01);H01M10/6568(2014.01),1
300750.SZ,宁德时代,H01M10/613(2014.01);H01M10/6568(2014.01),1
300750.SZ,宁德时代,B05C11/04(2006.01);B05C11/10(2006.01);H01M10/04(2006.01);H01M6/00(2006.01);G01N5/00(2006.01),1
300750.SZ,宁德时代,H01M10/0587(2010.01);H01M10/0585(2010.01);H01M10/0525(2010.01);H01M50/538(2021.01);H01M50/54(2021.01);H01M50/528(2021.01),1
300750.SZ,宁德时代,H01M50/528(2021.01);H01M50/503(2021.01),1
300750.SZ,宁德时代,G06F16/9535(2019.01);G06F16/9537(2019.01);G06Q30/0283(2023.01);G06Q50/06(2012.01),1
300750.SZ,宁德时代,H01M50/242(2021.01);H01M50/244(2021.01);H01M50/249(2021.01);H01M50/204(2021.01);H01M50/30(2021.01);H01M50/35(2021.01),1
300750.SZ,宁德时代,H01M4/38(2006.01);H01M4/62(2006.01);C01B33/02(2006.01),1
300750.SZ,宁德时代,H01M50/30(2021.01);H01M50/383(2021.01),1
300750.SZ,宁德时代,H01M10/613(2014.01); H01M10/6556(2014.01); H01M10/6561(2014.01),1
300750.SZ,宁德时代,H01M10/44(2006.01);H01M10/058(2010.01);H01M10/0525(2010.01),1
300750.SZ,宁德时代,H01M10/04(2006.01);H01M10/052(2010.01);H01M10/054(2010.01);H01M10/0587(2010.01);H01M50/107(2021.01);H01M50/528(2021.01);H01M50/531(2021.01),1
300750.SZ,宁德时代,H01M50/258(2021.01);H01M50/291(2021.01);H01M50/287(2021.01);H01M50/296(2021.01);H01M50/298(2021.01);H01M50/503(2021.01);H01M50/569(2021.01),1
300750.SZ,宁德时代,G01R31/54(2020.01);G01R31/396(2019.01);G01R31/385(2019.01);G01R31/389(2019.01),1
300750.SZ,宁德时代,H01M4/36(2006.01);H01M4/505(2006.01),1
300750.SZ,宁德时代,H01M50/30(2021.01);H01M50/59(2021.01);H01M50/586(2021.01);H02J7/70(2026.01),1
300750.SZ,宁德时代,H05K7/18(2006.01);H02J7/70(2026.01);H02J15/00(2026.01);H01M50/244(2021.01);H01M50/251(2021.01);H01M50/204(2021.01);H01M50/242(2021.01);H01M50/24(2021.01);H01M50/262(2021.01),1
300750.SZ,宁德时代,H01M50/528(2021.01);H01M50/531(2021.01);H01M10/04(2006.01);H01M10/052(2010.01);H01M10/0525(2010.01);H01M10/054(2010.01),1
300750.SZ,宁德时代,H01M4/58(2010.01);H01M4/62(2006.01);H01M10/054(2010.01);C01B25/45(2006.01);B82Y40/00(2011.01);B82Y30/00(2011.01);C01B32/05(2017.01);C01B32/168(2017.01);C01B32/194(2017.01),1
300750.SZ,宁德时代,H05K7/20(2006.01),1
300750.SZ,宁德时代,H01M4/13(2010.01);H01M4/04(2006.01);H01M4/139(2010.01);H01M4/66(2006.01);H01M10/0525(2010.01),1
300750.SZ,宁德时代,H10F19/80(2025.01);H10F19/90(2025.01),1
300750.SZ,宁德时代,H01M10/0585(2010.01);H01M10/052(2010.01);H01M10/0525(2010.01);H01M50/40(2021.01),1
300750.SZ,宁德时代,H01M50/296(2021.01);H01M50/209(2021.01);H01M50/40(2021.01),1
300750.SZ,宁德时代,H01M4/64(2006.01);H01M4/66(2006.01);H01M4/13(2010.01),1
300750.SZ,宁德时代,H01M2/08(2006.01); H01M10/04(2006.01),1
300750.SZ,宁德时代,H01M4/04(2006.01);H01M10/04(2006.01);B05C5/02(2006.01);B05C11/10(2006.01),1
300750.SZ,宁德时代,H01M4/36(2006.01);H01M4/58(2006.01),1
300750.SZ,宁德时代,H01M50/244(2021.01);H01M50/242(2021.01);H01M50/204(2021.01);H01M10/625(2014.01);H01M10/6556(2014.01),1
300750.SZ,宁德时代,H01M10/655(2014.01);H01M10/6568(2014.01);H01M10/6552(2014.01);H01M10/658(2014.01),1
300750.SZ,宁德时代,H01M10/42(2006.01);H01M10/058(2010.01);H01M10/054(2010.01);H01M10/0525(2010.01);H01M10/052(2010.01),1
300750.SZ,宁德时代,H01M10/0567(2006.01);H01M10/0569(2006.01),1
300750.SZ,宁德时代,H01M4/133(2010.01);H01M10/0525(2010.01);H01M4/587(2010.01),1
300750.SZ,宁德时代,B60K1/04(2019.01);B60L53/80(2019.01);B62D21/02(2006.01),1
300750.SZ,宁德时代,G01N23/04(2018.01);G01N23/18(2018.01);G06T7/00(2017.01),1
300750.SZ,宁德时代,H01M50/244(2021.01);H01M50/204(2021.01);H01M50/251(2021.01);H01M50/262(2021.01),1
300750.SZ,宁德时代,B60L50/60(2019.01);B60L58/19(2019.01);B60L50/64(2019.01);B60L58/16(2019.01);B60L53/80(2019.01),1
300750.SZ,宁德时代,H01M50/244(2021.01);H01M50/271(2021.01);H01M50/24(2021.01),1
300750.SZ,宁德时代,H01M10/0525(2010.01);H01M10/0569(2010.01);H01M10/0567(2010.01);H01M10/0566(2010.01),1
300750.SZ,宁德时代,H01M50/30(2006.01);H01M50/531(2006.01);H01M50/20(2006.01);H01M10/613(2006.01);H01M10/6551(2006.01),1
300750.SZ,宁德时代,B60L3/00(2019.01);H01M10/48(2006.01);B60L58/10(2019.01),1
300750.SZ,宁德时代,H01M50/264(2021.01);H01M50/249(2021.01);H01M50/204(2021.01);H01M50/244(2021.01),1
300750.SZ,宁德时代,B60K1/04(2019.01);B60L50/60(2019.01),1
300750.SZ,宁德时代,H01M4/136(2010.01);H01M4/1397(2010.01);H01M4/04(2006.01);H01M4/36(2006.01);H01M4/58(2010.01);H01M4/62(2006.01);H01M10/0525(2010.01);H01M10/42(2006.01),1
300750.SZ,宁德时代,H01M4/13(2010.01);H01M4/139(2010.01);H01M10/0525(2010.01);H01M10/052(2010.01);H01M10/054(2010.01);H01M50/258(2021.01);H01M4/133(2010.01);H01M4/1393(2010.01),1
300750.SZ,宁德时代,B60K1/04(2019.01);H01M50/209(2021.01);B60L53/80(2019.01),1
300750.SZ,宁德时代,H01M50/691(2021.01);H01M50/244(2021.01);H01M50/24(2021.01);H01M50/204(2021.01);H01M10/52(2006.01);H01M50/251(2021.01),1
300750.SZ,宁德时代,H01M4/13(2010.01);H01M4/58(2010.01);H01M10/0525(2010.01),1
300750.SZ,宁德时代,H01M10/04(2006.01);H01M50/682(2021.01);H01M50/367(2021.01),1
300750.SZ,宁德时代,H01M4/36(2006.01);H01M4/62(2006.01),1
300750.SZ,宁德时代,H01M50/103(2021.01);H01M50/176(2021.01);H01M50/14(2021.01);H01M50/289(2021.01);H01M50/244(2021.01);H01M50/271(2021.01),1
300750.SZ,宁德时代,G01R31/392(2019.01);G01D21/02(2006.01),1
300750.SZ,宁德时代,H01M50/296(2021.01);H01M50/244(2021.01);H01M50/204(2021.01);H01M50/236(2021.01);H01M50/249(2021.01),1
300750.SZ,宁德时代,H01M50/244(2021.01);H01M50/209(2021.01);H01M50/249(2021.01),1
300750.SZ,宁德时代,H01M10/42(2006.01);H01M10/48(2006.01);H01M50/249(2021.01);H01M50/284(2021.01),1
300750.SZ,宁德时代,B05C9/14(2006.01);B05C5/02(2006.01);B05D3/02(2006.01),1
300750.SZ,宁德时代,H01M4/36(2006.01);H01M4/525(2010.01);H01M4/505(2010.01);H01M4/485(2010.01);H01M4/62(2006.01);H01M4/131(2010.01);H01M10/054(2010.01);C01G53/44(2025.01);C01G53/51(2025.01),1
300750.SZ,宁德时代,H01M4/587(2010.01);H01M4/04(2006.01);H01M10/052(2010.01);H01M10/058(2010.01);C01B32/205(2017.01),1
300750.SZ,宁德时代,H01M10/613(2014.01);H01M10/6568(2014.01);H01M10/6554(2014.01);H01M50/298(2021.01),1
300750.SZ,宁德时代,H01M50/103(2021.01);H01M10/058(2010.01);H01M10/052(2010.01);H01M10/0525(2010.01),1
300750.SZ,宁德时代,H01M50/244(2021.01);H01M50/209(2021.01);H01M50/242(2021.01);H01M50/24(2021.01);H01M50/691(2021.01),1
300750.SZ,宁德时代,H01M50/567(2021.01);H01M50/593(2021.01);H01M50/553(2021.01),1
300750.SZ,宁德时代,H01M50/538(2021.01);H01M50/54(2021.01);H01M50/533(2021.01);H01M50/528(2021.01);H01M10/0587(2010.01);H01M10/0585(2010.01);H01M10/052(2010.01);H01M10/054(2010.01),1
300750.SZ,宁德时代,H01M10/056(2006.01),1
300750.SZ,宁德时代,H01M4/36(2006.01);H01M4/134(2006.01);H01M10/0525(2006.01),1
300750.SZ,宁德时代,H01M10/615(2014.01);H01M10/625(2014.01);H01M10/657(2014.01),1
300750.SZ,宁德时代,H01M50/103(2021.01),1
300750.SZ,宁德时代,G01M3/26(2006.01);G01R31/389(2019.01),1
300750.SZ,宁德时代,H01M10/44(2006.01),1
300750.SZ,宁德时代,H01M4/36(2006.01);H01M4/505(2010.01);H01M4/525(2010.01);H01M4/485(2010.01);H01M4/62(2006.01);H01M4/131(2010.01);H01M10/052(2010.01);H01M10/0525(2010.01);C01G53/44(2025.01),1
300750.SZ,宁德时代,H01M4/66(2006.01);H01M4/72(2006.01);H01M4/13(2010.01);H01M10/0525(2010.01);H01M10/42(2006.01),1
300750.SZ,宁德时代,G01N13/00(2006.01),1
300750.SZ,宁德时代,B23K37/047(2006.01),1
300750.SZ,宁德时代,H01M50/296(2021.01);H01M50/298(2021.01);H01M50/284(2021.01);H01M50/271(2021.01);H01M50/244(2021.01);H01M50/211(2021.01);H01M50/502(2021.01);H01M50/519(2021.01);H01M50/528(2021.01);H01M50/531(2021.01);H01M50/553(2021.01);H01M50/15(2021.01);H01M50/103(2021.01);H01M10/04(2006.01);H01M10/052(2010.01);H01M10/0525(2010.01);H01M10/054(2010.01);H01M10/058(2010.01),1
300750.SZ,宁德时代,G01R35/00(2006.01);G01R19/00(2006.01),1
300750.SZ,宁德时代,H01M10/613(2014.01);H01M10/617(2014.01);H01M10/6556(2014.01);H01M10/6557(2014.01);H01M10/6567(2014.01);H01M50/204(2021.01);H01M50/244(2021.01);H01M50/289(2021.01);H01M50/242(2021.01),1
300750.SZ,宁德时代,H01M4/62(2006.01);H01M4/1395(2006.01),1
300750.SZ,宁德时代,H01M50/169(2006.01);H01M50/166(2006.01);H01M50/176(2006.01),1
300750.SZ,宁德时代,H01M50/244(2021.01);H01M50/209(2021.01);H01M50/103(2021.01);H01M50/133(2021.01);H01M50/14(2021.01),1
300750.SZ,宁德时代,H01M10/613(2014.01);H01M10/655(2014.01);H01M10/654(2014.01);H01M50/15(2021.01);H01M50/16(2021.01),1
300750.SZ,宁德时代,H01M4/13(2010.01);H01M4/139(2010.01);H01M10/0525(2010.01);H01M4/36(2006.01);H01M4/60(2006.01);H01M4/04(2006.01),1
300750.SZ,宁德时代,H01M50/289(2021.01);H01M50/507(2021.01);H01R13/629(2006.01);H01M50/204(2021.01),1
300750.SZ,宁德时代,H01M10/613(2014.01);H01M10/6569(2014.01);H01M10/627(2014.01);H01M10/6567(2014.01),1
300750.SZ,宁德时代,H01M50/463(2021.01);H01M10/0587(2010.01);H01M10/0525(2010.01);H01M10/054(2010.01);H01M10/052(2010.01),1
300750.SZ,宁德时代,G01R31/327(2006.01),1
300750.SZ,宁德时代,H01M4/36(2006.01);H01M4/38(2006.01);H01M4/62(2006.01),1
300750.SZ,宁德时代,H02J7/96(2026.01),1
300750.SZ,宁德时代,H01M50/244(2021.01);H01M50/24(2021.01);H01M50/59(2021.01),1
300750.SZ,宁德时代,H01M50/242(2021.01);H01M50/289(2021.01);H01M50/244(2021.01);H01M50/204(2021.01);H01M10/48(2006.01),1
300750.SZ,宁德时代,H01M50/50(2021.01);H01M50/503(2021.01);B60L50/64(2019.01),1
300750.SZ,宁德时代,H01M50/242(2021.01);H01M50/289(2021.01);H01M50/262(2021.01);H01M50/244(2021.01);H01M50/249(2021.01),1
300750.SZ,宁德时代,H01M10/613(2014.01);H01M10/654(2014.01);H01M10/6554(2014.01);H01M10/615(2014.01),1
300750.SZ,宁德时代,H01M4/136(2006.01);H01M10/0525(2006.01);H01M4/36(2006.01);H01M4/1397(2006.01),1
300750.SZ,宁德时代,H01M50/333(2021.01),1
300750.SZ,宁德时代,H01M10/04(2006.01);H01M10/052(2010.01);H01M10/0525(2010.01);H01M10/054(2010.01);H01M10/058(2010.01);H01M50/20(2021.01),1
300750.SZ,宁德时代,H01M2/02(2006.01); H01M2/26(2006.01),1
300750.SZ,宁德时代,H01M4/66(2006.01);H01M10/0525(2010.01),1
300750.SZ,宁德时代,H01M4/36(2006.01);H01M4/62(2006.01);H01M4/485(2010.01);H01M4/13(2010.01);H01M4/131(2010.01),1
300750.SZ,宁德时代,H01M4/36(2006.01);H01M4/62(2006.01);H01M10/0525(2006.01),1
300750.SZ,宁德时代,H05K7/20(2006.01);H01M10/613(2014.01);H01M10/6553(2014.01);H01M10/6556(2014.01);H01M10/6567(2014.01),1
300750.SZ,宁德时代,H01M4/131(2010.01);H01M4/136(2010.01);H01M10/0525(2010.01);H01M4/525(2010.01);H01M4/505(2010.01);H01M4/485(2010.01);H01M4/58(2010.01),1
300750.SZ,宁德时代,H01M50/133(2021.01);H01M50/14(2021.01);H01M50/249(2021.01);H01M50/209(2021.01);H01M10/052(2010.01);H01M10/0525(2010.01);H01M10/054(2010.01),1
300750.SZ,宁德时代,H01M4/131(2010.01);H01M50/131(2021.01);H01M10/0525(2010.01);H01M10/0585(2010.01);H01M10/0587(2010.01),1
300750.SZ,宁德时代,H01M50/244(2021.01);H01M50/242(2021.01);H01M50/249(2021.01),1
300750.SZ,宁德时代,H01M10/02(2006.01);H01M10/04(2006.01);H01M10/0587(2010.01),1
300750.SZ,宁德时代,H02J7/80(2026.01);H02J7/60(2026.01);H02J7/40(2026.01);H02J15/00(2026.01);H01M10/42(2006.01);H01M10/48(2006.01),1
300750.SZ,宁德时代,H01M10/42(2006.01);H01M10/0525(2010.01);H04Q9/00(2006.01);G01R31/385(2019.01),1
300750.SZ,宁德时代,H01M50/211(2021.01);H01M50/244(2021.01),1
300750.SZ,宁德时代,H01M4/136(2010.01);H01M4/131(2010.01);H01M4/1397(2010.01);H01M4/1391(2010.01);H01M4/62(2006.01);H01M10/0525(2010.01),1
300750.SZ,宁德时代,H01M50/507(2021.01);H01M50/503(2021.01),1
300750.SZ,宁德时代,H01M50/533(2021.01);H01M10/0585(2010.01);H01M10/0587(2010.01);H01M10/0525(2010.01),1
300750.SZ,宁德时代,H01M50/244(2021.01);H05K5/02(2006.01);A62C3/16(2006.01),1
300750.SZ,宁德时代,H01M4/62(2006.01);H01M4/13(2010.01);H01M4/139(2010.01);H01M10/0525(2010.01);H01M10/054(2010.01);H01M4/02(2006.01),1
300750.SZ,宁德时代,H01M10/42(2006.01);H01M10/613(2014.01);H01M10/6556(2014.01);H01M10/627(2014.01);A62C3/16(2006.01);H01M50/251(2021.01);H01M50/204(2021.01);H01M50/298(2021.01);H01M50/296(2021.01);H01M50/50(2021.01);H01M50/244(2021.01),1
300750.SZ,宁德时代,G01R31/371(2019.01);G09B23/18(2006.01);G01R31/36(2020.01);G01R31/385(2019.01);G01R31/388(2019.01);H04W4/30(2018.01),1
300750.SZ,宁德时代,H01M10/658(2014.01);H01M10/625(2014.01);H01M10/627(2014.01);H01M10/647(2014.01);H01M50/211(2021.01);H01M50/242(2021.01);H01M50/244(2021.01);H01M50/249(2021.01);H01M50/251(2021.01);H01M50/289(2021.01),1
300750.SZ,宁德时代,H01M50/10(2021.01);H01M50/172(2021.01),1
300750.SZ,宁德时代,H01M50/103(2021.01);H01M10/0587(2010.01);H01M10/0525(2010.01),1
300750.SZ,宁德时代,H01M50/533(2021.01);H01M50/528(2021.01);H01M50/516(2021.01);H01M10/0525(2010.01),1
300750.SZ,宁德时代,G06F18/214(2023.01);G06F18/23(2023.01);G06F18/2415(2023.01);G06F40/279(2020.01);G06F40/30(2020.01);G06N3/0442(2023.01);G06N3/047(2023.01);G06N3/084(2023.01);G06N3/094(2023.01),1
300750.SZ,宁德时代,G01R1/02(2006.01);G01R31/36(2020.01);G01R19/00(2006.01);G01K13/00(2021.01),1
300750.SZ,宁德时代,H01M50/593(2021.01);H01M10/058(2010.01);H01M10/052(2010.01);H01M10/0525(2010.01);H01M10/054(2010.01);H01M50/103(2021.01);H01M50/586(2021.01),1
300750.SZ,宁德时代,H01M50/502(2021.01);H01M50/519(2021.01);H01R4/42(2006.01),1
300750.SZ,宁德时代,H01M50/204(2021.01);H01M50/244(2021.01);H01M50/249(2021.01),1
300750.SZ,宁德时代,H01M10/0525(2010.01);H01M10/0567(2010.01);H01M10/058(2010.01);H01M4/133(2010.01);H01M4/1393(2010.01);H01M4/04(2006.01),1
300750.SZ,宁德时代,B60W30/08(2012.01),1
300750.SZ,宁德时代,H01M50/244(2021.01);H01M50/249(2021.01);H01M10/658(2014.01);H01M10/625(2014.01),1
300750.SZ,宁德时代,H01M50/107(2021.01);H01M50/375(2021.01);H01M50/179(2021.01);H01M50/317(2021.01),1
300750.SZ,宁德时代,H01M10/613(2014.01);B60L53/00(2019.01);H02J7/00(2026.01);H02J15/00(2026.01);H01M10/647(2014.01);H01M10/6554(2014.01);H01M10/6556(2014.01),1
300750.SZ,宁德时代,H01M4/62(2006.01);C08F259/08(2006.01);H01M10/0525(2006.01),1
300750.SZ,宁德时代,H01M50/383(2021.01);H01M50/30(2021.01),1
300750.SZ,宁德时代,H01M10/058(2006.01);H01M10/04(2006.01),1
300750.SZ,宁德时代,H01M4/139(2010.01);H01M4/13(2010.01);H01M4/62(2006.01);H01M10/0525(2010.01),1
300750.SZ,宁德时代,B29C65/18(2006.01);B29L31/34(2006.01),1
300750.SZ,宁德时代,H01M2/20(2006.01),1
300750.SZ,宁德时代,H02J15/00(2026.01);H02J7/70(2026.01);H01M50/244(2021.01);H01M50/271(2021.01),1
300750.SZ,宁德时代,G06T1/00(2006.01),1
300750.SZ,宁德时代,H01M50/244(2021.01);H01M50/204(2021.01);H01M50/251(2021.01);H01M10/613(2014.01);H01M10/6568(2014.01);H01M10/6556(2014.01);A62C33/04(2006.01);A62C35/58(2006.01),1
300750.SZ,宁德时代,H01M50/55(2021.01);H01M50/553(2021.01);H01M50/103(2021.01),1
300750.SZ,宁德时代,G01N7/02(2006.01),1
300750.SZ,宁德时代,H01M50/103(2021.01);H01M50/59(2021.01);H01M50/586(2021.01);H01M50/209(2021.01),1
300750.SZ,宁德时代,H01M10/0567(2006.01);H01M10/052(2006.01),1
300750.SZ,宁德时代,H01M50/593(2021.01);H01M50/553(2021.01);H01M50/176(2021.01);H01M50/184(2021.01);H01M50/188(2021.01),1
300750.SZ,宁德时代,H01M4/136(2010.01);H01M4/133(2010.01);H01M4/1397(2010.01);H01M4/1393(2010.01);H01M10/0525(2010.01);H01M4/36(2006.01);H01M4/58(2010.01);H01M4/583(2010.01);C01B25/45(2006.01);C01B32/05(2017.01),1
300750.SZ,宁德时代,H01M4/64(2006.01); H01M4/13(2010.01); H01M10/0525(2010.01),1
300750.SZ,宁德时代,H01M4/48(2006.01);H01M10/0525(2006.01),1
300750.SZ,宁德时代,G01R31/28(2006.01),1
300750.SZ,宁德时代,H01M4/36(2006.01);H01M4/38(2006.01),1
300750.SZ,宁德时代,H01M4/1391(2010.01);H01M4/131(2010.01);H01M10/0525(2010.01),1
300750.SZ,宁德时代,H01M50/107(2021.01);H01M50/543(2021.01);H01M50/59(2021.01);H01M50/586(2021.01);H01M50/588(2021.01),1
300750.SZ,宁德时代,H01M10/6556(2014.01);H01M50/244(2021.01),1
300750.SZ,宁德时代,H01M50/317(2021.01);H01M50/209(2021.01),1
300750.SZ,宁德时代,H01M10/04(2006.01);H01M10/0583(2006.01),1
300750.SZ,宁德时代,H01M10/613(2014.01);H01M10/625(2014.01);H01M10/6554(2014.01);H01M10/6567(2014.01);H01M50/244(2021.01);H01M50/249(2021.01);H01M50/204(2021.01),1
300750.SZ,宁德时代,G01R31/389(2019.01),1
300750.SZ,宁德时代,H01M10/42(2006.01);B60L53/53(2019.01);H01M50/209(2021.01);H01M50/244(2021.01);H01M50/251(2021.01);H02J7/70(2026.01),1
300750.SZ,宁德时代,H01M10/6552(2014.01);H01M10/655(2014.01);H01M50/244(2021.01),1
300750.SZ,宁德时代,H01M50/593(2021.01);H01M50/586(2021.01);H01M50/682(2021.01);H01M50/121(2021.01);H01M50/129(2021.01);H01M50/103(2021.01),1
300750.SZ,宁德时代,H01M4/58(2006.01);H01M4/505(2006.01);H01M4/36(2006.01);H01M4/62(2006.01);H01M10/0525(2006.01);H01M10/058(2006.01),1
300750.SZ,宁德时代,H01M10/615(2014.01);H01M10/613(2014.01);H01M10/625(2014.01);H01M10/659(2014.01);H01M10/63(2014.01);H01M10/633(2014.01);H01M10/617(2014.01);H01M10/657(2014.01),1
300750.SZ,宁德时代,H01M50/586(2021.01);H01M50/593(2021.01);H01M50/103(2021.01);H01M50/531(2021.01),1
300750.SZ,宁德时代,H01M4/58(2006.01);H01M4/62(2006.01),1
300750.SZ,宁德时代,H01M4/13(2010.01);H01M50/103(2021.01);H01M4/02(2006.01);H01M10/058(2010.01);H01M10/052(2010.01),1
300750.SZ,宁德时代,H01M10/48(2006.01);H01M50/244(2021.01);H01M50/569(2021.01),1
300750.SZ,宁德时代,H01M10/42(2006.01);H01M50/244(2021.01);H01M50/50(2021.01);H01M50/289(2021.01);H01Q1/12(2006.01);H01Q1/22(2006.01),1
300750.SZ,宁德时代,H01M50/244(2021.01);H01M50/249(2021.01);H01M50/264(2021.01);H01M50/204(2021.01);H01M50/271(2021.01),1
300750.SZ,宁德时代,H01R13/66(2006.01);H02J7/60(2026.01);H02J7/80(2026.01);H02J15/00(2026.01),1
300750.SZ,宁德时代,H01M50/342(2006.01);H01M50/143(2006.01);H01M50/103(2006.01),1
300750.SZ,宁德时代,H01M4/36(2006.01);H01M4/62(2006.01);H01M4/58(2010.01);H01M10/0525(2010.01),1
300750.SZ,宁德时代,H01M4/52(2006.01);H01M4/62(2006.01);H01M10/0525(2006.01),1
300750.SZ,宁德时代,H01M50/204(2021.01);H01M50/244(2021.01);H01M50/249(2021.01);H01M50/289(2021.01);H01M10/6568(2014.01);H01M10/6556(2014.01);H01M10/615(2014.01);H01M10/613(2014.01);H01M10/6554(2014.01),1
300750.SZ,宁德时代,G01J1/04(2006.01);B23K26/21(2006.01),1
300750.SZ,宁德时代,H01M50/209(2021.01);H01M10/613(2014.01);H01M10/6554(2014.01);H01M10/6555(2014.01),1
300750.SZ,宁德时代,H01M50/548(2021.01);H01M50/528(2021.01);H01M50/503(2021.01);H01M10/0525(2010.01);H01M50/103(2021.01);H01M10/058(2010.01),1
300750.SZ,宁德时代,H01M4/00(2006.01);H01M4/36(2006.01);H01M4/04(2006.01),1
300750.SZ,宁德时代,H01M4/13(2010.01);H01M10/04(2006.01),1
300750.SZ,宁德时代,H10K71/40(2023.01);H10K85/50(2023.01);H10K71/60(2023.01);H10K30/50(2023.01);H10K30/80(2023.01),1
300750.SZ,宁德时代,H01M4/13(2010.01);H01M4/02(2006.01);H01M50/409(2021.01),1
300750.SZ,宁德时代,H01M50/271(2021.01);H01M50/24(2021.01);H01M50/244(2021.01);H01M50/249(2021.01);H05K9/00(2006.01),1
300750.SZ,宁德时代,H01M50/262(2021.01);H01M50/264(2021.01);H01M50/244(2021.01);H01M50/209(2021.01);H01M50/284(2021.01);H01M10/42(2006.01),1
300750.SZ,宁德时代,H01M10/0566(2010.01);H01M10/0525(2010.01);H01M50/317(2021.01);H01M50/30(2021.01),1
300750.SZ,宁德时代,B65F7/00(2006.01),1
300750.SZ,宁德时代,H01M4/58(2006.01);H01M4/136(2006.01),1
300750.SZ,宁德时代,H01M50/553(2021.01),1
300750.SZ,宁德时代,H01M50/59(2021.01);H01M50/531(2021.01);H01M4/13(2010.01);H01M10/0525(2010.01),1
300750.SZ,宁德时代,H01M10/617(2014.01);H01M10/625(2014.01);H01M10/6552(2014.01);H01M10/6554(2014.01);H01M10/6566(2014.01);H01M10/6556(2014.01),1
300750.SZ,宁德时代,B60L3/00(2019.01);B60L3/04(2006.01),1
300750.SZ,宁德时代,H01M50/317(2021.01);H01M50/244(2021.01);H01M50/249(2021.01);H01M50/204(2021.01),1
300750.SZ,宁德时代,H01M50/569(2021.01);H01M50/505(2021.01);H01M50/507(2021.01);H01M50/516(2021.01);H01M50/249(2021.01);H01M50/204(2021.01);H01M10/48(2006.01),1
300750.SZ,宁德时代,H01H85/02(2006.01);H01H85/47(2006.01);H01H1/58(2006.01);H01M50/583(2021.01),1
300750.SZ,宁德时代,H01M10/42(2006.01);H01M50/244(2021.01);H01M50/249(2021.01);H01M50/204(2021.01),1
300750.SZ,宁德时代,H01M4/62(2006.01);H01M4/133(2010.01);H01M4/134(2010.01);H01M10/0525(2010.01),1
300750.SZ,宁德时代,H01M4/36(2006.01);H01M4/38(2006.01);H01M4/525(2006.01);H01M10/052(2006.01),1
300750.SZ,宁德时代,G01B11/00(2006.01);B23D19/04(2006.01),1
300750.SZ,宁德时代,H01M4/13(2006.01);H01M10/0567(2006.01),1
300750.SZ,宁德时代,H01M4/36(2006.01);H01M4/525(2006.01);H01M10/0525(2006.01),1
300750.SZ,宁德时代,H01M50/451(2021.01);C01F7/02(2022.01);B82Y40/00(2011.01);C09D7/61(2018.01);H01M50/431(2021.01);H01M50/449(2021.01),1
300750.SZ,宁德时代,H01M4/38(2006.01);H01M10/056(2010.01);H01M10/0525(2010.01),1
300750.SZ,宁德时代,H01M4/62(2006.01);H01M10/613(2006.01),1
300750.SZ,宁德时代,H01M50/244(2021.01);H01M50/503(2021.01);H01M50/296(2021.01),1
300750.SZ,宁德时代,H01M50/244(2021.01);H01M50/242(2021.01);H01M50/103(2021.01);H01M50/249(2021.01);H01M50/24(2021.01),1
300750.SZ,宁德时代,H01M4/485(2010.01);H01M4/36(2006.01);H01M4/1391(2010.01);H01M4/131(2010.01);H01M4/04(2006.01),1
300750.SZ,宁德时代,H01M50/35(2021.01);H01M50/531(2021.01);H01M50/107(2021.01),1
300750.SZ,宁德时代,H01M50/244(2021.01);H01M50/242(2021.01);H01M50/264(2021.01),1
300750.SZ,宁德时代,H01M50/342(2021.01);H01M50/103(2021.01),1
300750.SZ,宁德时代,H01M50/264(2021.01);H01M50/209(2021.01);H01M50/15(2021.01);H01M50/249(2021.01),1
300750.SZ,宁德时代,B60L3/00(2019.01);B60L58/10(2019.01);B60L53/80(2019.01),1
300750.SZ,宁德时代,H01M10/0587(2010.01);H01M10/0525(2010.01);H01M4/13(2010.01);H01M50/474(2021.01),1
300750.SZ,宁德时代,G01N1/28(2006.01);G01N15/00(2024.01);G01N15/02(2024.01);G01D21/02(2006.01),1
300750.SZ,宁德时代,B29C69/00(2006.01);H01M4/139(2010.01);B26D7/26(2006.01);B26D1/18(2006.01);B65H23/26(2006.01);B29L7/00(2006.01),1
300750.SZ,宁德时代,H01M50/449(2021.01);H01M50/44(2021.01);H01M50/446(2021.01);H01M50/414(2021.01);H01M10/0525(2010.01);H01M10/054(2010.01),1
300750.SZ,宁德时代,H02J7/56(2026.01);H02J7/90(2026.01),1
300750.SZ,宁德时代,H01M4/134(2010.01);H01M4/1395(2010.01);H01M4/04(2006.01);H01M10/054(2010.01);H01M4/62(2006.01),1
300750.SZ,宁德时代,H01M50/636(2021.01);H01M50/664(2021.01),1
300750.SZ,宁德时代,H01M50/264(2021.01);H01M50/262(2021.01);H02G3/02(2006.01),1
300750.SZ,宁德时代,H01M4/36(2006.01);H01M10/0525(2006.01),1
300750.SZ,宁德时代,H01M50/244(2021.01);H01M50/249(2021.01);H01M50/291(2021.01);H01M10/613(2014.01);H01M10/625(2014.01);H01M10/6554(2014.01),1
300750.SZ,宁德时代,H01M10/42(2006.01);H01M50/244(2021.01);H01M10/48(2006.01);H01M50/289(2021.01);H01Q1/22(2006.01);H01Q1/50(2006.01),1
300750.SZ,宁德时代,H02S20/30(2014.01);F16F15/04(2006.01);F24S25/63(2018.01),1
300750.SZ,宁德时代,B65D63/16(2006.01);H01M50/298(2006.01),1
300750.SZ,宁德时代,H02B1/56(2006.01);H02B1/24(2006.01);H02J15/00(2026.01);H02J3/32(2026.01),1
300750.SZ,宁德时代,H01M4/58(2010.01);H01M4/48(2010.01);H01M10/054(2010.01),1
300750.SZ,宁德时代,H01M10/42(2006.01);H01M10/058(2006.01);H01M10/0525(2006.01),1
300750.SZ,宁德时代,H01M50/244(2021.01);H01M50/264(2021.01);H01M50/289(2021.01);H01M50/204(2021.01);H01M50/242(2021.01);H01M50/233(2021.01),1
300750.SZ,宁德时代,G01R31/327(2006.01);G01R19/25(2006.01);G01R19/165(2006.01),1
300750.SZ,宁德时代,H01M50/533(2006.01);H01M50/538(2006.01),1
300750.SZ,宁德时代,B08B7/00(2006.01),1
300750.SZ,宁德时代,B65G47/248(2006.01),1
300750.SZ,宁德时代,H01M50/103(2021.01);H01M50/143(2021.01);H01M50/119(2021.01);H01M10/0525(2010.01);H01M10/613(2014.01);H01M10/6556(2014.01),1
300750.SZ,宁德时代,H01M50/271(2021.01);H01M50/249(2021.01);H01M50/244(2021.01);H01M50/242(2021.01),1
300750.SZ,宁德时代,H01M4/36(2006.01);H01M4/48(2010.01);H01M4/587(2010.01);H01M4/62(2006.01);H01M4/133(2010.01);H01M4/131(2010.01);H01M10/0525(2010.01);B82Y30/00(2011.01),1
300750.SZ,宁德时代,H01M50/244(2021.01);H01M50/583(2021.01),1
300750.SZ,宁德时代,F16B39/02(2006.01);B25B11/00(2006.01),1
300750.SZ,宁德时代,G01V3/08(2006.01);G01V3/10(2006.01);G01B7/00(2006.01);H01M4/13(2010.01);H01M4/04(2006.01);B08B9/057(2006.01),1
300750.SZ,宁德时代,B08B1/20(2024.01);B08B7/00(2006.01),1
300750.SZ,宁德时代,H01M50/609(2021.01);H01M50/673(2021.01),1
300750.SZ,宁德时代,H01M4/13(2010.01);H01M4/62(2006.01);H01M10/0568(2010.01);H01M10/0569(2010.01);H01M10/42(2006.01);H01M10/058(2010.01);H01M10/052(2010.01),1
300750.SZ,宁德时代,H01M4/525(2010.01);H01M4/505(2010.01);H01M10/0525(2010.01);C01G53/504(2025.01);C01G53/506(2025.01);H01M4/131(2010.01),1
300750.SZ,宁德时代,H01M4/36(2006.01);H01M4/62(2006.01);H01M10/0525(2010.01);H01M4/525(2010.01);H01M4/505(2010.01);H01M4/58(2010.01);H01M4/131(2010.01);H01M4/136(2010.01),1
300750.SZ,宁德时代,G01R31/36(2020.01);H01M10/058(2010.01);H01M10/04(2006.01),1
300750.SZ,宁德时代,H01M10/613(2014.01);H01M10/6556(2014.01);H01M10/656(2014.01);H01M10/655(2014.01),1
300750.SZ,宁德时代,H01M50/59(2021.01);H01M10/0525(2010.01);H01M10/052(2010.01),1
300750.SZ,宁德时代,H01M4/62(2006.01);H01M4/13(2010.01);H01M10/052(2010.01);H01M10/42(2006.01),1
300750.SZ,宁德时代,H01M2/10(2006.01); H01M2/12(2006.01),1
300750.SZ,宁德时代,H01M2/10(2006.01); H01M10/04(2006.01),1
300750.SZ,宁德时代,H01M50/516(2021.01);B23K3/06(2006.01);B23K3/08(2006.01);B23K101/36(2006.01),1
300750.SZ,宁德时代,G01R31/392(2006.01),1
300750.SZ,宁德时代,H01M10/0525(2010.01);H01M4/36(2006.01);H01M4/583(2010.01);H01M4/58(2010.01),1
300750.SZ,宁德时代,H01M4/505(2010.01);H01M4/485(2010.01);H01M4/525(2010.01);C01G53/51(2025.01);C01G51/44(2025.01);C01G49/00(2006.01);C01G45/1221(2025.01);H01M4/136(2010.01);H01M10/054(2010.01),1
300750.SZ,宁德时代,H01M10/655(2014.01);H01M10/6556(2014.01);H01M10/625(2014.01),1
300750.SZ,宁德时代,H01M50/507(2021.01);H01M50/516(2021.01);H01M50/204(2021.01);H01M50/249(2021.01);H01M50/244(2021.01),1
300750.SZ,宁德时代,G01R31/382(2019.01);G01L5/00(2006.01),1
300750.SZ,宁德时代,H01M50/244(2021.01);H01M50/24(2021.01);H01M50/204(2021.01);H01M10/6554(2014.01);H01M10/6556(2014.01);H01M10/6567(2014.01);H01M10/6568(2014.01);H01M10/6566(2014.01),1
300750.SZ,宁德时代,F26B13/14(2006.01);F26B3/353(2006.01);F26B23/06(2006.01);F26B25/00(2006.01);F26B25/20(2006.01);H01M50/531(2021.01),1
300750.SZ,宁德时代,H01M50/244(2021.01);H01M50/24(2021.01),1
300750.SZ,宁德时代,H01M10/0587(2006.01),1
300750.SZ,宁德时代,H01M50/531(2021.01);H01M50/502(2021.01);H01M50/172(2021.01);H01M50/169(2021.01);H01M10/04(2006.01);H01M50/244(2021.01);H01M50/289(2021.01),1
300750.SZ,宁德时代,H01M4/36(2006.01);H01M4/58(2010.01);H01M4/587(2010.01);H01M4/04(2006.01);H01M4/136(2010.01);H01M50/103(2021.01);H01M10/05(2010.01),1
300750.SZ,宁德时代,G01N13/00(2006.01);G01N31/16(2006.01),1
300750.SZ,宁德时代,H01M50/262(2021.01);H01M50/258(2021.01);H01M50/244(2021.01);H01M50/251(2021.01),1
300750.SZ,宁德时代,H01M10/0525(2010.01);H01M10/058(2010.01);H01M50/202(2021.01),1
300750.SZ,宁德时代,H01M10/0587(2006.01);H01M10/0567(2006.01),1
300750.SZ,宁德时代,B08B5/02(2006.01);B08B5/04(2006.01);B08B13/00(2006.01),1
300750.SZ,宁德时代,H01M4/36(2006.01);H01M10/0525(2006.01);H01M4/66(2006.01),1
300750.SZ,宁德时代,H01M4/485(2006.01),1
300750.SZ,宁德时代,H01M10/0567(2006.01),1
300750.SZ,宁德时代,H01M50/209(2006.01);F28B9/08(2006.01);H01M50/244(2006.01),1
300750.SZ,宁德时代,H01M10/65(2006.01);H01M10/6568(2006.01);H01M10/6556(2006.01),1
300750.SZ,宁德时代,H01M50/477(2021.01);H01M50/474(2021.01);H01M50/489(2021.01);H01M50/572(2021.01);H01M50/103(2021.01);H01M10/058(2010.01);H01M10/0525(2010.01);H01M10/054(2010.01),1
300750.SZ,宁德时代,H01M10/613(2014.01);H01M10/653(2014.01);H01M10/6557(2014.01);H01M50/244(2021.01);H01M50/289(2021.01);H01M10/655(2014.01),1
300750.SZ,宁德时代,H01M50/507(2021.01);H01M50/519(2021.01);H01M50/569(2021.01);H01M50/593(2021.01);H01M50/588(2021.01),1
300750.SZ,宁德时代,H01M4/36(2006.01);H01M4/58(2010.01);H01M10/054(2010.01);H01M4/136(2010.01),1
300750.SZ,宁德时代,H01M4/36(2006.01);H01M4/62(2006.01);H01M4/525(2010.01);H01M4/505(2010.01);H01M4/131(2010.01);H01M10/0525(2010.01),1
300750.SZ,宁德时代,G06F21/12(2013.01);G06F9/445(2018.01);G06F21/64(2013.01),1
300750.SZ,宁德时代,H01M4/66(2006.01);H01M4/70(2006.01);H01M50/531(2021.01);H01M4/02(2006.01);H01M4/13(2010.01);H01M10/04(2006.01);H01M10/058(2010.01);H01M10/0525(2010.01);H01M10/052(2010.01),1
300750.SZ,宁德时代,G01R1/04(2006.01); G01R19/00(2006.01),1
300750.SZ,宁德时代,H01M10/6568(2014.01);H01M10/60(2014.01);H01M50/503(2021.01),1
300750.SZ,宁德时代,H01M10/052(2010.01);H01M10/058(2010.01);H01M10/0587(2010.01);H01M4/13(2010.01);H01M4/66(2006.01);H01M50/531(2021.01);H01M10/0525(2010.01),1
300750.SZ,宁德时代,H01M50/59(2021.01);H01M50/176(2021.01);H01M50/528(2021.01);H01M50/503(2021.01),1
300750.SZ,宁德时代,H01M50/204(2021.01);H01M50/244(2021.01);H01M50/289(2021.01);H01M50/249(2021.01);H01M50/251(2021.01),1
300750.SZ,宁德时代,H01M4/66(2006.01);H01M4/131(2010.01);H01M4/136(2010.01);H01M4/1391(2010.01);H01M4/1397(2010.01);H01M10/0525(2010.01),1
300750.SZ,宁德时代,H01M50/103(2021.01);H01M50/24(2021.01);H01M50/242(2021.01);H01M50/249(2021.01);H01M50/231(2021.01),1
300750.SZ,宁德时代,H01M4/136(2010.01);H01M4/131(2010.01);H01M4/62(2006.01);H01M10/42(2006.01);H01M10/058(2010.01);H01M10/052(2010.01),1
300750.SZ,宁德时代,G01R31/387(2019.01);H01M10/42(2006.01),1
300750.SZ,宁德时代,G01R31/392(2019.01);G01R31/52(2020.01),1
300750.SZ,宁德时代,B65H23/26(2006.01);H01M10/0587(2010.01);B65H20/02(2006.01);B65H18/02(2006.01);B65H18/14(2006.01),1
300750.SZ,宁德时代,H01M4/13(2010.01);H01M4/139(2010.01);H01M4/04(2006.01);H01M10/0525(2010.01);H01M10/054(2010.01);H01M10/42(2006.01);H01M10/615(2014.01);H01M10/637(2014.01);H01M10/654(2014.01);H01M50/258(2021.01),1
300750.SZ,宁德时代,H01M10/056(2010.01);H01M10/0567(2010.01),1
300750.SZ,宁德时代,H01M10/0567(2010.01);H01M10/052(2010.01);H01M10/42(2006.01);H01M4/58(2010.01);H01M4/136(2010.01),1
300750.SZ,宁德时代,H01M50/533(2021.01);H01M10/04(2006.01);H01M10/052(2010.01);H01M10/0525(2010.01);H01M10/054(2010.01);H01M10/0585(2010.01);H01M10/0587(2010.01);H01M50/538(2021.01);H01M50/54(2021.01),1
300750.SZ,宁德时代,H01M10/613(2014.01);H01M10/625(2014.01);H01M10/6556(2014.01);H01M10/6567(2014.01),1
300870.SZ,欧陆通,13-03(15),2
301193.SZ,家联科技,07-01(15),1
301365.SZ,矩阵股份,26-01(15),1
301365.SZ,矩阵股份,26-05(15),1
601633.SH,长城汽车,14-04(14),9
601633.SH,长城汽车,14-04(15),9
601633.SH,长城汽车,12-16(15),4
601633.SH,长城汽车,G05B23/02(2006.01),4
601633.SH,长城汽车,B60H1/00(2006.01),4
601633.SH,长城汽车,F01M13/04(2006.01),4
601633.SH,长城汽车,B60K5/12(2006.01),3
601633.SH,长城汽车,14-01(14),3
601633.SH,长城汽车,G01M17/007(2006.01),2
601633.SH,长城汽车,B62D25/20(2006.01);B60N2/015(2006.01),2
601633.SH,长城汽车,B60L15/20(2006.01),2
601633.SH,长城汽车,F25B43/00(2006.01);F25B30/02(2006.01);B60H1/00(2006.01),2
601633.SH,长城汽车,06-01(14),2
601633.SH,长城汽车,B60W30/045(2012.01);B60W40/10(2012.01);B60W50/00(2006.01),2
601633.SH,长城汽车,F16H61/02(2006.01),2
601633.SH,长城汽车,B60S1/08(2006.01),2
601633.SH,长城汽车,B62D25/08(2006.01);B62D25/16(2006.01),2
601633.SH,长城汽车,B62D25/08(2006.01),2
601633.SH,长城汽车,B60L15/20(2006.01);B60L15/32(2006.01),2
601633.SH,长城汽车,G05B19/042(2006.01),2
601633.SH,长城汽车,B60R22/20(2006.01),2
601633.SH,长城汽车,B60R7/06(2006.01),2
601633.SH,长城汽车,B62D25/20(2006.01);B62D25/02(2006.01);B60N2/015(2006.01),1
601633.SH,长城汽车,B62D25/08(2006.01);B62D25/04(2006.01),1
601633.SH,长城汽车,B60R16/023(2006.01);B60R25/24(2013.01),1
601633.SH,长城汽车,F21S8/10(2006.01); F21V13/00(2006.01); F21W101/10(2006.01); F21Y115/00(2016.01),1
601633.SH,长城汽车,12-16(14),1
601633.SH,长城汽车,B62D25/08(2006.01); B62D25/18(2006.01); F16J15/02(2006.01),1
601633.SH,长城汽车,B60R25/104(2013.01);B60R25/10(2013.01),1
601633.SH,长城汽车,26-06 (10),1
601633.SH,长城汽车,F21S8/10(2006.01); F21V5/04(2006.01); F21V13/02(2006.01); F21V19/00(2006.01); F21V23/00(2015.01); F21W101/02(2006.01); F21Y113/10(2016.01); F21Y115/10(2016.01),1
601633.SH,长城汽车,G06T7/80(2017.01);G06T7/62(2017.01);G06T5/40(2006.01),1
601633.SH,长城汽车,G06V20/59(2022.01);A61B5/18(2006.01);A61B5/00(2006.01);G06V40/16(2022.01);G06V40/18(2022.01);G06V10/764(2022.01);G06V10/77(2022.01);G06V10/82(2022.01);G06N3/045(2023.01);G06N3/0464(2023.01);G06N3/08(2023.01);G06N3/09(2023.01),1
601633.SH,长城汽车,F25D29/00(2006.01);B60N3/10(2006.01);B60H1/00(2006.01),1
601633.SH,长城汽车,H04W4/40(2018.01);B60R16/023(2006.01);H04W4/80(2018.01);H04W84/18(2009.01);H04W40/02(2009.01);H04W40/12(2009.01),1
601633.SH,长城汽车,F02F1/18(2006.01);F02F1/24(2006.01);F02F7/00(2006.01),1
601633.SH,长城汽车,F16H61/02(2006.01);F16H61/16(2006.01);F16H59/14(2006.01);F16H59/68(2006.01),1
601633.SH,长城汽车,B62D25/20(2006.01);B62D25/02(2006.01);B60R13/08(2006.01);B60N2/015(2006.01),1
601633.SH,长城汽车,B60T17/18(2006.01);B60T13/74(2006.01),1
601633.SH,长城汽车,G05B19/042(2006.01);B60Q3/80(2017.01);B60R16/023(2006.01),1
601633.SH,长城汽车,B60W20/00(2016.01);B60W40/00(2006.01),1
601633.SH,长城汽车,G06F16/2457(2019.01);G06F16/2458(2019.01);G06F16/25(2019.01);G06F16/28(2019.01),1
601633.SH,长城汽车,H01M8/04089(2016.01);B01D50/00(2022.01),1
601633.SH,长城汽车,B60R16/037(2006.01);B60R16/023(2006.01);B60N3/18(2006.01);B60N2/02(2006.01);B60H1/00(2006.01);B60H3/00(2006.01);A47J31/00(2006.01);A47J31/40(2006.01);A47J31/52(2006.01),1
601633.SH,长城汽车,B62D25/20(2006.01);B62D25/02(2006.01);B62D25/08(2006.01),1
601633.SH,长城汽车,B60K23/08(2006.01);B60K6/52(2007.10);B60K6/24(2007.10);B60K6/26(2007.10),1
601633.SH,长城汽车,B60W30/14(2006.01),1
601633.SH,长城汽车,H01M10/633(2014.01);H01M10/637(2014.01);H01M10/625(2014.01);H01M10/615(2014.01);H01M10/63(2014.01);B60L58/27(2019.01),1
601633.SH,长城汽车,F16D48/04(2006.01),1
601633.SH,长城汽车,G06F16/9535(2019.01),1
601633.SH,长城汽车,B60R1/072(2006.01),1
601633.SH,长城汽车,B60W50/032(2012.01);B60W50/02(2012.01);B60W30/182(2020.01),1
601633.SH,长城汽车,B21D37/12(2006.01); B21D37/14(2006.01); B21D55/00(2006.01),1
601633.SH,长城汽车,B60W30/19(2012.01);B60W40/09(2012.01),1
601633.SH,长城汽车,B60R16/02(2006.01);G06V40/12(2022.01);G06V40/16(2022.01),1
601633.SH,长城汽车,B60P1/54(2006.01),1
601633.SH,长城汽车,B60T8/17(2006.01);B60T8/172(2006.01);B60T8/1761(2006.01),1
601633.SH,长城汽车,B60W30/18(2012.01);B60W40/06(2012.01);B60W40/10(2012.01),1
601633.SH,长城汽车,B60K37/20(2024.01),1
601633.SH,长城汽车,B60C23/02(2006.01);B60C23/06(2006.01);B60W40/12(2012.01);B60W40/10(2012.01),1
601633.SH,长城汽车,B60K11/04(2006.01);B60K11/06(2006.01),1
601633.SH,长城汽车,B60Q3/80(2017.01);B60Q3/78(2017.01);B60Q3/208(2017.01);B60Q3/62(2017.01),1
601633.SH,长城汽车,B60W20/15(2016.01);B60W40/105(2012.01);B60W10/06(2006.01),1
601633.SH,长城汽车,B62D3/02(2006.01),1
601633.SH,长城汽车,G06F8/65(2018.01);G06F8/656(2018.01);G06F21/57(2013.01);G06F21/45(2013.01),1
601633.SH,长城汽车,G06T7/80(2017.01);G06T17/00(2006.01);G06T7/73(2017.01),1
601633.SH,长城汽车,B60N2/02(2006.01);B60N2/75(2018.01);B60K35/22(2024.01);B60K35/60(2024.01);B60K35/53(2024.01);B60K35/81(2024.01),1
601633.SH,长城汽车,B60R16/02(2006.01);B60R13/08(2006.01),1
601633.SH,长城汽车,G06F3/04883(2022.01);G06F3/04886(2022.01);G06F9/451(2018.01),1
601633.SH,长城汽车,B60K37/10(2024.01);B60K37/20(2024.01),1
601633.SH,长城汽车,B60L58/31(2019.01),1
601633.SH,长城汽车,B60W20/00(2016.01);B60W10/06(2006.01);B60W40/00(2006.01),1
601633.SH,长城汽车,F02F1/18(2006.01);F02F7/00(2006.01);F02B75/22(2006.01);F02F1/10(2006.01),1
601633.SH,长城汽车,G06N5/02(2023.01);G06F16/903(2019.01),1
601633.SH,长城汽车,B62D33/027(2006.01);B60Q9/00(2006.01);E05F15/70(2015.01),1
601633.SH,长城汽车,B60G21/055(2006.01),1
601633.SH,长城汽车,G06F16/35(2025.01);G06F40/30(2020.01);G06N3/0442(2023.01);G06N3/08(2023.01),1
601633.SH,长城汽车,G06F11/3668(2025.01),1
601633.SH,长城汽车,F02B31/06(2006.01),1
601633.SH,长城汽车,B60L3/00(2019.01);B60Q9/00(2006.01),1
601633.SH,长城汽车,B60N3/10(2006.01),1
601633.SH,长城汽车,B60T7/12(2006.01),1
601633.SH,长城汽车,F16H48/20(2012.01),1
601633.SH,长城汽车,B60W50/14(2020.01);B60K35/22(2024.01);B60K35/28(2024.01);B60K35/29(2024.01),1
601633.SH,长城汽车,B60Q1/50(2006.01);B60Q5/00(2006.01),1
601633.SH,长城汽车,F01P3/20(2006.01); F01P7/16(2006.01); B60H1/02(2006.01),1
601633.SH,长城汽车,F16C11/06(2006.01); B62D7/16(2006.01),1
601633.SH,长城汽车,G01C21/00(2006.01);G06T17/05(2011.01);G06T7/73(2017.01);G01C21/16(2006.01);G01C21/18(2006.01);G01S13/86(2006.01);G01S17/86(2020.01),1
601633.SH,长城汽车,B60W10/08(2006.01);B60W30/06(2006.01);B60W40/00(2006.01),1
601633.SH,长城汽车,B60R22/48(2006.01),1
601633.SH,长城汽车,B60R3/00(2006.01),1
601633.SH,长城汽车,B60W30/18(2012.01);B60R16/03(2006.01),1
601633.SH,长城汽车,B60W50/00(2006.01);B60W20/11(2016.01);B60W40/12(2012.01),1
601633.SH,长城汽车,12-08(15);12-16(15),1
601633.SH,长城汽车,B60K1/04(2019.01);B62D25/20(2006.01);B62D25/02(2006.01);B62D25/08(2006.01),1
601633.SH,长城汽车,G10L15/22(2006.01);G10L21/007(2013.01),1
601633.SH,长城汽车,H04L67/55(2022.01);G06F16/9035(2019.01);H04L67/10(2022.01),1
601633.SH,长城汽车,B60W20/11(2016.01);B60W20/10(2016.01);B60W20/12(2016.01);B60W20/20(2016.01),1
601633.SH,长城汽车,B62D25/20(2006.01);B62D25/02(2006.01),1
601633.SH,长城汽车,H01M50/244(2021.01);H01M50/249(2021.01);H01M50/30(2021.01);H01M50/35(2021.01);B60L50/60(2019.01),1
601633.SH,长城汽车,B60W30/06(2006.01);B60W10/08(2006.01);B60W10/18(2012.01),1
601633.SH,长城汽车,F04B9/04(2006.01); F02M37/04(2006.01),1
601633.SH,长城汽车,B62D21/02(2006.01);B62D21/11(2006.01),1
601633.SH,长城汽车,B32B15/18(2006.01);H01M50/233(2021.01);H01M50/242(2021.01);H01M50/244(2021.01);H01M50/249(2021.01);H01M50/222(2021.01);H01M50/224(2021.01);H01M50/231(2021.01);H01M50/227(2021.01);H01M50/229(2021.01);B32B27/20(2006.01);B32B27/06(2006.01);B32B15/092(2006.01);B32B15/098(2006.01);B32B15/085(2006.01);B32B15/088(2006.01);B32B5/12(2006.01);B32B27/02(2006.01);B32B27/34(2006.01);B32B9/04(2006.01);B32B15/14(2006.01);B32B17/02(2006.01);B32B17/12(2006.01);B32B17/10(2006.01);B32B33/00(2006.01),1
601633.SH,长城汽车,12-16 (10),1
601633.SH,长城汽车,B60R19/52(2006.01),1
601633.SH,长城汽车,B60W30/182(2020.01);B60W10/119(2012.01);B60W50/08(2020.01);B60W30/04(2006.01),1
601633.SH,长城汽车,G06F8/65(2018.01);G06F9/50(2006.01),1
601633.SH,长城汽车,B62D25/02(2006.01);B62D25/20(2006.01);B62D25/04(2006.01);B60G13/00(2006.01),1
601633.SH,长城汽车,B60W50/14(2020.01);B60W50/16(2020.01);B60W50/00(2006.01);B60W40/09(2012.01);B60Q9/00(2006.01),1
601633.SH,长城汽车,B60R25/24(2013.01);H04W4/40(2018.01);H04W12/63(2021.01);G07C9/00(2020.01),1
601633.SH,长城汽车,B60L3/00(2019.01);G01R31/54(2020.01);G01R31/67(2020.01),1
601633.SH,长城汽车,B60Q1/06(2006.01);B60Q1/08(2006.01),1
601633.SH,长城汽车,B62D25/06(2006.01);B62D25/00(2006.01),1
601633.SH,长城汽车,F02D45/00(2006.01);F16K37/00(2006.01);F16K31/00(2006.01);F01N13/00(2010.01);G05D3/00(2006.01);G05B13/02(2006.01),1
601633.SH,长城汽车,F04D29/053(2006.01); F04D29/42(2006.01); F04D29/62(2006.01),1
601633.SH,长城汽车,F02D41/00(2006.01);F02D41/30(2006.01),1
601633.SH,长城汽车,B62D25/04(2006.01),1
601633.SH,长城汽车,B60L58/27(2019.01);F01N5/02(2006.01);F01N11/00(2006.01),1
601633.SH,长城汽车,H01M10/613(2014.01);H01M10/625(2014.01);H01M10/6554(2014.01);H01M10/6556(2014.01);H01M10/615(2014.01);H01M10/6567(2014.01);H01M10/6568(2014.01),1
601633.SH,长城汽车,B60K17/344(2006.01); B60K17/02(2006.01),1
601633.SH,长城汽车,B60R19/38(2006.01),1
601633.SH,长城汽车,G06F9/451(2018.01);G06F9/445(2018.01);G06F9/48(2006.01);G06F9/50(2006.01),1
601633.SH,长城汽车,B60L7/10(2006.01);B60L15/20(2006.01),1
601633.SH,长城汽车,G06F3/01(2006.01);G10L15/22(2006.01);G10L15/26(2006.01);G06F3/04817(2022.01);G06V10/82(2022.01);G06V40/16(2022.01);G06V40/18(2022.01);G06V40/20(2022.01);G06V40/70(2022.01),1
601633.SH,长城汽车,B08B9/032(2006.01);B08B13/00(2006.01),1
601633.SH,长城汽车,B60T8/171(2006.01);B60T8/172(2006.01);B60T8/32(2006.01);F16H48/20(2012.01),1
601633.SH,长城汽车,E05F15/73(2015.01);E05B77/54(2014.01);E05B81/64(2014.01),1
601633.SH,长城汽车,B60W30/18(2012.01);B60W40/064(2012.01);B60W10/04(2006.01);B60W10/20(2006.01),1
601633.SH,长城汽车,B60L3/10(2006.01);B60L15/20(2006.01),1
601633.SH,长城汽车,B60L58/26(2019.01),1
601633.SH,长城汽车,G01M13/02(2006.01),1
601633.SH,长城汽车,B60T17/22(2006.01);B08B1/14(2024.01);B60T7/12(2006.01),1
601633.SH,长城汽车,B60G17/00(2006.01);B60R16/033(2006.01),1
601633.SH,长城汽车,B60H1/22(2006.01),1
601633.SH,长城汽车,B60L50/75(2019.01);B60L58/40(2019.01),1
601633.SH,长城汽车,B60W50/02(2012.01);B60W50/029(2012.01),1
601633.SH,长城汽车,F17C13/06(2006.01); F17C13/00(2006.01); B65D90/10(2006.01); B65D90/32(2006.01),1
601633.SH,长城汽车,B60R16/03(2006.01);B60L1/00(2006.01);B60R16/033(2006.01),1
601633.SH,长城汽车,F02M25/08(2006.01); F02M35/14(2006.01); F02M35/024(2006.01); B60K13/02(2006.01),1
601633.SH,长城汽车,B60W50/00(2006.01);B60W40/10(2012.01),1
601633.SH,长城汽车,B62D25/02(2006.01); B62D25/04(2006.01); B62D25/16(2006.01),1
601633.SH,长城汽车,F16H7/08(2006.01),1
601633.SH,长城汽车,B60K13/04(2006.01),1
601633.SH,长城汽车,F16L25/10(2006.01),1
601633.SH,长城汽车,B60K17/04(2006.01),1
601633.SH,长城汽车,B62D21/02(2006.01); B62D21/15(2006.01),1
601633.SH,长城汽车,B60L58/34(2019.01);B60L58/27(2019.01);B60L58/31(2019.01),1
601633.SH,长城汽车,B60W60/00(2020.01);B60W30/14(2006.01);B60W30/18(2012.01);B60W30/06(2006.01),1
601633.SH,长城汽车,B62D25/20(2006.01);B60K1/04(2019.01);B62D25/02(2006.01);B62D25/08(2006.01),1
601633.SH,长城汽车,B62D35/00(2006.01);B60R16/023(2006.01);G11B31/00(2006.01),1
601633.SH,长城汽车,B60N2/02(2006.01),1
601633.SH,长城汽车,B62D1/184(2006.01),1
601633.SH,长城汽车,F17C13/08(2006.01);F17C13/00(2006.01),1
601633.SH,长城汽车,B60W20/15(2016.01);B60W20/10(2016.01),1
601633.SH,长城汽车,F16H55/28(2006.01); B62D3/12(2006.01),1
601633.SH,长城汽车,B60K5/12(2006.01);B60K17/06(2006.01),1
601633.SH,长城汽车,B60L3/00(2019.01);B60L15/20(2006.01),1
601633.SH,长城汽车,G08G1/16(2006.01);G08G1/048(2006.01),1
601633.SH,长城汽车,B60W60/00(2020.01),1
601633.SH,长城汽车,H02K5/04(2006.01),1
601633.SH,长城汽车,B62D25/20(2006.01);B62D25/08(2006.01);B62D25/02(2006.01);B62D25/18(2006.01),1
601633.SH,长城汽车,B62D25/00(2006.01); B62D25/02(2006.01); B62D25/06(2006.01); B62D25/20(2006.01),1
601633.SH,长城汽车,B60R16/02(2006.01),1
601633.SH,长城汽车,H01H23/06(2006.01);H01H23/14(2006.01);H01H23/08(2006.01),1
601633.SH,长城汽车,B60W30/182(2020.01);B60W40/08(2012.01),1
601633.SH,长城汽车,F02D41/14(2006.01),1
601633.SH,长城汽车,B60B27/00(2006.01),1
601633.SH,长城汽车,B62D25/12(2006.01),1
601633.SH,长城汽车,B62D25/20(2006.01);B60K1/04(2019.01),1
601633.SH,长城汽车,B60W20/15(2016.01);B60W10/06(2006.01),1
601633.SH,长城汽车,F02M35/08(2006.01); B60K13/02(2006.01),1
601633.SH,长城汽车,B60G17/018(2006.01);B60G17/019(2006.01),1
601633.SH,长城汽车,B60K37/20(2024.01);B60K37/10(2024.01);B60R7/06(2006.01);B60H1/00(2006.01),1
601633.SH,长城汽车,F02F1/18(2006.01);F02B75/22(2006.01);B60H1/04(2006.01),1
601633.SH,长城汽车,B60H1/00(2006.01);B60K11/02(2006.01);B60K11/04(2006.01);B60L58/26(2019.01);B60L58/27(2019.01);H01M10/613(2014.01);H01M10/615(2014.01);H01M10/625(2014.01);H01M10/6567(2014.01);H01M10/663(2014.01),1
601633.SH,长城汽车,B60R25/34(2013.01);B60R25/20(2013.01),1
601633.SH,长城汽车,G01M17/007(2006.01);G01M7/08(2006.01),1
601633.SH,长城汽车,B60K5/12(2006.01);B60R13/08(2006.01),1
601633.SH,长城汽车,12-08 (10),1
601633.SH,长城汽车,B62D25/16(2006.01);B60S1/50(2006.01),1
601633.SH,长城汽车,B60L58/27(2019.01);F01N5/02(2006.01),1
601633.SH,长城汽车,B62D43/02(2006.01);B60R9/06(2006.01),1
601633.SH,长城汽车,B60S1/66(2006.01);B08B3/02(2006.01);B60D1/58(2006.01);B60D1/06(2006.01),1
601633.SH,长城汽车,B60W20/15(2016.01);B60W40/10(2012.01),1
601633.SH,长城汽车,G10L15/22(2006.01),1
601633.SH,长城汽车,H04N23/51(2023.01);B60R11/04(2006.01),1
601633.SH,长城汽车,B60W30/19(2012.01);B60W30/14(2006.01);B60K20/06(2006.01),1
601633.SH,长城汽车,G01M17/013(2006.01),1
601633.SH,长城汽车,G06Q30/0202(2023.01);G06F18/25(2023.01),1
601633.SH,长城汽车,B60L58/10(2019.01);B60L58/12(2019.01);B60L58/16(2019.01),1
601633.SH,长城汽车,B62D21/02(2006.01);B62D25/20(2006.01);B62D25/16(2006.01);B62D25/08(2006.01),1
601633.SH,长城汽车,F16F15/31(2006.01);F16F15/30(2006.01),1
601633.SH,长城汽车,B62D21/02(2006.01);B62D21/09(2006.01);B60G7/00(2006.01);B60G21/055(2006.01),1
601633.SH,长城汽车,B62D1/16(2006.01),1
601633.SH,长城汽车,B60Q1/26(2006.01);B60Q3/267(2017.01);B60Q3/80(2017.01),1
601633.SH,长城汽车,H01H9/02(2006.01);H01H9/04(2006.01),1
601633.SH,长城汽车,E05D3/02(2006.01);E05D7/04(2006.01);E05D5/06(2006.01);E05D5/00(2006.01);E05D11/00(2006.01);B62D25/02(2006.01);B60J5/04(2006.01),1
601633.SH,长城汽车,H04N23/74(2023.01);H04N23/56(2023.01),1
601633.SH,长城汽车,B60J10/84(2016.01);B60J5/10(2006.01);E05B83/18(2014.01);E05B79/02(2014.01),1
601633.SH,长城汽车,B60G17/015(2006.01);B60G17/018(2006.01),1
601633.SH,长城汽车,F02M35/024(2006.01);F02M35/08(2006.01);F02M35/02(2006.01),1
601633.SH,长城汽车,B60R16/023(2006.01);B60N2/28(2006.01);B60N2/90(2018.01);E05B77/26(2014.01),1
601633.SH,长城汽车,F25B43/00(2006.01);F25B30/02(2006.01);F25B41/34(2021.01);B60H1/00(2006.01),1
601633.SH,长城汽车,B60R1/22(2022.01);B60R1/12(2006.01);B60R16/023(2006.01);B60W50/14(2020.01);B60W40/02(2006.01);B60W30/06(2006.01),1
601633.SH,长城汽车,A63F13/52(2014.01);A63F13/42(2014.01);G06T13/40(2011.01),1
601633.SH,长城汽车,F16H48/20(2012.01);F16H48/38(2012.01),1
601633.SH,长城汽车,B60R3/00(2006.01);B60R3/02(2006.01),1
601633.SH,长城汽车,B60K11/02(2006.01);B60K11/04(2006.01);B60K1/00(2006.01),1
601633.SH,长城汽车,B62D6/00(2006.01);B62D15/02(2006.01);B60W30/18(2012.01);B60W40/06(2012.01);B60W40/10(2012.01);B60W40/105(2012.01);B60W50/00(2006.01);G01L5/00(2006.01);G01B21/22(2006.01);B62D101/00(2006.01);B62D113/00(2006.01);B62D137/00(2006.01),1
601633.SH,长城汽车,B60W20/15(2016.01);B60W20/20(2016.01);B60W10/06(2006.01),1
601633.SH,长城汽车,F01P7/16(2006.01);F01P7/08(2006.01),1
601633.SH,长城汽车,B60R16/023(2006.01);H04L67/12(2022.01);H04L67/125(2022.01),1
601633.SH,长城汽车,F21V13/10(2006.01); F21W101/10(2006.01); F21Y101/02(2006.01),1
601633.SH,长城汽车,G06T7/80(2017.01);G06T7/70(2017.01),1
601633.SH,长城汽车,B62D25/02(2006.01),1
601633.SH,长城汽车,G06F12/02(2006.01); G06F3/06(2006.01),1
601633.SH,长城汽车,F16H63/36(2006.01),1
601633.SH,长城汽车,B01L3/00(2006.01);G01R31/00(2006.01);G01R31/54(2020.01),1
601633.SH,长城汽车,B60R1/22(2022.01);B60R1/12(2006.01);B60R16/023(2006.01);B60W50/14(2020.01);B60W40/02(2006.01);B60W30/18(2012.01),1
601633.SH,长城汽车,B60R1/22(2022.01);B60R1/12(2006.01);B60R16/023(2006.01);B60W30/18(2012.01);B60W50/14(2020.01);B60W40/02(2006.01),1
601633.SH,长城汽车,B62D25/12(2006.01); B60R21/34(2011.01),1
601633.SH,长城汽车,B60D1/24(2006.01);B60D1/36(2006.01),1
601633.SH,长城汽车,A63F13/803(2014.01);A63F13/53(2014.01);A63F13/26(2014.01);A63F13/21(2014.01),1
601633.SH,长城汽车,H02N15/00(2006.01);H02K11/21(2016.01);G05F7/00(2006.01),1
601633.SH,长城汽车,B60R1/22(2022.01),1
601633.SH,长城汽车,B60J5/04(2006.01),1
601633.SH,长城汽车,F16H61/00(2006.01);F16H61/32(2006.01);F16H63/30(2006.01);F16H63/32(2006.01);F16H63/40(2006.01),1
601633.SH,长城汽车,B60H1/04(2006.01);B60K11/02(2006.01);B60L58/26(2019.01);B60L58/27(2019.01),1
601633.SH,长城汽车,F02F1/14(2006.01); F02F1/40(2006.01); F02F11/00(2006.01); F01M5/00(2006.01),1
601633.SH,长城汽车,B60T17/22(2006.01),1
601633.SH,长城汽车,G06V20/54(2022.01);G06V10/25(2022.01);G06F9/48(2006.01);G06F9/50(2006.01),1
601633.SH,长城汽车,B60W30/18(2012.01);B60W10/192(2012.01);B60W10/20(2006.01),1
601633.SH,长城汽车,B60W30/06(2006.01);B60W40/10(2012.01);B60W40/105(2012.01);B60W40/00(2006.01),1
601633.SH,长城汽车,B25B11/00(2006.01),1
601633.SH,长城汽车,B60W10/06(2006.01);B60W10/119(2012.01);B60W50/00(2006.01);B60W50/02(2012.01),1
601633.SH,长城汽车,F01P7/16(2006.01); B60H1/04(2006.01),1
601633.SH,长城汽车,B60K13/04(2006.01);F16F15/04(2006.01);F16F15/08(2006.01),1
601633.SH,长城汽车,B62D25/00(2006.01);B62D25/02(2006.01);B62D25/14(2006.01);B62D25/06(2006.01),1
601633.SH,长城汽车,G10L13/08(2013.01);G10L13/02(2013.01);H04L67/12(2022.01);G10L15/06(2013.01);G10L15/18(2013.01);G10L15/22(2006.01);H04W4/40(2018.01);G06F3/16(2006.01),1
601633.SH,长城汽车,B60R22/48(2006.01);B60R16/023(2006.01),1
601633.SH,长城汽车,B60S1/66(2006.01);B62D25/16(2006.01),1
601633.SH,长城汽车,H05K7/12(2006.01); H05K7/02(2006.01); G05D27/02(2006.01),1
601633.SH,长城汽车,F16H61/16(2006.01);F16H61/18(2006.01);F16H59/44(2006.01);F16H59/46(2006.01);F16H59/66(2006.01);F16H59/68(2006.01);F16H59/36(2006.01);B60L15/20(2006.01);B60L15/32(2006.01),1
601633.SH,长城汽车,B62D21/02(2006.01);B62D21/15(2006.01),1
601633.SH,长城汽车,B60R16/023(2006.01);B62D3/12(2006.01),1
601633.SH,长城汽车,B60R21/015(2006.01);B60R21/01(2006.01);B60H1/00(2006.01);B60R16/023(2006.01),1
601633.SH,长城汽车,G01N3/38(2006.01),1
601633.SH,长城汽车,G08G1/0967(2006.01),1
601633.SH,长城汽车,B65H54/54(2006.01); B65H57/14(2006.01); B65H61/00(2006.01),1
601668.SH,中国建筑,C09D133/04(2006.01); C09D5/16(2006.01); C09D5/32(2006.01); C09D5/33(2006.01); C09D7/12(2006.01),1
601857.SH,中国石油,E21B43/22(2006.01),5
601857.SH,中国石油,E21B43/30(2006.01),4
601857.SH,中国石油,E21B33/03(2006.01),4
601857.SH,中国石油,B01J29/85(2006.01);C10G11/05(2006.01),3
601857.SH,中国石油,B01J29/80(2006.01);C10G11/05(2006.01),2
601857.SH,中国石油,E21B43/26(2006.01),2
601857.SH,中国石油,E21B47/00(2012.01),2
601857.SH,中国石油,B01J8/18(2006.01);B01J8/24(2006.01);C10G11/00(2006.01),2
601857.SH,中国石油,B25B27/02(2006.01),2
601857.SH,中国石油,G01N33/00(2006.01),2
601857.SH,中国石油,E21B37/02(2006.01),2
601857.SH,中国石油,B25B27/14(2006.01),2
601857.SH,中国石油,F16B19/02(2006.01); E21B43/00(2006.01),2
601857.SH,中国石油,E21B49/00(2006.01),2
601857.SH,中国石油,E21B23/00(2006.01),2
601857.SH,中国石油,E21B43/00(2006.01),2
601857.SH,中国石油,E21B33/126(2006.01),2
601857.SH,中国石油,E21B33/13(2006.01),2
601857.SH,中国石油,E21B37/02(2006.01);E21B37/04(2006.01);E21B47/08(2012.01),1
601857.SH,中国石油,E21B43/12(2006.01);G06F30/20(2020.01);G06F119/14(2020.01),1
601857.SH,中国石油,H02J3/18(2006.01); H02J3/01(2006.01); H02B15/00(2006.01),1
601857.SH,中国石油,B01D29/01(2006.01);B01D29/68(2006.01);C10L3/10(2006.01),1
601857.SH,中国石油,G01N33/24(2006.01);G01N13/04(2006.01),1
601857.SH,中国石油,C10M169/04(2006.01);C10N30/12(2006.01),1
601857.SH,中国石油,B01J21/04(2006.01);B01J23/04(2006.01);B01J23/10(2006.01);B01J23/755(2006.01);B01J23/78(2006.01);B01J23/83(2006.01);B01J35/30(2024.01);B01J35/50(2024.01);C07C5/09(2006.01);C07C15/46(2006.01),1
601857.SH,中国石油,G01N23/046(2018.01),1
601857.SH,中国石油,E21B36/04(2006.01);G05D23/20(2006.01);H05B6/06(2006.01),1
601857.SH,中国石油,C02F9/00(2023.01);C02F1/72(2023.01);C02F1/52(2023.01);C02F5/08(2023.01);C02F1/66(2023.01);C02F1/44(2023.01);C02F103/10(2006.01),1
601857.SH,中国石油,B01J6/00(2006.01);C10G21/14(2006.01);G01K13/00(2021.01);G01K1/02(2021.01),1
601857.SH,中国石油,C01B39/04(2006.01);B01J29/74(2006.01);B01J37/02(2006.01);B01J37/08(2006.01);C10M109/02(2006.01);C10M177/00(2006.01),1
601857.SH,中国石油,G01N21/84(2006.01),1
601857.SH,中国石油,C09K8/24(2006.01);C09K8/03(2006.01);C09K8/035(2006.01);E21B21/01(2006.01);E21B21/06(2006.01),1
601857.SH,中国石油,G06F30/28(2020.01);G06F17/11(2006.01);G06F113/08(2020.01);G06F119/14(2020.01),1
601857.SH,中国石油,B01F33/82(2022.01);B01F33/80(2022.01);B01F35/92(2022.01);B01F35/21(2022.01);B01F25/40(2022.01);B01F25/50(2022.01);B01F23/10(2022.01);B01F23/80(2022.01);B01J19/18(2006.01);C08F2/01(2006.01);C08F210/16(2006.01);C08F210/06(2006.01);C08F210/08(2006.01);C08F210/14(2006.01),1
601857.SH,中国石油,C09K8/584(2006.01);E21B43/22(2006.01);E21B43/20(2006.01);C09K8/60(2006.01);C09K8/524(2006.01);C09K8/528(2006.01),1
601857.SH,中国石油,B01D53/50(2006.01);C10G11/00(2006.01);B01D53/81(2006.01),1
601857.SH,中国石油,E21B49/08(2006.01),1
601857.SH,中国石油,C01B3/0015(2026.01);C01B3/02(2026.01);C01B3/26(2006.01);C07C5/10(2006.01);C07C13/50(2006.01);C07C5/11(2006.01);C07C13/48(2006.01),1
601857.SH,中国石油,B01J23/889(2006.01);C10G45/12(2006.01);C10G45/08(2006.01),1
601857.SH,中国石油,B01J33/00(2006.01);C10G11/02(2006.01),1
601857.SH,中国石油,E21B31/16(2006.01); E21B31/18(2006.01),1
601857.SH,中国石油,G01V1/30(2006.01);G01V1/36(2006.01);G01V1/40(2006.01),1
601857.SH,中国石油,C10G53/04(2006.01),1
601857.SH,中国石油,F23C10/22(2006.01);E21B43/243(2006.01);B01D53/18(2006.01);B01D53/14(2006.01);C10L3/10(2006.01);F23C10/20(2006.01);F23C10/28(2006.01),1
601857.SH,中国石油,B01J27/135(2006.01);B01J27/138(2006.01);C07C5/333(2006.01);C07C11/06(2006.01),1
601857.SH,中国石油,C10G67/02(2006.01),1
601857.SH,中国石油,G01N5/00(2006.01);G01N5/04(2006.01);G01N9/36(2006.01);G01N9/04(2006.01),1
601857.SH,中国石油,C10G67/02(2006.01);C10M177/00(2006.01);C10M101/02(2006.01);C10N20/02(2006.01),1
601857.SH,中国石油,G16C20/20(2019.01);G16C20/70(2019.01);G16C20/90(2019.01),1
601857.SH,中国石油,B01J23/889(2006.01);B01J32/00(2006.01);C10G45/08(2006.01);C10G45/38(2006.01),1
601857.SH,中国石油,C10M167/00(2006.01);C10M169/04(2006.01);C10N40/25(2006.01);C10N30/04(2006.01);C10N30/10(2006.01);C10N30/06(2006.01);C10N30/18(2006.01);C10N30/12(2006.01),1
601857.SH,中国石油,C08F10/00(2006.01);C08F110/06(2006.01);C08F4/649(2006.01);C08F4/646(2006.01),1
601857.SH,中国石油,E01H10/00(2006.01),1
601857.SH,中国石油,E21B43/243(2006.01),1
601857.SH,中国石油,H02K15/00(2006.01),1
601857.SH,中国石油,E21B19/00(2006.01);E21B19/06(2006.01);E21B19/084(2006.01),1
601857.SH,中国石油,C10M137/12(2006.01);C10M133/06(2006.01);C07F9/40(2006.01);C07C209/00(2006.01);C07C211/07(2006.01);C10N30/06(2006.01);C10N30/10(2006.01);C10N30/12(2006.01),1
601857.SH,中国石油,B01J23/89(2006.01);B01J35/61(2024.01);B01J35/63(2024.01);C07C5/09(2006.01);C07C11/167(2006.01);B01J32/00(2006.01),1
601857.SH,中国石油,C08F10/02(2006.01);C08F110/02(2006.01);C08F210/16(2006.01);C08F210/14(2006.01);C08F2/34(2006.01);C08F4/69(2006.01);C08F4/02(2006.01),1
601857.SH,中国石油,B01D53/22(2006.01);C01B32/50(2017.01);B01D53/047(2006.01),1
601857.SH,中国石油,B01J29/08(2006.01),1
601857.SH,中国石油,B01J20/18(2006.01);B01J20/30(2006.01);B01D53/02(2006.01);C01B39/38(2006.01),1
601857.SH,中国石油,B01J29/48(2006.01);B01J37/02(2006.01);B01J37/03(2006.01);B01J37/10(2006.01);B01J35/61(2024.01);B01J35/63(2024.01);B01J35/64(2024.01);B01J35/40(2024.01);C10G2/00(2006.01);C10G45/68(2006.01),1
601857.SH,中国石油,C02F1/04(2023.01);C02F101/30(2006.01),1
601857.SH,中国石油,E21B43/14(2006.01);E21B47/00(2012.01);G06F17/11(2006.01),1
601857.SH,中国石油,C23F13/04(2006.01);C23F13/20(2006.01);C23F13/22(2006.01),1
601857.SH,中国石油,B01J29/08(2006.01);C10G11/05(2006.01),1
601857.SH,中国石油,F04B53/02(2006.01),1
601857.SH,中国石油,E21B43/24(2006.01);E21B49/00(2006.01),1
601857.SH,中国石油,E21B17/04(2006.01);E21B43/00(2006.01),1
601857.SH,中国石油,B01J23/89(2006.01);B01J35/69(2024.01);B01J35/64(2024.01);B01J37/02(2006.01);B01J37/08(2006.01);B01J37/18(2006.01);C07C7/167(2006.01);C07C11/04(2006.01),1
601857.SH,中国石油,G01N1/28(2006.01);G01N1/38(2006.01);G01N1/44(2006.01),1
601857.SH,中国石油,G06F16/2455(2019.01);G01N33/28(2006.01);G06F18/22(2023.01);G06F18/24(2023.01),1
601857.SH,中国石油,B01J31/18(2006.01);C10G47/16(2006.01);B01J35/61(2024.01);B01J35/63(2024.01);B01J35/64(2024.01),1
601857.SH,中国石油,B26D1/06(2006.01); B26D5/10(2006.01); B26D7/26(2006.01),1
601857.SH,中国石油,G01V1/30(2006.01);G01V1/28(2006.01);G01V1/40(2006.01),1
601857.SH,中国石油,E21B29/10(2006.01);E21B33/10(2006.01);E21B37/00(2006.01);B05D7/22(2006.01);B05D7/24(2006.01);B05D1/38(2006.01);C09D163/00(2006.01);C09D7/65(2018.01);C09D7/63(2018.01);C09J167/06(2006.01),1
601857.SH,中国石油,C10G11/05(2006.01);C10G11/18(2006.01);B01J29/08(2006.01),1
601857.SH,中国石油,E21B47/005(2012.01),1
601857.SH,中国石油,C10G69/06(2006.01),1
601857.SH,中国石油,B01J29/80(2006.01);C10G11/05(2006.01);B01J37/30(2006.01);B01J35/61(2024.01);B01J35/40(2024.01);B01J35/50(2024.01);B01J37/03(2006.01);B01J37/10(2006.01);B01J29/40(2006.01);B01J29/08(2006.01);B01J29/70(2006.01),1
601857.SH,中国石油,B01J29/40(2006.01);B01J29/46(2006.01);B01J29/48(2006.01);C07C4/06(2006.01);C07C11/04(2006.01);C07C11/06(2006.01),1
601857.SH,中国石油,C09K8/80(2006.01);C09K8/52(2006.01);C08G83/00(2006.01),1
601857.SH,中国石油,H01R4/66(2006.01);H01R43/00(2006.01),1
601857.SH,中国石油,H02B1/56(2006.01); H02B1/28(2006.01); H02B1/30(2006.01),1
601857.SH,中国石油,B01D53/22(2006.01);C01B23/00(2006.01);B01D53/26(2006.01),1
601857.SH,中国石油,C07C215/08(2006.01);C07C213/04(2006.01);B01D53/48(2006.01);B01D53/52(2006.01);B01D53/78(2006.01);C10L3/10(2006.01),1
601857.SH,中国石油,C02F9/00(2023.01);C02F1/78(2023.01);C02F1/72(2023.01);C02F1/66(2023.01);C02F103/10(2006.01),1
601857.SH,中国石油,C07C323/37(2006.01);C08K5/375(2006.01);C08L23/20(2025.01),1
601857.SH,中国石油,B01J31/06(2006.01);B01J23/89(2006.01);B01J27/045(2006.01);B01J37/08(2006.01);B01J35/33(2024.01);B01J35/31(2024.01);B01J35/61(2024.01);B01J35/40(2024.01);C08F8/04(2006.01);C08F236/12(2006.01),1
601857.SH,中国石油,G01N1/28(2006.01);G01N23/20008(2018.01),1
601857.SH,中国石油,E21B43/16(2006.01);E21B43/22(2006.01);B01F33/82(2022.01);B01F25/20(2022.01);B01F27/90(2022.01);B01F23/20(2022.01),1
601857.SH,中国石油,B01J21/10(2006.01);C10G11/04(2006.01);C10G11/05(2006.01);B01J29/08(2006.01);B01J29/80(2006.01);B01J29/40(2006.01),1
601857.SH,中国石油,E21B33/122(2006.01);E21B34/14(2006.01);E21B41/00(2006.01),1
601857.SH,中国石油,B01D71/06(2006.01);B01D69/12(2006.01);B01D67/00(2006.01);C08G83/00(2006.01);B01D53/22(2006.01),1
601857.SH,中国石油,E21B37/06(2006.01),1
601857.SH,中国石油,G06Q50/06(2024.01);G06Q10/04(2023.01);G06F30/20(2020.01);G06F17/18(2006.01);G06F17/11(2006.01),1
601857.SH,中国石油,C08F292/00(2006.01);E21B43/22(2006.01);C08F220/58(2006.01);C08F220/60(2006.01);C08F8/42(2006.01);C09K8/588(2006.01);C09K8/594(2006.01),1
601857.SH,中国石油,E21F17/16(2006.01);E21B43/00(2006.01),1
601857.SH,中国石油,E21B49/00(2006.01);E21B47/00(2012.01);G01N33/00(2006.01),1
601857.SH,中国石油,G06T7/62(2017.01);G06T7/90(2017.01);G06T7/155(2017.01);G06T7/00(2017.01);G01N21/84(2006.01);G01N15/02(2024.01);G01N15/0227(2024.01),1
601857.SH,中国石油,E21B43/20(2006.01);E21B49/00(2006.01);E21B43/22(2006.01),1
601857.SH,中国石油,B01J21/12(2006.01);B01J23/02(2006.01);B01J35/00(2024.01);E21B43/295(2006.01),1
601857.SH,中国石油,E21B37/02(2006.01); E21B47/00(2012.01),1
601857.SH,中国石油,G01D21/02(2006.01);G01D11/00(2006.01);G01B17/02(2006.01);G08B21/24(2006.01),1
601857.SH,中国石油,C10G1/10(2006.01);C10G45/02(2006.01),1
601857.SH,中国石油,G01N3/08(2006.01);G01N33/24(2006.01);G01V11/00(2006.01);G06Q10/0639(2023.01);G06Q50/02(2024.01),1
601857.SH,中国石油,C10G11/18(2006.01),1
601857.SH,中国石油,E21B43/14(2006.01);E21B43/22(2006.01);E21B43/20(2006.01);E21B33/04(2006.01);E21B17/00(2006.01);E21B34/06(2006.01);E21B34/08(2006.01);E21B34/16(2006.01);E21B47/06(2012.01);E21B47/00(2012.01),1
601857.SH,中国石油,G06F30/20(2020.01);E21B49/00(2006.01);E21B47/00(2012.01);G06F111/06(2020.01);G06F113/14(2020.01);G06F119/14(2020.01),1
601857.SH,中国石油,C10G25/00(2006.01);C10G25/12(2006.01),1
601857.SH,中国石油,E21B47/10(2012.01),1
601857.SH,中国石油,B01J23/75(2006.01);B01J37/02(2006.01);C07C1/04(2006.01),1
601857.SH,中国石油,C23F13/22(2006.01);C23F13/06(2006.01);C23F13/04(2006.01),1
601857.SH,中国石油,B01J27/057(2006.01);C07C51/215(2006.01);C07C57/04(2006.01);B01J8/02(2006.01);C01G53/82(2025.01),1
601857.SH,中国石油,B01D53/18(2006.01);B01D53/14(2006.01),1
601857.SH,中国石油,G01V1/30(2006.01);G01V1/40(2006.01),1
601857.SH,中国石油,G06Q10/0639(2023.01);G06Q50/06(2024.01),1
601857.SH,中国石油,G01V1/28(2006.01),1
601857.SH,中国石油,C08L77/06(2006.01);C08L51/06(2006.01);C08K3/36(2006.01);C08K3/34(2006.01);C08K3/24(2006.01);C08G69/26(2006.01);C08G69/28(2006.01),1
601857.SH,中国石油,G05B13/04(2006.01);E21B47/009(2012.01);E21B43/00(2006.01),1
601857.SH,中国石油,H04W4/38(2018.01);H04W72/23(2023.01);H04L5/00(2006.01);E21B47/13(2012.01);E21B43/20(2006.01),1
601857.SH,中国石油,C08F265/10(2006.01);H01M50/417(2021.01);H01M50/423(2021.01);H01M50/489(2021.01);H01M10/42(2006.01);C08F210/02(2006.01);C08F220/56(2006.01);C08F236/14(2006.01);C08F285/00(2006.01);C08F210/06(2006.01);H01G4/33(2006.01);H01G4/002(2006.01),1
601857.SH,中国石油,E21B47/00(2012.01);G06F30/13(2020.01);G06F30/20(2020.01),1
601857.SH,中国石油,E21B29/00(2006.01);E21B27/00(2006.01);E21B41/00(2006.01);E21B17/02(2006.01),1
601857.SH,中国石油,G01N35/10(2006.01),1
601857.SH,中国石油,G06V10/774(2022.01);G06V10/764(2022.01);G06V10/82(2022.01);G06N3/0464(2023.01);G06N3/08(2023.01),1
601857.SH,中国石油,C07F17/00(2006.01);C08F10/00(2006.01);C08F110/14(2006.01);C08F4/6592(2006.01),1
601857.SH,中国石油,C02F11/00(2006.01);C02F101/10(2006.01);C02F101/20(2006.01);C02F103/10(2006.01),1
601857.SH,中国石油,B08B9/027(2006.01);B08B3/10(2006.01),1
601857.SH,中国石油,E21B49/00(2006.01);E21B47/00(2012.01);G06F30/20(2020.01),1
601857.SH,中国石油,G06F30/27(2020.01);E21B43/20(2006.01);G06N3/126(2023.01);G06Q50/02(2012.01);G06F111/10(2020.01);G06F111/08(2020.01),1
601857.SH,中国石油,E21F17/16(2006.01);E21F17/18(2006.01);E21F17/00(2006.01),1
601857.SH,中国石油,G01F23/42(2006.01),1
601857.SH,中国石油,B01F13/10(2006.01); B01F5/06(2006.01); E21B43/24(2006.01),1
601857.SH,中国石油,C07C45/84(2006.01); C07C49/08(2006.01); C07C49/04(2006.01),1
601857.SH,中国石油,C02F1/461(2023.01);C02F1/72(2023.01);B01D53/78(2006.01);B01D53/68(2006.01);C02F103/10(2006.01);C02F101/12(2006.01),1
601857.SH,中国石油,C07C211/63(2006.01);C08F220/56(2006.01);C08F226/02(2006.01);C07C209/12(2006.01);C02F1/56(2023.01);C02F101/38(2006.01);C02F103/18(2006.01),1
601857.SH,中国石油,E21B43/00(2006.01);E21B34/08(2006.01);E21B41/00(2006.01);E21B36/04(2006.01),1
601857.SH,中国石油,C08L33/02(2006.01);C08L89/00(2006.01);C08L33/24(2006.01);C08L5/00(2006.01);C08L79/02(2006.01);C08L99/00(2006.01);C08L5/08(2006.01);C08L5/04(2006.01);C08L97/02(2006.01);C08L3/06(2006.01);C08K3/38(2006.01);C08K5/17(2006.01);C08K5/098(2006.01);C08K5/21(2006.01);C08K5/3492(2006.01);C08K3/24(2006.01);C08K13/02(2006.01);C09K8/514(2006.01);C09K8/508(2006.01);C09K8/512(2006.01),1
601857.SH,中国石油,B01J27/057(2006.01);C01G53/40(2025.01);C07C51/215(2006.01);C07C57/04(2006.01);C01B35/12(2006.01),1
601857.SH,中国石油,C08F222/06(2006.01);C08F210/10(2006.01);C08F210/14(2006.01);C09K8/035(2006.01);C09K8/32(2006.01),1
601857.SH,中国石油,G06Q50/02(2012.01);G06F17/10(2006.01),1
601857.SH,中国石油,C08F110/06(2006.01);C08F4/649(2006.01);C08F4/646(2006.01),1
601857.SH,中国石油,E21B43/24(2006.01); E21B47/00(2006.01),1
601857.SH,中国石油,E21B49/00(2006.01);E21B43/27(2006.01),1
601857.SH,中国石油,C23C10/26(2006.01);C23C10/54(2006.01);C23C10/56(2006.01);C23C10/52(2006.01);C23C10/02(2006.01);C10G9/20(2006.01),1
601857.SH,中国石油,G06Q10/04(2023.01);G06N3/0442(2023.01),1
601857.SH,中国石油,C10M169/04(2006.01);C10N40/04(2006.01);C10N40/02(2006.01);C10N30/06(2006.01);C10N30/08(2006.01);C10N30/10(2006.01);C10N30/12(2006.01),1
601857.SH,中国石油,G08C17/02(2006.01); G08C17/04(2006.01),1
601857.SH,中国石油,G06Q10/0631(2023.01);G06Q10/0637(2023.01);G06Q50/06(2012.01);G06Q50/04(2012.01),1
601857.SH,中国石油,G06F30/25(2020.01);G06F30/28(2020.01);G06F113/08(2020.01);G06F119/14(2020.01),1
601857.SH,中国石油,E21B7/04(2006.01);E21B44/00(2006.01);E21B47/022(2012.01),1
601857.SH,中国石油,B01J8/24(2006.01),1
601857.SH,中国石油,C10G67/02(2006.01);C10G67/14(2006.01),1
601857.SH,中国石油,E21B43/00(2006.01);E21B47/00(2012.01);E21B47/07(2012.01);G06Q50/02(2012.01);G06F30/20(2020.01),1
601857.SH,中国石油,B01J23/888(2006.01);C10G45/08(2006.01),1
601857.SH,中国石油,B01D53/26(2006.01);B01D53/28(2006.01);C01B32/50(2017.01),1
601857.SH,中国石油,E04H12/00(2006.01),1
601857.SH,中国石油,B01D53/18(2006.01);B01D5/00(2006.01);F23G7/07(2006.01);B08B9/093(2006.01);F26B21/00(2026.01),1
601857.SH,中国石油,G01N25/20(2006.01),1
601857.SH,中国石油,C08F210/02(2006.01);C08F220/14(2006.01);C08F4/70(2006.01),1
601857.SH,中国石油,B01J29/16(2006.01);C10G47/16(2006.01);B01J29/03(2006.01);B01J35/61(2024.01);B01J35/63(2024.01);B01J35/64(2024.01),1
601857.SH,中国石油,H02H3/08(2006.01),1
601857.SH,中国石油,C08G69/26(2006.01);C08G69/28(2006.01);C08K3/04(2006.01);C08K3/26(2006.01);C08L77/06(2006.01);C08L51/06(2006.01),1
601857.SH,中国石油,C10L3/10(2006.01);C01B17/04(2006.01);B01D5/00(2006.01);F22B33/18(2006.01);F22G5/14(2006.01),1
601857.SH,中国石油,C09K8/20(2006.01);C09K8/24(2006.01),1
601857.SH,中国石油,E21B43/20(2006.01);E21B34/06(2006.01),1
601857.SH,中国石油,C09K8/80(2006.01),1
601857.SH,中国石油,G01N19/04(2006.01),1
601857.SH,中国石油,E21B21/06(2006.01);E21B47/07(2012.01),1
601857.SH,中国石油,C08F110/14(2006.01);C10M107/02(2006.01);C08F4/6592(2006.01),1
601857.SH,中国石油,C10G33/04(2006.01),1
601857.SH,中国石油,G05B19/042(2006.01),1
601857.SH,中国石油,B01J27/185(2006.01);C07C5/09(2006.01);C07C11/04(2006.01),1
601857.SH,中国石油,E21B41/00(2006.01); E21B43/243(2006.01); C10L3/10(2006.01),1
601857.SH,中国石油,G01L13/00(2006.01);C10L3/10(2006.01),1
601857.SH,中国石油,F04C2/10(2006.01);F04C14/28(2006.01);E21B43/12(2006.01);E21B47/00(2012.01),1
601857.SH,中国石油,B01J21/06(2006.01);B01J35/51(2024.01);B01J35/40(2024.01);B01D53/86(2006.01);B01D53/48(2006.01),1
601857.SH,中国石油,C10G45/12(2006.01);C10G45/04(2006.01);C10G45/06(2006.01);C10G45/08(2006.01),1
601857.SH,中国石油,E21B43/20(2006.01);E21B43/22(2006.01);E21B33/13(2006.01);G06F30/20(2020.01),1
601857.SH,中国石油,G01N15/08(2006.01);G01N23/2251(2018.01);G06T7/62(2017.01);G06T3/4038(2024.01),1
601857.SH,中国石油,B01J29/85(2006.01);B01J29/78(2006.01);B01J29/48(2006.01);C10G45/12(2006.01);C10G45/64(2006.01),1
601857.SH,中国石油,H02M1/00(2007.01); H05K5/02(2006.01); H05K7/20(2006.01); H02B1/28(2006.01),1
601857.SH,中国石油,B23K31/02(2006.01); B23K101/06(2006.01),1
601857.SH,中国石油,G16C20/10(2019.01);G16C20/64(2019.01),1
601857.SH,中国石油,G06F30/20(2020.01);G06F30/28(2020.01);G16C20/10(2019.01);G06F113/08(2020.01);G06F119/14(2020.01),1
601857.SH,中国石油,E21B43/26(2006.01);E21B21/01(2006.01);E21B33/12(2006.01);E21B23/00(2006.01);E21B34/14(2006.01),1
601857.SH,中国石油,G01N33/24(2006.01);E21B49/00(2006.01);G06F17/18(2006.01),1
601857.SH,中国石油,C09K8/467(2006.01),1
601857.SH,中国石油,C07F7/02(2006.01);C08G77/04(2006.01),1
601857.SH,中国石油,C08F220/58(2006.01);C08F222/02(2006.01);C08F220/54(2006.01);C08F230/02(2006.01);C09K8/467(2006.01),1
601857.SH,中国石油,B01J23/883(2006.01);C10G45/08(2006.01);B01J37/02(2006.01);B01J35/61(2024.01);B01J35/63(2024.01);B01J35/64(2024.01),1
601857.SH,中国石油,B01J29/80(2006.01);C10G11/05(2006.01);C10G70/00(2006.01),1
601857.SH,中国石油,C09K8/588(2006.01);C09K8/58(2006.01);E21B43/16(2006.01),1
601857.SH,中国石油,G01V1/30(2006.01);G01V1/28(2006.01);E21B49/00(2006.01),1
601857.SH,中国石油,E21B34/02(2006.01),1
601857.SH,中国石油,G01N15/08(2006.01),1
601857.SH,中国石油,G01V1/28(2006.01);G01V1/30(2006.01),1
601857.SH,中国石油,B01J19/18(2006.01);B01J19/00(2006.01),1
601857.SH,中国石油,B01J21/08(2006.01);B01D53/86(2006.01);B01J32/00(2006.01),1
601857.SH,中国石油,E21B23/00(2006.01); E21B33/03(2006.01),1
601857.SH,中国石油,C10M169/04(2006.01);C10N30/06(2006.01);C10N30/10(2006.01);C10N30/14(2006.01);C10N30/12(2006.01);C10N40/04(2006.01),1
601857.SH,中国石油,B01D69/14(2006.01);B01D67/00(2006.01);B01D53/22(2006.01),1
601857.SH,中国石油,A62C31/00(2006.01);A62C31/28(2006.01);F24H1/14(2022.01);F24H9/1818(2022.01),1
601857.SH,中国石油,G01V1/30(2006.01),1
601857.SH,中国石油,C02F1/40(2023.01);C02F1/44(2023.01);C02F1/20(2023.01);C02F103/36(2006.01),1
601857.SH,中国石油,B01D53/78(2006.01); B01D35/02(2006.01),1
601857.SH,中国石油,G01N15/08(2006.01);G01N23/046(2018.01);G01N24/08(2006.01),1
601857.SH,中国石油,G05D1/46(2024.01),1
601857.SH,中国石油,C09K8/58(2006.01);C09K8/584(2006.01),1
601857.SH,中国石油,G01F1/34(2006.01);G01F15/00(2006.01),1
601857.SH,中国石油,G06Q10/063(2023.01);G06Q10/0639(2023.01);G06Q50/06(2012.01);G06F16/22(2019.01);G06F16/2457(2019.01);G06F16/25(2019.01),1
601857.SH,中国石油,E21B33/13(2006.01);G06F30/13(2020.01);E21B43/26(2006.01);E21B49/00(2006.01);G06F119/14(2020.01),1
601857.SH,中国石油,E21B33/13(2006.01);E21B31/00(2006.01);E21B43/26(2006.01),1
601857.SH,中国石油,E21B47/06(2012.01); E21B23/01(2006.01),1
601857.SH,中国石油,E21B43/26(2006.01);E21B47/00(2012.01);E21B49/00(2006.01),1
601857.SH,中国石油,11-02(15),1
601857.SH,中国石油,G06F18/15(2023.01);G06Q50/02(2024.01);G06F18/24(2023.01),1
601857.SH,中国石油,B65D90/54(2006.01);B65D90/22(2006.01),1
601857.SH,中国石油,B01J29/40(2006.01);C10G11/05(2006.01);B01J29/80(2006.01);B01J29/08(2006.01);B01J29/46(2006.01);C07C4/06(2006.01);C07C11/04(2006.01);C07C11/06(2006.01);C07C11/08(2006.01),1
601857.SH,中国石油,G06Q10/10(2023.01);G06Q50/02(2024.01);G06F16/22(2019.01);G06F16/25(2019.01),1
601857.SH,中国石油,E21B33/03(2006.01); E21B33/06(2006.01); E21B43/24(2006.01),1
601857.SH,中国石油,B01J8/26(2006.01);B01J8/18(2006.01);C08F2/01(2006.01);C08F210/16(2006.01);C08F210/08(2006.01);C08F210/14(2006.01),1
601857.SH,中国石油,E21B29/10(2006.01),1
601857.SH,中国石油,E21B43/38(2006.01),1
601857.SH,中国石油,E21B43/12(2006.01);E21B43/26(2006.01);G06F16/2458(2019.01);G06Q10/0639(2023.01);G06T11/23(2026.01);G06F30/28(2020.01);G06F119/14(2020.01);G06F113/08(2020.01),1
601857.SH,中国石油,F04B53/22(2006.01); B25B27/00(2006.01),1
601857.SH,中国石油,C07F9/12(2006.01),1
601857.SH,中国石油,G06Q10/0635(2023.01);G06Q50/02(2012.01),1
601857.SH,中国石油,C12N1/20(2026.01);C09K8/524(2006.01);C12R1/07(2006.01);C12R1/01(2006.01),1
601857.SH,中国石油,B01J23/02(2006.01);B01J35/64(2024.01);B01J35/63(2024.01);B01J35/61(2024.01);C10G1/10(2006.01);C07C4/22(2006.01);C07C15/46(2006.01),1
601857.SH,中国石油,E21B43/14(2006.01);E21B49/00(2006.01),1
601857.SH,中国石油,G01N15/08(2006.01);G06T7/50(2017.01),1
601857.SH,中国石油,G16C20/90(2019.01);B01F23/40(2022.01);G01N33/28(2006.01);G16C20/50(2019.01),1
601857.SH,中国石油,G06F30/20(2020.01);E21C41/24(2006.01);E21B47/00(2012.01);G06Q50/02(2024.01),1
601857.SH,中国石油,E21B43/116(2006.01); E21B43/1185(2006.01); E21B43/27(2006.01),1
601857.SH,中国石油,F16K3/30(2006.01);F16K3/316(2006.01);F16K3/314(2006.01);F16K27/08(2006.01);F16K27/04(2006.01),1
601857.SH,中国石油,C10L3/10(2006.01); B01D45/16(2006.01),1
601857.SH,中国石油,B01J21/04(2006.01);B01J32/00(2006.01);C10G45/04(2006.01),1
601857.SH,中国石油,B65D88/54(2006.01);B65D88/74(2006.01);B65D90/00(2006.01);B65D90/32(2006.01);B65D90/48(2006.01),1
601857.SH,中国石油,E21B49/00(2006.01);E21B43/267(2006.01),1
601857.SH,中国石油,G01N1/28(2006.01);G01N1/38(2006.01);G09B23/40(2006.01),1
601857.SH,中国石油,E21B43/22(2006.01); E21B17/00(2006.01),1
601857.SH,中国石油,C10M169/04(2006.01);C10N40/25(2006.01);C10N30/06(2006.01);C10N30/10(2006.01);C10N30/12(2006.01);C10N30/04(2006.01);C10N30/02(2006.01);C10N30/08(2006.01);C10N30/00(2006.01),1
601857.SH,中国石油,E21B43/24(2006.01);E21B43/22(2006.01);E21B49/00(2006.01);E21B47/00(2012.01),1
601857.SH,中国石油,E21B41/00(2006.01),1
601857.SH,中国石油,G01N3/12(2006.01),1
601857.SH,中国石油,B01J20/26(2006.01);B01J20/28(2006.01);B01J20/30(2006.01);B01D53/04(2006.01);B29B9/00(2006.01);C08J3/12(2006.01);C08L33/14(2006.01);C08K3/36(2006.01),1
601857.SH,中国石油,E21B43/30(2006.01);E21B43/24(2006.01);E21B7/04(2006.01),1
601857.SH,中国石油,B01D29/05(2006.01);B01D35/02(2006.01);B01D35/30(2006.01);B01D29/96(2006.01);B01D61/00(2006.01),1
601857.SH,中国石油,E21B34/14(2006.01),1
601857.SH,中国石油,E21B49/00(2006.01);E21B47/00(2012.01),1
601857.SH,中国石油,B01D9/02(2006.01),1
601857.SH,中国石油,E21B19/18(2006.01),1
601857.SH,中国石油,C04B28/02(2006.01),1
601857.SH,中国石油,C08F110/06(2006.01);C08F4/646(2006.01);C08F4/649(2006.01),1
601857.SH,中国石油,B01D5/00(2006.01); B01D53/00(2006.01); B01D46/10(2006.01); B65D25/00(2006.01),1
601857.SH,中国石油,G06F18/2413(2023.01);G06Q10/063(2023.01);G06Q50/02(2024.01),1
601857.SH,中国石油,E21B33/12(2006.01);E21B33/129(2006.01);E21B33/134(2006.01),1
601857.SH,中国石油,C07C29/48(2006.01);C07C29/50(2006.01);C07C45/33(2006.01);C07C35/08(2006.01);C07C49/403(2006.01),1
601857.SH,中国石油,C07C2/30(2006.01);B01J31/22(2006.01);C07C11/107(2006.01);C07C11/02(2006.01),1
601857.SH,中国石油,C10L1/02(2006.01);B01F23/43(2022.01),1
601857.SH,中国石油,B01J23/89(2006.01);B01J37/02(2006.01);B01J37/18(2006.01);C07C5/09(2006.01);C07C11/04(2006.01),1
601857.SH,中国石油,C08F212/36(2006.01);C08F230/02(2006.01);C08F110/06(2006.01);C08F210/06(2006.01);C08F210/16(2006.01);C08F210/08(2006.01);C08F4/02(2006.01);C08F4/649(2006.01),1
601857.SH,中国石油,B25B27/12(2006.01),1
601857.SH,中国石油,C02F1/52(2006.01);C02F1/40(2006.01);C02F103/10(2006.01),1
601857.SH,中国石油,E21B47/009(2012.01);E21B47/00(2012.01),1
601857.SH,中国石油,E21B10/32(2006.01);E21B10/62(2006.01);E21B10/43(2006.01),1
601857.SH,中国石油,G01N30/02(2006.01); G01N30/06(2006.01),1
601857.SH,中国石油,B01F23/10(2022.01);B01F27/00(2022.01);B01F35/50(2022.01);B01F35/53(2022.01);B01F35/71(2022.01);B01F35/92(2022.01);C08F10/00(2006.01);C08F2/01(2006.01),1
601857.SH,中国石油,E21B43/34(2006.01); C10L3/10(2006.01),1
601857.SH,中国石油,G06F16/2458(2019.01);G06F16/22(2019.01);G06F16/248(2019.01),1
601857.SH,中国石油,G01F23/30(2006.01),1
601857.SH,中国石油,C09K8/584(2006.01);C09K8/035(2006.01);C09K8/22(2006.01),1
601857.SH,中国石油,B66C1/14(2006.01),1
601857.SH,中国石油,C08L51/06(2006.01);C08K9/04(2006.01);C08K9/06(2006.01);C08K3/36(2006.01);C08F255/02(2006.01);C08F255/04(2006.01);C08F212/08(2006.01),1
601857.SH,中国石油,G01N25/02(2006.01);G01N5/04(2006.01),1
601857.SH,中国石油,C09K8/502(2006.01); H02H9/06(2006.01),1
601857.SH,中国石油,E21B43/00(2006.01); E21B43/12(2006.01); E21B33/127(2006.01),1
601857.SH,中国石油,B01D53/78(2006.01);B01D53/86(2006.01);B01D53/52(2006.01);C10K1/34(2006.01);C10K1/10(2006.01);C10L3/10(2006.01),1
601857.SH,中国石油,C10G33/04(2006.01);C10G33/06(2006.01),1
601857.SH,中国石油,C08F210/02(2006.01);C08F230/08(2006.01);C08L23/12(2006.01);C08L23/0892(2025.01);C08F110/06(2006.01),1
601857.SH,中国石油,C08F210/16(2006.01);C08F210/08(2006.01);C08F4/685(2006.01);C08F4/646(2006.01),1
601857.SH,中国石油,C08F10/06(2006.01);C08F4/6592(2006.01),1
601857.SH,中国石油,G01N1/28(2006.01);G01N33/28(2006.01);B01D19/00(2006.01),1
601857.SH,中国石油,E21B47/11(2012.01);E21B49/08(2006.01);E21B21/00(2006.01),1
601857.SH,中国石油,B04C5/12(2006.01);B04C5/04(2006.01),1
601857.SH,中国石油,G01V1/28(2006.01);G01V1/30(2006.01);G06F30/20(2020.01),1
601857.SH,中国石油,G01N7/14(2006.01);G01N1/28(2006.01),1
601857.SH,中国石油,G01N33/00(2006.01);G01N21/84(2006.01),1
601857.SH,中国石油,B01J29/08(2006.01);C10G11/05(2006.01);B01J29/80(2006.01),1
601857.SH,中国石油,H02J3/18(2006.01); H02J3/01(2006.01),1
601857.SH,中国石油,C10G9/36(2006.01);C10B55/00(2006.01),1
601857.SH,中国石油,B01J23/883(2006.01);B01J23/887(2006.01);B01J35/30(2024.01);B01J38/02(2006.01);B01J38/14(2006.01);B01J38/48(2006.01);B01J38/56(2006.01);B01J38/62(2006.01);B01J38/70(2006.01);C10G45/08(2006.01),1
601857.SH,中国石油,E21B47/00(2012.01);E21B43/26(2006.01);E21B33/13(2006.01);G06Q50/02(2012.01);G06F30/20(2020.01),1
601857.SH,中国石油,C04B28/04(2006.01);C09K8/473(2006.01);C09K8/487(2006.01);C09K8/467(2006.01);C04B111/20(2006.01),1
601857.SH,中国石油,B01J27/16(2006.01);C10G11/05(2006.01);B01J27/182(2006.01);B01J21/06(2006.01);B01J21/16(2006.01);B01J21/04(2006.01);B01J21/10(2006.01);B01J23/02(2006.01),1
601857.SH,中国石油,H01G11/86(2013.01);H01G11/24(2013.01);H01G11/30(2013.01);H01G11/34(2013.01);H01M4/04(2006.01);H01M4/587(2010.01);H01M10/052(2010.01);H01M10/0525(2010.01);H01M10/054(2010.01);H01M4/62(2006.01);C02F1/469(2023.01),1
601857.SH,中国石油,E21B43/26(2006.01);E21B43/27(2006.01);E21B43/267(2006.01);E21B33/13(2006.01),1
601857.SH,中国石油,E21B43/00(2006.01);E21B47/008(2012.01),1
601857.SH,中国石油,C08F283/06(2006.01);C09K8/528(2006.01);C08F222/06(2006.01);C08F220/06(2006.01);C08F220/58(2006.01);C08F226/02(2006.01),1
601857.SH,中国石油,E21B43/00(2006.01);E21B43/12(2006.01);E21B43/25(2006.01);E21B37/00(2006.01),1
601857.SH,中国石油,E21B33/12(2006.01);E21B17/02(2006.01),1
601857.SH,中国石油,B04C5/26(2006.01);B01D46/02(2006.01);F26B17/10(2006.01);F26B21/00(2026.01);F26B21/40(2026.01);F26B21/35(2026.01);F26B21/37(2026.01),1
601857.SH,中国石油,B01D46/12(2022.01);B01D46/00(2022.01);G01N1/10(2006.01);G01N1/34(2006.01);G01N1/28(2006.01);G01N15/00(2024.01),1
601857.SH,中国石油,G01N24/08(2006.01);G06F17/10(2006.01),1
601857.SH,中国石油,E21B47/092(2012.01);E21B47/0228(2012.01);E21B7/04(2006.01);G01V3/26(2006.01),1
601857.SH,中国石油,E21B49/00(2006.01);E21B43/26(2006.01);G06F30/28(2020.01);G06Q50/02(2024.01),1
601857.SH,中国石油,C08F285/00(2006.01);A61K47/32(2006.01);A61K9/107(2006.01);A61P35/00(2006.01);C08F220/28(2006.01),1
601857.SH,中国石油,E21B33/04(2006.01),1
601857.SH,中国石油,B01J29/40(2006.01);C10G11/05(2006.01);C10G70/00(2006.01),1
601857.SH,中国石油,C07C381/00(2006.01);A01N41/02(2006.01);C02F1/50(2006.01);C09K8/54(2006.01);A01P1/00(2006.01),1
601857.SH,中国石油,F23M5/08(2006.01),1
601857.SH,中国石油,C08F10/00(2006.01);C08F110/06(2006.01);C08F4/6592(2006.01);C08F4/02(2006.01),1
601857.SH,中国石油,F04D25/04(2006.01);F25D17/02(2006.01);C10L3/10(2006.01);C10G5/06(2006.01);C10G5/00(2006.01);F01K27/00(2006.01);F04B39/06(2006.01),1
601857.SH,中国石油,G06F30/13(2020.01);G06F30/20(2020.01);G06F119/02(2020.01);G06F119/14(2020.01),1
601857.SH,中国石油,E21B43/26(2006.01);E21B47/00(2012.01);E21B47/06(2012.01),1
601857.SH,中国石油,C02F9/00(2023.01);C02F1/00(2023.01);C02F1/04(2023.01);C02F1/44(2023.01);B01D25/12(2006.01);C02F101/10(2006.01),1
601857.SH,中国石油,C08F212/36(2006.01);C08F216/20(2006.01);C08F216/14(2006.01);C08F110/06(2006.01);C08F210/06(2006.01);C08F210/16(2006.01);C08F4/02(2006.01);C08F4/649(2006.01),1
601857.SH,中国石油,E21B17/00(2006.01); E21B17/04(2006.01),1
601857.SH,中国石油,G01N1/28(2006.01);G01N33/00(2006.01),1
601857.SH,中国石油,E21B33/129(2006.01),1
601857.SH,中国石油,E21B19/02(2006.01)I;E21B43/00(2006.01)I,1
601857.SH,中国石油,G01F23/44(2006.01),1
601857.SH,中国石油,B01J8/26(2006.01);B01J8/18(2006.01);B01D53/04(2006.01);C07F17/00(2006.01),1
601857.SH,中国石油,C07F9/40(2006.01);C08K5/524(2006.01);C08L23/20(2025.01),1
601857.SH,中国石油,C08F220/56(2006.01);C08F220/58(2006.01);C08F220/06(2006.01);C08F222/06(2006.01);C08F226/08(2006.01);C08F216/04(2006.01);C09K8/035(2006.01),1
601857.SH,中国石油,B01J20/14(2006.01);B01J20/30(2006.01);C02F1/28(2006.01);B01D15/08(2006.01);C02F101/10(2006.01),1
601857.SH,中国石油,G06F16/24(2019.01);G01N33/28(2006.01);G01N21/3577(2014.01);G01N21/359(2014.01);G01N21/65(2006.01);G01N24/08(2006.01),1
601857.SH,中国石油,G06Q50/02(2024.01);G06Q10/0639(2023.01),1
601857.SH,中国石油,E21B19/02(2006.01); E21B19/06(2006.01),1
601857.SH,中国石油,H01B7/20(2006.01); H01B7/29(2006.01); E21B47/07(2012.01),1
601857.SH,中国石油,G16C20/20(2019.01),1
601857.SH,中国石油,C09K8/528(2006.01);C09K8/68(2006.01);C09K8/88(2006.01);E21B43/26(2006.01);C08F220/06(2006.01);C08F220/58(2006.01);C08F226/02(2006.01),1
601857.SH,中国石油,E21B43/24(2006.01); E21B33/13(2006.01); E21B43/17(2006.01); E21B43/30(2006.01),1
601857.SH,中国石油,C10M163/00(2006.01);C10M159/20(2006.01);C10M159/22(2006.01);C10M159/24(2006.01);C10M177/00(2006.01);C10N30/04(2006.01),1
601857.SH,中国石油,C08F210/16(2006.01);C08F110/02(2006.01);C08F210/08(2006.01);C08F2/00(2006.01);C08F2/38(2006.01);C08J5/18(2006.01);C08L23/08(2025.01);C08L23/0807(2025.01);C08L23/06(2006.01),1
601857.SH,中国石油,C01B39/00(2006.01);C01B37/00(2006.01),1
601857.SH,中国石油,E21B34/02(2006.01); E21B37/06(2006.01); E21B41/02(2006.01); E21B43/22(2006.01),1
601857.SH,中国石油,F16H7/08(2006.01),1
601857.SH,中国石油,G01V1/28(2006.01);G01V1/30(2006.01);G01V1/48(2006.01);G01V1/50(2006.01),1
601857.SH,中国石油,B60L53/60(2019.01);B60L53/16(2019.01),1
601857.SH,中国石油,C08F10/00(2006.01);C08F110/06(2006.01);C08F210/06(2006.01);C08F4/649(2006.01);H01M50/409(2021.01);H01M50/414(2021.01);H01M50/417(2021.01);H01M50/403(2021.01),1
601857.SH,中国石油,C08L25/12(2006.01);C08L55/02(2006.01);C08K5/42(2006.01);C08K5/17(2006.01);C08F279/02(2006.01);C08F220/56(2006.01);C08F212/10(2006.01);C08F220/44(2006.01);A42B3/00(2006.01),1
601857.SH,中国石油,C09K8/524(2006.01)I,1
601857.SH,中国石油,B09C1/10(2006.01);B09C1/08(2006.01),1
601857.SH,中国石油,E21B33/13(2006.01); E21B43/22(2006.01),1
601857.SH,中国石油,G06Q10/04(2023.01);G06Q50/02(2012.01);G06Q10/063(2023.01),1
601857.SH,中国石油,B01D53/78(2006.01); B01D53/50(2006.01); B01D46/02(2006.01); B01D53/96(2006.01); B01D53/48(2006.01); F23J15/02(2006.01),1
601857.SH,中国石油,E21B47/00(2012.01);E21B49/00(2006.01);E21B44/00(2006.01);G06F30/27(2020.01);G06N20/00(2019.01);G06F18/23213(2023.01),1
601857.SH,中国石油,C10M169/00(2006.01);C10N30/02(2006.01);C10N30/04(2006.01);C10N30/10(2006.01);C10N30/12(2006.01);C10N40/32(2006.01),1
601857.SH,中国石油,C08G59/64(2006.01);C04B24/28(2006.01);C04B28/00(2006.01);C08G59/14(2006.01),1
601857.SH,中国石油,G06F30/20(2020.01);E21B49/00(2006.01);G06F119/14(2020.01),1
601857.SH,中国石油,C07C217/08(2006.01);C07C213/00(2006.01);C07C51/41(2006.01);C07C53/126(2006.01);C09K8/584(2006.01);C08G65/333(2006.01);C08G65/332(2006.01),1
601857.SH,中国石油,C07F15/00(2006.01);B01J31/22(2006.01);C07C1/213(2006.01);C07C11/02(2006.01);C07C67/333(2006.01);C07C69/533(2006.01);C07C69/593(2006.01);C07D207/48(2006.01);C07D211/96(2006.01);C07D223/04(2006.01);C07C41/30(2006.01);C07C43/215(2006.01),1
601857.SH,中国石油,C10G45/06(2006.01)I,1
601857.SH,中国石油,C02F9/00(2023.01);C02F1/24(2023.01);C02F1/28(2023.01);C02F1/72(2023.01);C02F1/44(2023.01);C02F1/04(2023.01);C02F1/56(2023.01);C02F7/00(2006.01);C02F1/52(2023.01);C02F5/08(2023.01);C02F101/30(2006.01),1
601857.SH,中国石油,C08F212/36(2006.01);C08F212/14(2006.01);C08F110/06(2006.01);C08F210/06(2006.01);C08F210/16(2006.01);C08F210/08(2006.01);C08F4/02(2006.01);C08F4/649(2006.01),1
601857.SH,中国石油,G06F30/10(2020.01);G06F30/28(2020.01),1
601857.SH,中国石油,E21B34/12(2006.01),1
601857.SH,中国石油,C08F265/10(2006.01);C08F220/56(2006.01);C08F285/00(2006.01);C08F210/02(2006.01);C08F220/06(2006.01);C08F236/14(2006.01);C08F210/06(2006.01);H01M50/417(2021.01);H01G4/18(2006.01);H01G4/33(2006.01),1
601857.SH,中国石油,G06T17/00(2006.01);G06T7/11(2017.01);G06T7/136(2017.01);G06T5/70(2024.01);G06T15/87(2011.01),1
601857.SH,中国石油,E21B43/14(2006.01);E21B43/16(2006.01),1
601857.SH,中国石油,B08B3/10(2006.01);C02F1/40(2023.01);B08B13/00(2006.01);B08B3/14(2006.01),1
601857.SH,中国石油,B01D17/032(2006.01);C02F1/40(2023.01);C02F103/10(2006.01),1
603610.SH,麒盛科技,06-02(15),1
603801.SH,志邦家居,06-06(15),2
603801.SH,志邦家居,06-04(15),2
603816.SH,顾家家居,06-09(15),1
688029.SH,南微医学,24-02(15),1
688037.SH,芯源微,15-05(15),1
688322.SH,奥比中光-UW,16-01(15),3
